Date,Snapshot,Player,Team,Pitcher,BestBook,BestOdds,ModelProb,RawModelProb,Edge,Confidence,Grade,Tier,TopEdgeRank,TopProbRank,Stake,Play,Result,Profit
2026-05-30,,Riley Greene,Detroit Tigers,Anthony Kay,DraftKings,640,0.2162,0.0723,0.0811,78,B,,,,1.0,YES 🔥,,
2026-05-30,,Ty France,San Diego Padres,Foster Griffin,DraftKings,661,0.2119,0.0709,0.0805,78,B,,,,1.0,YES 🔥,,
2026-05-30,,Paul Goldschmidt,New York Yankees,J.T. Ginn,DraftKings,639,0.2135,0.0714,0.0782,77,B,,,,1.0,YES 🔥,,
2026-05-30,,Rafael Devers,San Francisco Giants,Ryan Feltner,DraftKings,643,0.2119,0.0709,0.0773,77,B,,,,1.0,YES 🔥,,
2026-05-30,,Connor Norby,Miami Marlins,Christian Scott,BetMGM,638,0.2119,0.0709,0.0764,77,B,,,,1.0,YES 🔥,,
2026-05-30,,JJ Wetherholt,St. Louis Cardinals,Ben Brown,DraftKings,635,0.2119,0.0709,0.0758,77,B,,,,1.0,YES 🔥,,
2026-05-30,,Michael Massey,Kansas City Royals,Kumar Rocker,FanDuel,633,0.2119,0.0709,0.0755,77,B,,,,1.0,YES 🔥,,
2026-05-30,,Ketel Marte,Arizona Diamondbacks,Bryan Woo,DraftKings,621,0.2119,0.0709,0.0732,77,B,,,,1.0,YES 🔥,,
2026-05-30,,Jared Young,New York Mets,Tyler Phillips,DraftKings,620,0.2119,0.0709,0.073,77,B,,,,1.0,YES 🔥,,
2026-05-30,,Chase Meidroth,Chicago White Sox,Framber Valdez,BetMGM,615,0.2119,0.0709,0.072,77,B,,,,1.0,YES 🔥,,
2026-05-30,,Jackson Holliday,Baltimore Orioles,Trey Yesavage,DraftKings,593,0.2163,0.0724,0.072,77,B,,,,1.0,YES 🔥,,
2026-05-30,,Connor Norby,Miami Marlins,Christian Scott,FanDuel,611,0.2119,0.0709,0.0712,76,B,,,,1.0,YES 🔥,,
2026-05-30,,Jared Young,New York Mets,Tyler Phillips,FanDuel,607,0.2119,0.0709,0.0704,76,B,,,,1.0,YES 🔥,,
2026-05-30,,Cole Young,Seattle Mariners,Ryne Nelson,BetMGM,605,0.2119,0.0709,0.07,76,B,,,,1.0,YES 🔥,,
2026-05-30,,TJ Rumfield,Colorado Rockies,Adrian Houser,DraftKings,601,0.212,0.0709,0.0694,76,B,,,,1.0,YES 🔥,,
2026-05-30,,Miguel Vargas,Chicago White Sox,Framber Valdez,FanDuel,637,0.2049,0.0709,0.0692,73,B,,,,0.5,YES 🔥,,
2026-05-30,,Nick Kurtz,Athletics,Ryan Weathers,BetMGM,637,0.2049,0.0709,0.0692,73,B,,,,0.5,YES 🔥,,
2026-05-30,,Ozzie Albies,Atlanta Braves,Brady Singer,FanDuel,591,0.2119,0.0709,0.0672,76,B,,,,1.0,YES 🔥,,
2026-05-30,,Sal Stewart,Cincinnati Reds,Martín Pérez,BetMGM,629,0.2043,0.0707,0.0671,72,B,,,,0.5,YES 🔥,,
2026-05-30,,Brandon Lowe,Pittsburgh Pirates,Bailey Ober,FanDuel,589,0.2119,0.0709,0.0667,76,B,,,,1.0,YES 🔥,,
2026-05-30,,Rhys Hoskins,Cleveland Guardians,Sonny Gray,DraftKings,587,0.2119,0.0709,0.0663,76,B,,,,1.0,YES 🔥,,
2026-05-30,,Charles McAdoo,Toronto Blue Jays,Brandon Young,DraftKings,575,0.213,0.0713,0.0649,76,B,,,,1.0,YES 🔥,,
2026-05-30,,Brice Turang,Milwaukee Brewers,Peter Lambert,DraftKings,573,0.2129,0.0712,0.0643,76,B,,,,1.0,YES 🔥,,
2026-05-30,,Chad Stevens,Colorado Rockies,Adrian Houser,BetMGM,645,0.1974,0.0707,0.0632,68,B,,,,0.5,YES 🔥,,
2026-05-30,,Kyle Higashioka,Texas Rangers,Seth Lugo,FanDuel,649,0.1961,0.0715,0.0626,66,B,,,,0.5,YES 🔥,,
2026-05-30,,Tristan Gray,Minnesota Twins,Mitch Keller,DraftKings,637,0.198,0.0709,0.0623,68,B,,,,0.5,YES 🔥,,
2026-05-30,,Willson Contreras,Boston Red Sox,Parker Messick,DraftKings,560,0.2132,0.0713,0.0617,75,B,,,,1.0,YES 🔥,,
2026-05-30,,Isaac Paredes,Houston Astros,Brandon Sproat,FanDuel,561,0.2119,0.0709,0.0606,75,B,,,,1.0,YES 🔥,,
2026-05-30,,Christian Walker,Houston Astros,Brandon Sproat,BetMGM,593,0.2049,0.0709,0.0606,71,B,,,,0.5,YES 🔥,,
2026-05-30,,Elly De La Cruz,Cincinnati Reds,Martín Pérez,FanDuel,630,0.1973,0.0707,0.0604,68,B,,,,0.5,YES 🔥,,
2026-05-30,,Jonathan Aranda,Tampa Bay Rays,Reid Detmers,FanDuel,590,0.2049,0.0709,0.06,71,B,,,,0.5,YES 🔥,,
2026-05-30,,Max Muncy,Los Angeles Dodgers,Jesús Luzardo,DraftKings,628,0.1973,0.0706,0.0599,68,B,,,,0.5,YES 🔥,,
2026-05-30,,Richie Palacios,Tampa Bay Rays,Reid Detmers,BetMGM,619,0.198,0.0709,0.0589,68,B,,,,0.5,YES 🔥,,
2026-05-30,,J.C. Escarra,New York Yankees,J.T. Ginn,DraftKings,625,0.196,0.0714,0.0581,66,B,,,,0.5,YES 🔥,,
2026-05-30,,Brandon Lowe,Pittsburgh Pirates,Bailey Ober,BetMGM,550,0.2119,0.0709,0.058,75,B,,,,1.0,YES 🔥,,
2026-05-30,,Luis Rengifo,Milwaukee Brewers,Peter Lambert,BetMGM,598,0.2013,0.0721,0.058,64,C,,,,0.5,YES 🔥,,
2026-05-30,,Bryson Stott,Philadelphia Phillies,Roki Sasaki,BetMGM,605,0.1992,0.0713,0.0574,67,B,,,,0.5,YES 🔥,,
2026-05-30,,Curtis Mead,Washington Nationals,Michael King,FanDuel,546,0.2119,0.0709,0.0571,75,B,,,,1.0,YES 🔥,,
2026-05-30,,Zach McKinstry,Detroit Tigers,Anthony Kay,DraftKings,587,0.2023,0.0724,0.0567,68,B,,,,0.5,YES 🔥,,
2026-05-30,,Rafael Marchán,Philadelphia Phillies,Roki Sasaki,DraftKings,568,0.2062,0.0713,0.0565,71,B,,,,0.5,YES 🔥,,
2026-05-30,,Samuel Basallo,Baltimore Orioles,Trey Yesavage,BetMGM,600,0.1985,0.0724,0.0557,66,B,,,,0.5,YES 🔥,,
2026-05-30,,Michael Busch,Chicago Cubs,Kyle Leahy,BetMGM,546,0.2049,0.0709,0.0501,70,B,,,,0.5,YES 🔥,,
2026-05-30,,Tristan Gray,Minnesota Twins,Mitch Keller,BetMGM,569,0.198,0.0709,0.0485,66,B,,,,0.5,YES 🔥,,
2026-05-30,,Kyle Higashioka,Texas Rangers,Seth Lugo,BetMGM,573,0.1961,0.0715,0.0475,64,B,,,,0.5,YES 🔥,,
2026-05-30,,Adam Frazier,Los Angeles Angels,Drew Rasmussen,BetMGM,507,0.2049,0.0709,0.0402,69,B,,,,0.5,YES 🔥,,
2026-05-30,,Nick Loftin,Kansas City Royals,Kumar Rocker,DraftKings,533,0.198,0.0709,0.04,65,B,,,,0.5,YES 🔥,,
2026-05-30,,JJ Wetherholt,St. Louis Cardinals,Ben Brown,BetMGM,452,0.2119,0.0709,0.0307,72,B,,,,0.5,YES 🔥,,
2026-05-30,,Ildemaro Vargas,Arizona Diamondbacks,Bryan Woo,BetMGM,646,0.2049,0.0709,0.0709,73,B,,,,0.0,NO,,
2026-05-30,,Alec Burleson,St. Louis Cardinals,Ben Brown,FanDuel,626,0.2049,0.0709,0.0672,72,B,,,,0.0,NO,,
2026-05-30,,Spencer Horwitz,Pittsburgh Pirates,Bailey Ober,FanDuel,609,0.2049,0.0709,0.0639,72,B,,,,0.0,NO,,
2026-05-30,,Edgar Quero,Chicago White Sox,Framber Valdez,FanDuel,641,0.198,0.0709,0.063,68,B,,,,0.0,NO,,
2026-05-30,,Spencer Torkelson,Detroit Tigers,Anthony Kay,BetMGM,618,0.2021,0.0723,0.0628,68,B,,,,0.0,NO,,
2026-05-30,,Matt McLain,Cincinnati Reds,Martín Pérez,BetMGM,573,0.2112,0.0707,0.0626,75,B,,,,0.0,NO,,
2026-05-30,,Pedro Ramírez,Chicago Cubs,Kyle Leahy,DraftKings,634,0.198,0.0709,0.0617,68,B,,,,0.0,NO,,
2026-05-30,,Nolan Arenado,Arizona Diamondbacks,Bryan Woo,FanDuel,629,0.198,0.0709,0.0608,68,B,,,,0.0,NO,,
2026-05-30,,Dillon Dingler,Detroit Tigers,Anthony Kay,BetMGM,623,0.1985,0.0723,0.0602,66,B,,,,0.0,NO,,
2026-05-30,,Jazz Chisholm Jr.,New York Yankees,J.T. Ginn,FanDuel,613,0.1995,0.0714,0.0592,68,B,,,,0.0,NO,,
2026-05-30,,Miguel Amaya,Chicago Cubs,Kyle Leahy,BetMGM,637,0.1945,0.0709,0.0588,66,B,,,,0.0,NO,,
2026-05-30,,Alika Williams,Athletics,Ryan Weathers,FanDuel,548,0.2119,0.0709,0.0576,75,B,,,,0.0,NO,,
2026-05-30,,Matt Vierling,Detroit Tigers,Anthony Kay,DraftKings,559,0.2092,0.0723,0.0574,71,B,,,,0.0,NO,,
2026-05-30,,Henry Davis,Pittsburgh Pirates,Bailey Ober,BetMGM,629,0.1945,0.0709,0.0573,66,B,,,,0.0,NO,,
2026-05-30,,Daniel Susac,San Francisco Giants,Ryan Feltner,DraftKings,662,0.1876,0.0709,0.0563,62,B,,,,0.0,NO,,
2026-05-30,,Shea Langeliers,Athletics,Ryan Weathers,DraftKings,623,0.1945,0.0709,0.0562,65,B,,,,0.0,NO,,
2026-05-30,,Mark Vientos,New York Mets,Tyler Phillips,DraftKings,605,0.198,0.0709,0.0561,67,B,,,,0.0,NO,,
2026-05-30,,Kyle Manzardo,Cleveland Guardians,Sonny Gray,FanDuel,569,0.2049,0.0709,0.0555,71,B,,,,0.0,NO,,
2026-05-30,,Jazz Chisholm Jr.,New York Yankees,J.T. Ginn,DraftKings,592,0.1995,0.0714,0.055,67,B,,,,0.0,NO,,
2026-05-30,,Rhys Hoskins,Cleveland Guardians,Sonny Gray,BetMGM,537,0.2119,0.0709,0.0549,75,B,,,,0.0,NO,,
2026-05-30,,Christian Walker,Houston Astros,Brandon Sproat,FanDuel,565,0.2049,0.0709,0.0546,71,B,,,,0.0,NO,,
2026-05-30,,Chad Stevens,Colorado Rockies,Adrian Houser,FanDuel,595,0.1981,0.0709,0.0542,67,B,,,,0.0,NO,,
2026-05-30,,Sebastián Rivero,Los Angeles Angels,Drew Rasmussen,BetMGM,609,0.1945,0.0709,0.0535,65,B,,,,0.0,NO,,
2026-05-30,,Carson Kelly,Chicago Cubs,Kyle Leahy,FanDuel,646,0.1876,0.0709,0.0535,61,B,,,,0.0,NO,,
2026-05-30,,Travis Bazzana,Cleveland Guardians,Sonny Gray,DraftKings,590,0.198,0.0709,0.0531,67,B,,,,0.0,NO,,
2026-05-30,,Austin Riley,Atlanta Braves,Brady Singer,DraftKings,590,0.198,0.0709,0.0531,67,B,,,,0.0,NO,,
2026-05-30,,Patrick Bailey,Cleveland Guardians,Sonny Gray,DraftKings,605,0.1945,0.0709,0.0527,65,B,,,,0.0,NO,,
2026-05-30,,Christian Vázquez,Houston Astros,Brandon Sproat,DraftKings,641,0.1876,0.0709,0.0526,61,B,,,,0.0,NO,,
2026-05-30,,Vinnie Pasquantino,Kansas City Royals,Kumar Rocker,FanDuel,555,0.2049,0.0709,0.0523,70,B,,,,0.0,NO,,
2026-05-30,,Liam Hicks,Miami Marlins,Christian Scott,BetMGM,603,0.1945,0.0709,0.0523,65,B,,,,0.0,NO,,
2026-05-30,,Adam Frazier,Los Angeles Angels,Drew Rasmussen,FanDuel,554,0.2049,0.0709,0.052,70,B,,,,0.0,NO,,
2026-05-30,,Christopher Morel,Miami Marlins,Christian Scott,DraftKings,553,0.2049,0.0709,0.0518,70,B,,,,0.0,NO,,
2026-05-30,,Jake Rogers,Detroit Tigers,Anthony Kay,BetMGM,580,0.1987,0.0724,0.0517,65,B,,,,0.0,NO,,
2026-05-30,,Jesus Rodriguez,San Francisco Giants,Ryan Feltner,BetMGM,551,0.2049,0.0709,0.0513,70,B,,,,0.0,NO,,
2026-05-30,,Freddie Freeman,Los Angeles Dodgers,Jesús Luzardo,DraftKings,553,0.2042,0.0706,0.0511,70,B,,,,0.0,NO,,
2026-05-30,,Jhonny Pereda,Seattle Mariners,Ryne Nelson,DraftKings,629,0.1876,0.0709,0.0504,61,B,,,,0.0,NO,,
2026-05-30,,Javier Sanoja,Miami Marlins,Christian Scott,FanDuel,647,0.1824,0.0709,0.0485,58,B,,,,0.0,NO,,
2026-05-30,,Richie Palacios,Tampa Bay Rays,Reid Detmers,DraftKings,568,0.198,0.0709,0.0483,66,B,,,,0.0,NO,,
2026-05-30,,David Hamilton,Milwaukee Brewers,Peter Lambert,FanDuel,641,0.1832,0.0712,0.0483,58,B,,,,0.0,NO,,
2026-05-30,,Drew Millas,Washington Nationals,Michael King,DraftKings,617,0.1876,0.0709,0.0481,61,B,,,,0.0,NO,,
2026-05-30,,Amed Rosario,New York Yankees,J.T. Ginn,FanDuel,635,0.1837,0.0714,0.0477,58,B,,,,0.0,NO,,
2026-05-30,,Ha-Seong Kim,Atlanta Braves,Brady Singer,FanDuel,640,0.1824,0.0709,0.0472,58,B,,,,0.0,NO,,
2026-05-30,,Ben Rice,New York Yankees,J.T. Ginn,DraftKings,526,0.2065,0.0714,0.0468,70,B,,,,0.0,NO,,
2026-05-30,,Luis Arraez,San Francisco Giants,Ryan Feltner,FanDuel,561,0.198,0.0709,0.0467,66,B,,,,0.0,NO,,
2026-05-30,,Kody Clemens,Minnesota Twins,Mitch Keller,BetMGM,531,0.2049,0.0709,0.0465,70,B,,,,0.0,NO,,
2026-05-30,,Sal Stewart,Cincinnati Reds,Martín Pérez,DraftKings,534,0.2043,0.0707,0.0465,70,B,,,,0.0,NO,,
2026-05-30,,Nicky Lopez,Texas Rangers,Seth Lugo,DraftKings,628,0.1839,0.0715,0.0465,58,B,,,,0.0,NO,,
2026-05-30,,Adley Rutschman,Baltimore Orioles,Trey Yesavage,BetMGM,588,0.1914,0.0724,0.0461,61,B,,,,0.0,NO,,
2026-05-30,,Dalton Rushing,Los Angeles Dodgers,Jesús Luzardo,FanDuel,610,0.1869,0.0706,0.046,60,B,,,,0.0,NO,,
2026-05-30,,Jeremiah Jackson,Baltimore Orioles,Trey Yesavage,DraftKings,540,0.2021,0.0724,0.0458,66,B,,,,0.0,NO,,
2026-05-30,,Joe Mack,Miami Marlins,Christian Scott,DraftKings,603,0.1876,0.0709,0.0453,60,B,,,,0.0,NO,,
2026-05-30,,P.J. Higgins,Cincinnati Reds,Martín Pérez,FanDuel,606,0.187,0.0707,0.0453,60,B,,,,0.0,NO,,
2026-05-30,,Connor Wong,Boston Red Sox,Parker Messick,DraftKings,563,0.1957,0.0713,0.0449,64,B,,,,0.0,NO,,
2026-05-30,,Garrett Stubbs,Philadelphia Phillies,Roki Sasaki,DraftKings,590,0.1887,0.0713,0.0438,60,B,,,,0.0,NO,,
2026-05-30,,Edouard Julien,Colorado Rockies,Adrian Houser,BetMGM,620,0.1825,0.0709,0.0436,57,B,,,,0.0,NO,,
2026-05-30,,Chadwick Tromp,Atlanta Braves,Brady Singer,DraftKings,594,0.1876,0.0709,0.0435,60,B,,,,0.0,NO,,
2026-05-30,,Vladimir Guerrero Jr.,Toronto Blue Jays,Brandon Young,FanDuel,512,0.2061,0.0713,0.0427,69,B,,,,0.0,NO,,
2026-05-30,,Josh Naylor,Seattle Mariners,Ryne Nelson,DraftKings,515,0.2049,0.0709,0.0423,69,B,,,,0.0,NO,,
2026-05-30,,Kevin McGonigle,Detroit Tigers,Anthony Kay,BetMGM,570,0.1914,0.0723,0.0422,60,B,,,,0.0,NO,,
2026-05-30,,Blaze Alexander,Baltimore Orioles,Trey Yesavage,BetMGM,592,0.1861,0.0724,0.0416,57,B,,,,0.0,NO,,
2026-05-30,,Nick Fortes,Tampa Bay Rays,Reid Detmers,FanDuel,552,0.1945,0.0709,0.0411,64,B,,,,0.0,NO,,
2026-05-30,,Nasim Nuñez,Washington Nationals,Michael King,BetMGM,608,0.1824,0.0709,0.0411,57,B,,,,0.0,NO,,
2026-05-30,,Ha-Seong Kim,Atlanta Braves,Brady Singer,BetMGM,608,0.1824,0.0709,0.0411,57,B,,,,0.0,NO,,
2026-05-30,,César Salazar,Houston Astros,Brandon Sproat,FanDuel,551,0.1945,0.0709,0.0409,64,B,,,,0.0,NO,,
2026-05-30,,Kody Clemens,Minnesota Twins,Mitch Keller,DraftKings,509,0.2049,0.0709,0.0407,69,B,,,,0.0,NO,,
2026-05-30,,César Salazar,Houston Astros,Brandon Sproat,BetMGM,550,0.1945,0.0709,0.0407,64,B,,,,0.0,NO,,
2026-05-30,,Justin Foscue,Texas Rangers,Seth Lugo,DraftKings,528,0.1996,0.0715,0.0404,65,B,,,,0.0,NO,,
2026-05-30,,Alex Jackson,Minnesota Twins,Mitch Keller,DraftKings,579,0.1876,0.0709,0.0403,60,B,,,,0.0,NO,,
2026-05-30,,Geraldo Perdomo,Arizona Diamondbacks,Bryan Woo,DraftKings,602,0.1824,0.0709,0.0399,57,B,,,,0.0,NO,,
2026-05-30,,Jared Triolo,Pittsburgh Pirates,Bailey Ober,FanDuel,532,0.198,0.0709,0.0398,65,B,,,,0.0,NO,,
2026-05-30,,Spencer Torkelson,Detroit Tigers,Anthony Kay,DraftKings,488,0.2094,0.0724,0.0393,69,B,,,,0.0,NO,,
2026-05-30,,Austin Hedges,Cleveland Guardians,Sonny Gray,FanDuel,574,0.1876,0.0709,0.0392,60,B,,,,0.0,NO,,
2026-05-30,,Austin Wells,New York Yankees,J.T. Ginn,FanDuel,563,0.189,0.0714,0.0382,60,B,,,,0.0,NO,,
2026-05-30,,Brett Sullivan,Colorado Rockies,Adrian Houser,FanDuel,541,0.1939,0.0707,0.0379,63,B,,,,0.0,NO,,
2026-05-30,,Danny Jansen,Texas Rangers,Seth Lugo,FanDuel,560,0.1891,0.0715,0.0376,60,B,,,,0.0,NO,,
2026-05-30,,Jhonny Pereda,Seattle Mariners,Ryne Nelson,FanDuel,566,0.1876,0.0709,0.0374,59,B,,,,0.0,NO,,
2026-05-30,,Victor Caratini,Minnesota Twins,Mitch Keller,FanDuel,536,0.1945,0.0709,0.0373,63,B,,,,0.0,NO,,
2026-05-30,,Keibert Ruiz,Washington Nationals,Michael King,DraftKings,536,0.1945,0.0709,0.0373,63,B,,,,0.0,NO,,
2026-05-30,,Patrick Bailey,Cleveland Guardians,Sonny Gray,BetMGM,536,0.1945,0.0709,0.0373,63,B,,,,0.0,NO,,
2026-05-30,,Logan O'Hoppe,Los Angeles Angels,Drew Rasmussen,BetMGM,571,0.1859,0.0703,0.0369,70,B,,,,0.0,NO,,
2026-05-30,,Luis Rengifo,Milwaukee Brewers,Peter Lambert,DraftKings,508,0.2013,0.0721,0.0368,61,C,,,,0.0,NO,,
2026-05-30,,Andrew Vaughn,Milwaukee Brewers,Peter Lambert,DraftKings,530,0.1955,0.0712,0.0367,63,B,,,,0.0,NO,,
2026-05-30,,Braxton Fulford,Colorado Rockies,Adrian Houser,DraftKings,561,0.1877,0.0709,0.0364,59,B,,,,0.0,NO,,
2026-05-30,,Matt Chapman,San Francisco Giants,Ryan Feltner,BetMGM,583,0.1824,0.0709,0.0359,56,B,,,,0.0,NO,,
2026-05-30,,Victor Caratini,Minnesota Twins,Mitch Keller,BetMGM,530,0.1945,0.0709,0.0358,63,B,,,,0.0,NO,,
2026-05-30,,Sung-Mun Song,San Diego Padres,Foster Griffin,BetMGM,516,0.198,0.0709,0.0356,65,B,,,,0.0,NO,,
2026-05-30,,Pedro Ramírez,Chicago Cubs,Kyle Leahy,FanDuel,516,0.198,0.0709,0.0356,65,B,,,,0.0,NO,,
2026-05-30,,Paul Goldschmidt,New York Yankees,J.T. Ginn,BetMGM,461,0.2135,0.0714,0.0352,72,B,,,,0.0,NO,,
2026-05-30,,José Ramírez,Cleveland Guardians,Sonny Gray,BetMGM,576,0.1824,0.0709,0.0344,56,B,,,,0.0,NO,,
2026-05-30,,Zack Gelof,Athletics,Ryan Weathers,DraftKings,575,0.1824,0.0709,0.0342,56,B,,,,0.0,NO,,
2026-05-30,,Eric Wagaman,New York Mets,Tyler Phillips,FanDuel,485,0.2049,0.0709,0.034,68,B,,,,0.0,NO,,
2026-05-30,,Jared Triolo,Pittsburgh Pirates,Bailey Ober,DraftKings,507,0.198,0.0709,0.0332,64,B,,,,0.0,NO,,
2026-05-30,,Hunter Goodman,Colorado Rockies,Adrian Houser,DraftKings,484,0.2043,0.0707,0.0331,68,B,,,,0.0,NO,,
2026-05-30,,Jorge Mateo,Atlanta Braves,Brady Singer,DraftKings,647,0.1667,0.0709,0.0329,48,C,,,,0.0,NO,,
2026-05-30,,Luis Torrens,New York Mets,Tyler Phillips,BetMGM,518,0.1945,0.0709,0.0327,63,B,,,,0.0,NO,,
2026-05-30,,Tyler Heineman,Toronto Blue Jays,Brandon Young,BetMGM,512,0.1956,0.0713,0.0322,63,B,,,,0.0,NO,,
2026-05-30,,Marcelo Mayer,Boston Red Sox,Parker Messick,DraftKings,561,0.1835,0.0713,0.0322,56,B,,,,0.0,NO,,
2026-05-30,,Ryan McMahon,New York Yankees,J.T. Ginn,BetMGM,636,0.168,0.0714,0.0321,48,C,,,,0.0,NO,,
2026-05-30,,Nick Loftin,Kansas City Royals,Kumar Rocker,FanDuel,502,0.198,0.0709,0.0319,64,B,,,,0.0,NO,,
2026-05-30,,Kazuma Okamoto,Toronto Blue Jays,Brandon Young,DraftKings,560,0.1834,0.0713,0.0318,56,B,,,,0.0,NO,,
2026-05-30,,Mickey Gasper,Boston Red Sox,Parker Messick,BetMGM,472,0.2062,0.0713,0.0314,68,B,,,,0.0,NO,,
2026-05-30,,JJ Bleday,Cincinnati Reds,Martín Pérez,BetMGM,564,0.1818,0.0707,0.0312,56,B,,,,0.0,NO,,
2026-05-30,,Maikel Garcia,Kansas City Royals,Kumar Rocker,FanDuel,636,0.1667,0.0709,0.0309,47,C,,,,0.0,NO,,
2026-05-30,,Amed Rosario,New York Yankees,J.T. Ginn,BetMGM,554,0.1837,0.0714,0.0308,56,B,,,,0.0,NO,,
2026-05-30,,Will Smith,Los Angeles Dodgers,Jesús Luzardo,DraftKings,513,0.1938,0.0706,0.0307,62,B,,,,0.0,NO,,
2026-05-30,,Isiah Kiner-Falefa,Boston Red Sox,Parker Messick,DraftKings,493,0.1992,0.0713,0.0306,64,B,,,,0.0,NO,,
2026-05-30,,Christopher Morel,Miami Marlins,Christian Scott,BetMGM,472,0.2049,0.0709,0.0301,68,B,,,,0.0,NO,,
2026-05-30,,Elly De La Cruz,Cincinnati Reds,Martín Pérez,BetMGM,498,0.1973,0.0707,0.0301,64,B,,,,0.0,NO,,
2026-05-30,,Caleb Durbin,Boston Red Sox,Parker Messick,BetMGM,625,0.1678,0.0713,0.0298,47,C,,,,0.0,NO,,
2026-05-30,,Tyler Stephenson,Cincinnati Reds,Martín Pérez,FanDuel,509,0.1939,0.0707,0.0297,62,B,,,,0.0,NO,,
2026-05-30,,José Ramírez,Cleveland Guardians,Sonny Gray,FanDuel,555,0.1824,0.0709,0.0297,56,B,,,,0.0,NO,,
2026-05-30,,Jake Burger,Texas Rangers,Seth Lugo,FanDuel,465,0.2066,0.0715,0.0296,68,B,,,,0.0,NO,,
2026-05-30,,J.T. Realmuto,Philadelphia Phillies,Roki Sasaki,FanDuel,502,0.1957,0.0713,0.0296,62,B,,,,0.0,NO,,
2026-05-30,,David Hamilton,Milwaukee Brewers,Peter Lambert,BetMGM,551,0.1832,0.0712,0.0296,56,B,,,,0.0,NO,,
2026-05-30,,P.J. Higgins,Cincinnati Reds,Martín Pérez,DraftKings,535,0.187,0.0707,0.0295,58,B,,,,0.0,NO,,
2026-05-30,,Henry Davis,Pittsburgh Pirates,Bailey Ober,FanDuel,505,0.1945,0.0709,0.0292,62,B,,,,0.0,NO,,
2026-05-30,,Colt Emerson,Seattle Mariners,Ryne Nelson,BetMGM,490,0.198,0.0709,0.0285,64,B,,,,0.0,NO,,
2026-05-30,,Vaughn Grissom,Los Angeles Angels,Drew Rasmussen,DraftKings,549,0.1824,0.0709,0.0283,56,B,,,,0.0,NO,,
2026-05-30,,Edmundo Sosa,Philadelphia Phillies,Roki Sasaki,DraftKings,544,0.1835,0.0713,0.0282,56,B,,,,0.0,NO,,
2026-05-30,,Josh Jung,Texas Rangers,Seth Lugo,DraftKings,614,0.1681,0.0715,0.028,47,C,,,,0.0,NO,,
2026-05-30,,Xavier Edwards,Miami Marlins,Christian Scott,DraftKings,484,0.199,0.0713,0.0278,84,B,,,,0.0,NO,,
2026-05-30,,Nick Sogard,Boston Red Sox,Parker Messick,DraftKings,662,0.159,0.0713,0.0278,43,C,,,,0.0,NO,,
2026-05-30,,Brandon Valenzuela,Toronto Blue Jays,Brandon Young,BetMGM,521,0.1886,0.0713,0.0276,58,B,,,,0.0,NO,,
2026-05-30,,Andrew Vaughn,Milwaukee Brewers,Peter Lambert,FanDuel,494,0.1955,0.0712,0.0271,62,B,,,,0.0,NO,,
2026-05-30,,Luisangel Acuña,Chicago White Sox,Framber Valdez,DraftKings,616,0.1667,0.0709,0.0271,47,C,,,,0.0,NO,,
2026-05-30,,Tyler Heineman,Toronto Blue Jays,Brandon Young,FanDuel,493,0.1956,0.0713,0.0269,62,B,,,,0.0,NO,,
2026-05-30,,Matt McLain,Cincinnati Reds,Martín Pérez,FanDuel,441,0.2112,0.0707,0.0264,71,B,,,,0.0,NO,,
2026-05-30,,Brandon Valenzuela,Toronto Blue Jays,Brandon Young,DraftKings,516,0.1886,0.0713,0.0263,58,B,,,,0.0,NO,,
2026-05-30,,Jorbit Vivas,Washington Nationals,Michael King,FanDuel,612,0.1667,0.0709,0.0263,47,C,,,,0.0,NO,,
2026-05-30,,Tim Tawa,Arizona Diamondbacks,Bryan Woo,BetMGM,611,0.1667,0.0709,0.0261,47,C,,,,0.0,NO,,
2026-05-30,,Alika Williams,Athletics,Ryan Weathers,BetMGM,437,0.2119,0.0709,0.0257,71,B,,,,0.0,NO,,
2026-05-30,,Jake Bauers,Milwaukee Brewers,Peter Lambert,BetMGM,455,0.2059,0.0712,0.0257,67,B,,,,0.0,NO,,
2026-05-30,,Marcus Semien,New York Mets,Tyler Phillips,FanDuel,538,0.1824,0.0709,0.0256,55,B,,,,0.0,NO,,
2026-05-30,,Spencer Horwitz,Pittsburgh Pirates,Bailey Ober,BetMGM,456,0.2049,0.0709,0.0251,67,B,,,,0.0,NO,,
2026-05-30,,Alec Burleson,St. Louis Cardinals,Ben Brown,BetMGM,456,0.2049,0.0709,0.0251,67,B,,,,0.0,NO,,
2026-05-30,,Zack Gelof,Athletics,Ryan Weathers,FanDuel,536,0.1824,0.0709,0.0251,55,B,,,,0.0,NO,,
2026-05-30,,Endy Rodríguez,Pittsburgh Pirates,Bailey Ober,DraftKings,515,0.1876,0.0709,0.025,58,B,,,,0.0,NO,,
2026-05-30,,Carlos Narváez,Boston Red Sox,Parker Messick,FanDuel,510,0.1887,0.0713,0.0248,58,B,,,,0.0,NO,,
2026-05-30,,Jorge Mateo,Atlanta Braves,Brady Singer,FanDuel,603,0.1667,0.0709,0.0245,47,C,,,,0.0,NO,,
2026-05-30,,Luis Torrens,New York Mets,Tyler Phillips,DraftKings,488,0.1945,0.0709,0.0244,62,B,,,,0.0,NO,,
2026-05-30,,Jackson Holliday,Baltimore Orioles,Trey Yesavage,FanDuel,421,0.2163,0.0724,0.0243,71,B,,,,0.0,NO,,
2026-05-30,,Ian Happ,Chicago Cubs,Kyle Leahy,BetMGM,647,0.158,0.0709,0.0242,42,C,,,,0.0,NO,,
2026-05-30,,Gavin Sheets,San Diego Padres,Foster Griffin,DraftKings,453,0.2049,0.0709,0.0241,67,B,,,,0.0,NO,,
2026-05-30,,J.T. Realmuto,Philadelphia Phillies,Roki Sasaki,DraftKings,481,0.1957,0.0713,0.0236,62,B,,,,0.0,NO,,
2026-05-30,,TJ Rumfield,Colorado Rockies,Adrian Houser,BetMGM,432,0.2113,0.0707,0.0233,71,B,,,,0.0,NO,,
2026-05-30,,Orlando Arcia,Minnesota Twins,Mitch Keller,BetMGM,597,0.1667,0.0709,0.0233,47,C,,,,0.0,NO,,
2026-05-30,,Gabriel Moreno,Arizona Diamondbacks,Bryan Woo,FanDuel,482,0.1945,0.0709,0.0227,61,B,,,,0.0,NO,,
2026-05-30,,Aramis Garcia,Arizona Diamondbacks,Bryan Woo,DraftKings,505,0.1876,0.0709,0.0223,58,B,,,,0.0,NO,,
2026-05-30,,Oliver Dunn,Tampa Bay Rays,Reid Detmers,BetMGM,589,0.1667,0.0709,0.0216,46,C,,,,0.0,NO,,
2026-05-30,,Sandy León,Atlanta Braves,Brady Singer,BetMGM,477,0.1945,0.0709,0.0212,61,B,,,,0.0,NO,,
2026-05-30,,Chase Meidroth,Chicago White Sox,Framber Valdez,FanDuel,501,0.1876,0.0709,0.0212,57,B,,,,0.0,NO,,
2026-05-30,,Eric Wagaman,New York Mets,Tyler Phillips,DraftKings,444,0.2049,0.0709,0.0211,67,B,,,,0.0,NO,,
2026-05-30,,Jeremy Peña,Houston Astros,Brandon Sproat,FanDuel,520,0.1824,0.0709,0.0211,55,B,,,,0.0,NO,,
2026-05-30,,Willson Contreras,Boston Red Sox,Parker Messick,BetMGM,420,0.2132,0.0713,0.0209,71,B,,,,0.0,NO,,
2026-05-30,,Luis Arraez,San Francisco Giants,Ryan Feltner,DraftKings,464,0.198,0.0709,0.0207,63,B,,,,0.0,NO,,
2026-05-30,,Nick Allen,Houston Astros,Brandon Sproat,DraftKings,585,0.1667,0.0709,0.0207,46,C,,,,0.0,NO,,
2026-05-30,,Angel Martínez,Cleveland Guardians,Sonny Gray,BetMGM,628,0.158,0.0709,0.0207,42,C,,,,0.0,NO,,
2026-05-30,,Sam Antonacci,Chicago White Sox,Framber Valdez,BetMGM,582,0.1667,0.0709,0.0201,46,C,,,,0.0,NO,,
2026-05-30,,Manny Machado,San Diego Padres,Foster Griffin,DraftKings,515,0.1824,0.0709,0.0198,55,B,,,,0.0,NO,,
2026-05-30,,Daulton Varsho,Toronto Blue Jays,Brandon Young,BetMGM,647,0.1537,0.0713,0.0198,39,D,,,,0.0,NO,,
2026-05-30,,Ryan Waldschmidt,Arizona Diamondbacks,Bryan Woo,BetMGM,651,0.1528,0.0709,0.0197,39,D,,,,0.0,NO,,
2026-05-30,,Alex Call,Los Angeles Dodgers,Jesús Luzardo,BetMGM,654,0.1523,0.0706,0.0197,39,D,,,,0.0,NO,,
2026-05-30,,Willi Castro,Colorado Rockies,Adrian Houser,DraftKings,582,0.1662,0.0707,0.0196,46,C,,,,0.0,NO,,
2026-05-30,,Colt Keith,Detroit Tigers,Anthony Kay,FanDuel,497,0.1863,0.0724,0.0188,55,B,,,,0.0,NO,,
2026-05-30,,Kazuma Okamoto,Toronto Blue Jays,Brandon Young,FanDuel,507,0.1834,0.0713,0.0186,54,C,,,,0.0,NO,,
2026-05-30,,Ezequiel Tovar,Colorado Rockies,Adrian Houser,DraftKings,643,0.1529,0.0709,0.0183,39,D,,,,0.0,NO,,
2026-05-30,,Gage Workman,Detroit Tigers,Anthony Kay,FanDuel,557,0.1703,0.0724,0.0181,46,C,,,,0.0,NO,,
2026-05-30,,Vinnie Pasquantino,Kansas City Royals,Kumar Rocker,BetMGM,435,0.2049,0.0709,0.018,66,B,,,,0.0,NO,,
2026-05-30,,Joey Ortiz,Milwaukee Brewers,Peter Lambert,FanDuel,567,0.1675,0.0712,0.0176,46,C,,,,0.0,NO,,
2026-05-30,,Daniel Schneemann,Cleveland Guardians,Sonny Gray,BetMGM,639,0.1528,0.0709,0.0175,38,D,,,,0.0,NO,,
2026-05-30,,Darell Hernaiz,Athletics,Ryan Weathers,DraftKings,569,0.1667,0.0709,0.0172,46,C,,,,0.0,NO,,
2026-05-30,,Mookie Betts,Los Angeles Dodgers,Jesús Luzardo,DraftKings,598,0.1604,0.0719,0.0171,61,B,,,,0.0,NO,,
2026-05-30,,Gunnar Henderson,Baltimore Orioles,Trey Yesavage,DraftKings,620,0.156,0.0724,0.0171,39,D,,,,0.0,NO,,
2026-05-30,,Drew Millas,Washington Nationals,Michael King,FanDuel,486,0.1876,0.0709,0.0169,57,B,,,,0.0,NO,,
2026-05-30,,Logan O'Hoppe,Los Angeles Angels,Drew Rasmussen,FanDuel,491,0.1859,0.0703,0.0167,67,B,,,,0.0,NO,,
2026-05-30,,Caleb Durbin,Boston Red Sox,Parker Messick,DraftKings,562,0.1678,0.0713,0.0167,46,C,,,,0.0,NO,,
2026-05-30,,Munetaka Murakami,Chicago White Sox,Framber Valdez,BetMGM,431,0.2049,0.0709,0.0166,66,B,,,,0.0,NO,,
2026-05-30,,Josh Naylor,Seattle Mariners,Ryne Nelson,FanDuel,431,0.2049,0.0709,0.0166,66,B,,,,0.0,NO,,
2026-05-30,,Jorge Barrosa,Arizona Diamondbacks,Bryan Woo,DraftKings,607,0.158,0.0709,0.0166,41,C,,,,0.0,NO,,
2026-05-30,,Christian Vázquez,Houston Astros,Brandon Sproat,BetMGM,484,0.1876,0.0709,0.0163,57,B,,,,0.0,NO,,
2026-05-30,,Ezequiel Duran,Texas Rangers,Seth Lugo,DraftKings,405,0.2136,0.0715,0.0156,70,B,,,,0.0,NO,,
2026-05-30,,Donovan Walton,Los Angeles Angels,Drew Rasmussen,DraftKings,409,0.2119,0.0709,0.0154,70,B,,,,0.0,NO,,
2026-05-30,,Nick Madrigal,Los Angeles Angels,Drew Rasmussen,BetMGM,560,0.1667,0.0709,0.0152,46,C,,,,0.0,NO,,
2026-05-30,,Nico Hoerner,Chicago Cubs,Kyle Leahy,FanDuel,408,0.2119,0.0709,0.015,70,B,,,,0.0,NO,,
2026-05-30,,Luis García Jr.,Washington Nationals,Michael King,DraftKings,445,0.198,0.0709,0.0145,62,B,,,,0.0,NO,,
2026-05-30,,Ernie Clement,Toronto Blue Jays,Brandon Young,BetMGM,441,0.1991,0.0713,0.0142,62,B,,,,0.0,NO,,
2026-05-30,,Mike Yastrzemski,Atlanta Braves,Brady Singer,DraftKings,621,0.1528,0.0709,0.0141,38,D,,,,0.0,NO,,
2026-05-30,,Bryson Stott,Philadelphia Phillies,Roki Sasaki,DraftKings,440,0.1992,0.0713,0.014,62,B,,,,0.0,NO,,
2026-05-30,,Andrew Benintendi,Chicago White Sox,Framber Valdez,BetMGM,594,0.158,0.0709,0.014,41,C,,,,0.0,NO,,
2026-05-30,,Isaac Paredes,Houston Astros,Brandon Sproat,BetMGM,405,0.2119,0.0709,0.0139,70,B,,,,0.0,NO,,
2026-05-30,,Hayden Senger,New York Mets,Tyler Phillips,BetMGM,474,0.1876,0.0709,0.0134,57,B,,,,0.0,NO,,
2026-05-30,,Luke Keaschall,Minnesota Twins,Mitch Keller,BetMGM,403,0.2119,0.0709,0.0131,70,B,,,,0.0,NO,,
2026-05-30,,Pete Crow-Armstrong,Chicago Cubs,Kyle Leahy,BetMGM,615,0.1528,0.0709,0.013,38,D,,,,0.0,NO,,
2026-05-30,,Kyle Karros,Colorado Rockies,Adrian Houser,BetMGM,588,0.1581,0.0709,0.0128,41,C,,,,0.0,NO,,
2026-05-30,,Alex Bregman,Chicago Cubs,Kyle Leahy,BetMGM,489,0.1824,0.0709,0.0126,54,C,,,,0.0,NO,,
2026-05-30,,Daylen Lile,Washington Nationals,Michael King,BetMGM,612,0.1528,0.0709,0.0124,38,D,,,,0.0,NO,,
2026-05-30,,Nick Kurtz,Athletics,Ryan Weathers,DraftKings,419,0.2049,0.0709,0.0123,66,B,,,,0.0,NO,,
2026-05-30,,Alex Bregman,Chicago Cubs,Kyle Leahy,DraftKings,488,0.1824,0.0709,0.0123,54,C,,,,0.0,NO,,
2026-05-30,,Braxton Fulford,Colorado Rockies,Adrian Houser,FanDuel,472,0.187,0.0707,0.0122,56,B,,,,0.0,NO,,
2026-05-30,,Ben Williamson,Tampa Bay Rays,Reid Detmers,BetMGM,399,0.2119,0.0709,0.0115,69,B,,,,0.0,NO,,
2026-05-30,,José Fermín,St. Louis Cardinals,Ben Brown,DraftKings,544,0.1667,0.0709,0.0114,45,C,,,,0.0,NO,,
2026-05-30,,Xander Bogaerts,San Diego Padres,Foster Griffin,BetMGM,544,0.1667,0.0709,0.0114,45,C,,,,0.0,NO,,
2026-05-30,,Brice Turang,Milwaukee Brewers,Peter Lambert,BetMGM,396,0.2129,0.0712,0.0113,69,B,,,,0.0,NO,,
2026-05-30,,J.P. Crawford,Seattle Mariners,Ryne Nelson,FanDuel,543,0.1667,0.0709,0.0112,45,C,,,,0.0,NO,,
2026-05-30,,Jose Siri,Los Angeles Angels,Drew Rasmussen,BetMGM,606,0.1528,0.0709,0.0112,38,D,,,,0.0,NO,,
2026-05-30,,Nolan Gorman,St. Louis Cardinals,Ben Brown,DraftKings,434,0.198,0.0709,0.0107,62,B,,,,0.0,NO,,
2026-05-30,,Nick Fortes,Tampa Bay Rays,Reid Detmers,BetMGM,444,0.1945,0.0709,0.0107,60,B,,,,0.0,NO,,
2026-05-30,,Konnor Griffin,Pittsburgh Pirates,Bailey Ober,BetMGM,541,0.1667,0.0709,0.0107,45,C,,,,0.0,NO,,
2026-05-30,,Alex Call,Los Angeles Dodgers,Jesús Luzardo,FanDuel,605,0.1523,0.0706,0.0104,38,D,,,,0.0,NO,,
2026-05-30,,Adley Rutschman,Baltimore Orioles,Trey Yesavage,DraftKings,452,0.1914,0.0724,0.0103,56,B,,,,0.0,NO,,
2026-05-30,,Jorge Barrosa,Arizona Diamondbacks,Bryan Woo,FanDuel,577,0.158,0.0709,0.0103,40,C,,,,0.0,NO,,
2026-05-30,,Charles McAdoo,Toronto Blue Jays,Brandon Young,FanDuel,393,0.213,0.0713,0.0102,69,B,,,,0.0,NO,,
2026-05-30,,William Contreras,Milwaukee Brewers,Peter Lambert,BetMGM,461,0.1885,0.0712,0.0102,56,B,,,,0.0,NO,,
2026-05-30,,Ben Rice,New York Yankees,J.T. Ginn,BetMGM,409,0.2065,0.0714,0.01,66,B,,,,0.0,NO,,
2026-05-30,,Andrés Chaparro,Washington Nationals,Michael King,BetMGM,413,0.2049,0.0709,0.01,65,B,,,,0.0,NO,,
2026-05-30,,Freddy Fermin,San Diego Padres,Foster Griffin,DraftKings,463,0.1876,0.0709,0.0099,56,B,,,,0.0,NO,,
2026-05-30,,Dillon Dingler,Detroit Tigers,Anthony Kay,DraftKings,450,0.1916,0.0724,0.0098,56,B,,,,0.0,NO,,
2026-05-30,,Kyle Karros,Colorado Rockies,Adrian Houser,DraftKings,575,0.1576,0.0707,0.0094,40,C,,,,0.0,NO,,
2026-05-30,,Austin Wells,New York Yankees,J.T. Ginn,DraftKings,456,0.189,0.0714,0.0091,56,B,,,,0.0,NO,,
2026-05-30,,Jeremiah Jackson,Baltimore Orioles,Trey Yesavage,BetMGM,418,0.2021,0.0724,0.009,62,B,,,,0.0,NO,,
2026-05-30,,Chadwick Tromp,Atlanta Braves,Brady Singer,BetMGM,459,0.1876,0.0709,0.0087,56,B,,,,0.0,NO,,
2026-05-30,,Will Smith,Los Angeles Dodgers,Jesús Luzardo,BetMGM,440,0.1938,0.0706,0.0086,60,B,,,,0.0,NO,,
2026-05-30,,Coby Mayo,Baltimore Orioles,Trey Yesavage,DraftKings,518,0.1702,0.0724,0.0084,45,C,,,,0.0,NO,,
2026-05-30,,Willi Castro,Colorado Rockies,Adrian Houser,FanDuel,531,0.1668,0.0709,0.0084,45,C,,,,0.0,NO,,
2026-05-30,,Ildemaro Vargas,Arizona Diamondbacks,Bryan Woo,DraftKings,408,0.2049,0.0709,0.0081,65,B,,,,0.0,NO,,
2026-05-30,,Ian Happ,Chicago Cubs,Kyle Leahy,DraftKings,567,0.158,0.0709,0.0081,40,C,,,,0.0,NO,,
2026-05-30,,Marcelo Mayer,Boston Red Sox,Parker Messick,BetMGM,470,0.1835,0.0713,0.008,53,C,,,,0.0,NO,,
2026-05-30,,Trea Turner,Philadelphia Phillies,Roki Sasaki,DraftKings,560,0.159,0.0713,0.0075,40,C,,,,0.0,NO,,
2026-05-30,,Daniel Susac,San Francisco Giants,Ryan Feltner,FanDuel,455,0.1876,0.0709,0.0074,56,B,,,,0.0,NO,,
2026-05-30,,Dansby Swanson,Chicago Cubs,Kyle Leahy,DraftKings,527,0.1667,0.0709,0.0072,45,C,,,,0.0,NO,,
2026-05-30,,Alec Bohm,Philadelphia Phillies,Roki Sasaki,DraftKings,522,0.1678,0.0713,0.007,45,C,,,,0.0,NO,,
2026-05-30,,Trevor Larnach,Minnesota Twins,Mitch Keller,BetMGM,585,0.1528,0.0709,0.0068,37,D,,,,0.0,NO,,
2026-05-30,,Brooks Lee,Minnesota Twins,Mitch Keller,DraftKings,469,0.1824,0.0709,0.0066,53,C,,,,0.0,NO,,
2026-05-30,,Dane Myers,Cincinnati Reds,Martín Pérez,BetMGM,562,0.1575,0.0707,0.0065,40,C,,,,0.0,NO,,
2026-05-30,,Anthony Volpe,New York Yankees,J.T. Ginn,DraftKings,554,0.1592,0.0714,0.0063,40,C,,,,0.0,NO,,
2026-05-30,,Carter Jensen,Kansas City Royals,Kumar Rocker,DraftKings,451,0.1876,0.0709,0.0061,56,B,,,,0.0,NO,,
2026-05-30,,Orlando Arcia,Minnesota Twins,Mitch Keller,FanDuel,520,0.1667,0.0709,0.0054,44,C,,,,0.0,NO,,
2026-05-30,,Endy Rodríguez,Pittsburgh Pirates,Bailey Ober,BetMGM,446,0.1876,0.0709,0.0044,55,B,,,,0.0,NO,,
2026-05-30,,Bo Bichette,New York Mets,Tyler Phillips,DraftKings,516,0.1667,0.0709,0.0044,44,C,,,,0.0,NO,,
2026-05-30,,Alex Freeland,Los Angeles Dodgers,Jesús Luzardo,FanDuel,380,0.2111,0.0706,0.0028,68,B,,,,0.0,NO,,
2026-05-30,,Luisangel Acuña,Chicago White Sox,Framber Valdez,FanDuel,544,0.158,0.0709,0.0028,39,D,,,,0.0,NO,,
2026-05-30,,Tyler Soderstrom,Athletics,Ryan Weathers,DraftKings,543,0.158,0.0709,0.0025,39,D,,,,0.0,NO,,
2026-05-30,,Sebastián Rivero,Los Angeles Angels,Drew Rasmussen,DraftKings,420,0.1945,0.0709,0.0022,59,B,,,,0.0,NO,,
2026-05-30,,Ben Williamson,Tampa Bay Rays,Reid Detmers,FanDuel,376,0.2119,0.0709,0.0018,68,B,,,,0.0,NO,,
2026-05-30,,Randal Grichuk,Chicago White Sox,Framber Valdez,BetMGM,419,0.1945,0.0709,0.0018,59,B,,,,0.0,NO,,
2026-05-30,,Spencer Steer,Cincinnati Reds,Martín Pérez,DraftKings,507,0.1662,0.0707,0.0014,44,C,,,,0.0,NO,,
2026-05-30,,Jeremy Peña,Houston Astros,Brandon Sproat,BetMGM,452,0.1824,0.0709,0.0012,52,C,,,,0.0,NO,,
2026-05-30,,Jonathan Aranda,Tampa Bay Rays,Reid Detmers,DraftKings,390,0.2049,0.0709,0.0009,64,B,,,,0.0,NO,,
2026-05-30,,Sung-Mun Song,San Diego Padres,Foster Griffin,DraftKings,407,0.198,0.0709,0.0007,61,B,,,,0.0,NO,,
2026-05-30,,Mitch Garver,Seattle Mariners,Ryne Nelson,FanDuel,413,0.1945,0.0709,-0.0004,59,C,,,,0.0,NO,,
2026-05-30,,Drew Romo,Chicago White Sox,Framber Valdez,DraftKings,432,0.1876,0.0709,-0.0004,55,C,,,,0.0,NO,,
2026-05-30,,Pedro Pagés,St. Louis Cardinals,Ben Brown,BetMGM,412,0.1945,0.0709,-0.0008,59,C,,,,0.0,NO,,
2026-05-30,,Zack Short,Detroit Tigers,Anthony Kay,FanDuel,536,0.1561,0.0724,-0.0011,36,D,,,,0.0,NO,,
2026-05-30,,Oliver Dunn,Tampa Bay Rays,Reid Detmers,DraftKings,495,0.1667,0.0709,-0.0013,44,C,,,,0.0,NO,,
2026-05-30,,Eric Haase,San Francisco Giants,Ryan Feltner,DraftKings,410,0.1945,0.0709,-0.0016,58,C,,,,0.0,NO,,
2026-05-30,,Tyler Soderstrom,Athletics,Ryan Weathers,BetMGM,525,0.158,0.0709,-0.002,39,D,,,,0.0,NO,,
2026-05-30,,Derek Hill,Chicago White Sox,Framber Valdez,FanDuel,441,0.1824,0.0709,-0.0025,52,C,,,,0.0,NO,,
2026-05-30,,Masyn Winn,St. Louis Cardinals,Ben Brown,FanDuel,440,0.1824,0.0709,-0.0028,52,C,,,,0.0,NO,,
2026-05-30,,José Fermín,St. Louis Cardinals,Ben Brown,BetMGM,490,0.1667,0.0709,-0.0028,43,C,,,,0.0,NO,,
2026-05-30,,Liam Hicks,Miami Marlins,Christian Scott,DraftKings,406,0.1945,0.0709,-0.0031,58,C,,,,0.0,NO,,
2026-05-30,,Yohendrick Piñango,Toronto Blue Jays,Brandon Young,BetMGM,515,0.1589,0.0713,-0.0037,39,D,,,,0.0,NO,,
2026-05-30,,Jonah Heim,Athletics,Ryan Weathers,DraftKings,422,0.1876,0.0709,-0.004,54,C,,,,0.0,NO,,
2026-05-30,,Joey Ortiz,Milwaukee Brewers,Peter Lambert,DraftKings,483,0.1675,0.0712,-0.004,43,C,,,,0.0,NO,,
2026-05-30,,Shea Langeliers,Athletics,Ryan Weathers,FanDuel,403,0.1945,0.0709,-0.0043,58,C,,,,0.0,NO,,
2026-05-30,,Sam Haggerty,Texas Rangers,Seth Lugo,BetMGM,531,0.1541,0.0715,-0.0044,36,D,,,,0.0,NO,,
2026-05-30,,Darell Hernaiz,Athletics,Ryan Weathers,BetMGM,484,0.1667,0.0709,-0.0045,43,C,,,,0.0,NO,,
2026-05-30,,Miguel Rojas,Los Angeles Dodgers,Jesús Luzardo,BetMGM,486,0.1661,0.0706,-0.0045,43,C,,,,0.0,NO,,
2026-05-30,,Isaac Collins,Kansas City Royals,Kumar Rocker,FanDuel,534,0.1528,0.0709,-0.0049,36,D,,,,0.0,NO,,
2026-05-30,,Brett Sullivan,Colorado Rockies,Adrian Houser,DraftKings,401,0.1946,0.0709,-0.005,58,C,,,,0.0,NO,,
2026-05-30,,Sam Haggerty,Texas Rangers,Seth Lugo,DraftKings,528,0.1541,0.0715,-0.0051,36,D,,,,0.0,NO,,
2026-05-30,,Bobby Witt Jr.,Kansas City Royals,Kumar Rocker,DraftKings,511,0.158,0.0709,-0.0056,38,D,,,,0.0,NO,,
2026-05-30,,Victor Scott II,St. Louis Cardinals,Ben Brown,DraftKings,531,0.1528,0.0709,-0.0056,36,D,,,,0.0,NO,,
2026-05-30,,Jackson Chourio,Milwaukee Brewers,Peter Lambert,DraftKings,508,0.1588,0.0712,-0.0057,38,D,,,,0.0,NO,,
2026-05-30,,Colson Montgomery,Chicago White Sox,Framber Valdez,BetMGM,359,0.2119,0.0709,-0.006,67,C,,,,0.0,NO,,
2026-05-30,,Jeff McNeil,Athletics,Ryan Weathers,DraftKings,390,0.198,0.0709,-0.0061,60,C,,,,0.0,NO,,
2026-05-30,,J.C. Escarra,New York Yankees,J.T. Ginn,BetMGM,394,0.196,0.0714,-0.0064,58,C,,,,0.0,NO,,
2026-05-30,,Brice Matthews,Houston Astros,Brandon Sproat,BetMGM,527,0.1528,0.0709,-0.0067,36,D,,,,0.0,NO,,
2026-05-30,,Zach Neto,Los Angeles Angels,Drew Rasmussen,FanDuel,502,0.1588,0.0712,-0.0073,42,C,,,,0.0,NO,,
2026-05-30,,Austin Hedges,Cleveland Guardians,Sonny Gray,BetMGM,413,0.1876,0.0709,-0.0074,54,C,,,,0.0,NO,,
2026-05-30,,Edmundo Sosa,Philadelphia Phillies,Roki Sasaki,FanDuel,423,0.1835,0.0713,-0.0077,51,C,,,,0.0,NO,,
2026-05-30,,Mauricio Dubón,Atlanta Braves,Brady Singer,FanDuel,503,0.158,0.0709,-0.0078,38,D,,,,0.0,NO,,
2026-05-30,,Joe Mack,Miami Marlins,Christian Scott,FanDuel,409,0.1876,0.0709,-0.0089,54,C,,,,0.0,NO,,
2026-05-30,,JJ Bleday,Cincinnati Reds,Martín Pérez,FanDuel,424,0.1818,0.0707,-0.0091,51,C,,,,0.0,NO,,
2026-05-30,,Nick Madrigal,Los Angeles Angels,Drew Rasmussen,FanDuel,468,0.1667,0.0709,-0.0093,43,C,,,,0.0,NO,,
2026-05-30,,Vaughn Grissom,Los Angeles Angels,Drew Rasmussen,BetMGM,421,0.1824,0.0709,-0.0096,51,C,,,,0.0,NO,,
2026-05-30,,Masyn Winn,St. Louis Cardinals,Ben Brown,DraftKings,421,0.1824,0.0709,-0.0096,51,C,,,,0.0,NO,,
2026-05-30,,Nick Allen,Houston Astros,Brandon Sproat,BetMGM,467,0.1667,0.0709,-0.0096,43,C,,,,0.0,NO,,
2026-05-30,,Luke Keaschall,Minnesota Twins,Mitch Keller,DraftKings,351,0.2119,0.0709,-0.0098,67,C,,,,0.0,NO,,
2026-05-30,,Hunter Goodman,Colorado Rockies,Adrian Houser,BetMGM,362,0.2051,0.0709,-0.0114,63,C,,,,0.0,NO,,
2026-05-30,,Tyler Tolbert,Kansas City Royals,Kumar Rocker,DraftKings,416,0.1824,0.0709,-0.0114,51,C,,,,0.0,NO,,
2026-05-30,,Willy Adames,San Francisco Giants,Ryan Feltner,FanDuel,461,0.1667,0.0709,-0.0115,42,C,,,,0.0,NO,,
2026-05-30,,Isaac Collins,Kansas City Royals,Kumar Rocker,DraftKings,507,0.1528,0.0709,-0.0119,35,D,,,,0.0,NO,,
2026-05-30,,Connor Wong,Boston Red Sox,Parker Messick,FanDuel,381,0.1957,0.0713,-0.0122,57,C,,,,0.0,NO,,
2026-05-30,,Aramis Garcia,Arizona Diamondbacks,Bryan Woo,FanDuel,400,0.1876,0.0709,-0.0124,53,C,,,,0.0,NO,,
2026-05-30,,Danny Jansen,Texas Rangers,Seth Lugo,DraftKings,396,0.1891,0.0715,-0.0125,54,C,,,,0.0,NO,,
2026-05-30,,Nick Gonzales,Pittsburgh Pirates,Bailey Ober,BetMGM,413,0.1824,0.0709,-0.0126,51,C,,,,0.0,NO,,
2026-05-30,,Jahmai Jones,Detroit Tigers,Anthony Kay,FanDuel,403,0.1861,0.0723,-0.0127,51,C,,,,0.0,NO,,
2026-05-30,,Bryan Reynolds,Pittsburgh Pirates,Bailey Ober,DraftKings,485,0.158,0.0709,-0.0129,38,D,,,,0.0,NO,,
2026-05-30,,Zack Short,Detroit Tigers,Anthony Kay,DraftKings,492,0.156,0.0723,-0.0129,35,D,,,,0.0,NO,,
2026-05-30,,Hunter Feduccia,Tampa Bay Rays,Reid Detmers,BetMGM,398,0.1876,0.0709,-0.0132,53,C,,,,0.0,NO,,
2026-05-30,,Thomas Saggese,St. Louis Cardinals,Ben Brown,BetMGM,484,0.158,0.0709,-0.0132,38,D,,,,0.0,NO,,
2026-05-30,,Keibert Ruiz,Washington Nationals,Michael King,BetMGM,381,0.1945,0.0709,-0.0134,57,C,,,,0.0,NO,,
2026-05-30,,Angel Martínez,Cleveland Guardians,Sonny Gray,FanDuel,483,0.158,0.0709,-0.0135,37,D,,,,0.0,NO,,
2026-05-30,,Xavier Edwards,Miami Marlins,Christian Scott,BetMGM,370,0.199,0.0713,-0.0138,79,C,,,,0.0,NO,,
2026-05-30,,Salvador Perez,Kansas City Royals,Kumar Rocker,FanDuel,380,0.1945,0.0709,-0.0138,57,C,,,,0.0,NO,,
2026-05-30,,Braden Shewmake,Houston Astros,Brandon Sproat,FanDuel,371,0.198,0.0709,-0.0143,59,C,,,,0.0,NO,,
2026-05-30,,Henry Bolte,Athletics,Ryan Weathers,DraftKings,497,0.1528,0.0709,-0.0147,35,D,,,,0.0,NO,,
2026-05-30,,Jake Bauers,Milwaukee Brewers,Peter Lambert,FanDuel,353,0.2059,0.0712,-0.0148,63,C,,,,0.0,NO,,
2026-05-30,,Zach Neto,Los Angeles Angels,Drew Rasmussen,BetMGM,476,0.1588,0.0712,-0.0148,42,C,,,,0.0,NO,,
2026-05-30,,Oswald Peraza,Los Angeles Angels,Drew Rasmussen,BetMGM,369,0.198,0.0709,-0.0152,59,C,,,,0.0,NO,,
2026-05-30,,Bryce Harper,Philadelphia Phillies,Roki Sasaki,FanDuel,333,0.2153,0.072,-0.0157,94,C,,,,0.0,NO,,
2026-05-30,,Julio Rodríguez,Seattle Mariners,Ryne Nelson,FanDuel,492,0.1528,0.0709,-0.0161,34,D,,,,0.0,NO,,
2026-05-30,,Blaze Alexander,Baltimore Orioles,Trey Yesavage,FanDuel,394,0.1861,0.0724,-0.0163,50,C,,,,0.0,NO,,
2026-05-30,,Edouard Julien,Colorado Rockies,Adrian Houser,DraftKings,403,0.1818,0.0707,-0.017,50,C,,,,0.0,NO,,
2026-05-30,,Justin Foscue,Texas Rangers,Seth Lugo,FanDuel,361,0.1996,0.0715,-0.0173,59,C,,,,0.0,NO,,
2026-05-30,,Mitch Garver,Seattle Mariners,Ryne Nelson,BetMGM,372,0.1945,0.0709,-0.0174,57,C,,,,0.0,NO,,
2026-05-30,,Anthony Volpe,New York Yankees,J.T. Ginn,BetMGM,465,0.1592,0.0714,-0.0177,37,D,,,,0.0,NO,,
2026-05-30,,Andruw Monasterio,Boston Red Sox,Parker Messick,BetMGM,482,0.1538,0.0713,-0.018,34,D,,,,0.0,NO,,
2026-05-30,,Alex Jackson,Minnesota Twins,Mitch Keller,BetMGM,386,0.1876,0.0709,-0.0182,53,C,,,,0.0,NO,,
2026-05-30,,Miguel Amaya,Chicago Cubs,Kyle Leahy,DraftKings,370,0.1945,0.0709,-0.0183,56,C,,,,0.0,NO,,
2026-05-30,,Gabriel Moreno,Arizona Diamondbacks,Bryan Woo,DraftKings,370,0.1945,0.0709,-0.0183,56,C,,,,0.0,NO,,
2026-05-30,,Ramón Laureano,San Diego Padres,Foster Griffin,DraftKings,467,0.158,0.0709,-0.0183,37,D,,,,0.0,NO,,
2026-05-30,,Nick Sogard,Boston Red Sox,Parker Messick,FanDuel,463,0.159,0.0713,-0.0186,37,D,,,,0.0,NO,,
2026-05-30,,Mookie Betts,Los Angeles Dodgers,Jesús Luzardo,BetMGM,458,0.1604,0.0719,-0.0188,57,C,,,,0.0,NO,,
2026-05-30,,Rodolfo Durán,San Diego Padres,Foster Griffin,DraftKings,367,0.1945,0.0709,-0.0196,56,C,,,,0.0,NO,,
2026-05-30,,Blake Perkins,Milwaukee Brewers,Peter Lambert,FanDuel,477,0.1536,0.0712,-0.0197,34,D,,,,0.0,NO,,
2026-05-30,,Weston Wilson,Baltimore Orioles,Trey Yesavage,DraftKings,451,0.1613,0.0724,-0.0202,37,D,,,,0.0,NO,,
2026-05-30,,Dansby Swanson,Chicago Cubs,Kyle Leahy,FanDuel,433,0.1667,0.0709,-0.0209,41,C,,,,0.0,NO,,
2026-05-30,,Otto Lopez,Miami Marlins,Christian Scott,BetMGM,516,0.1411,0.0705,-0.0213,23,D,,,,0.0,NO,,
2026-05-30,,Bryan Reynolds,Pittsburgh Pirates,Bailey Ober,FanDuel,456,0.158,0.0709,-0.0218,36,D,,,,0.0,NO,,
2026-05-30,,Andruw Monasterio,Boston Red Sox,Parker Messick,FanDuel,468,0.1538,0.0713,-0.0223,34,D,,,,0.0,NO,,
2026-05-30,,Vidal Bruján,New York Mets,Tyler Phillips,BetMGM,465,0.1528,0.0709,-0.0242,33,D,,,,0.0,NO,,
2026-05-30,,Taylor Walls,Tampa Bay Rays,Reid Detmers,DraftKings,444,0.158,0.0709,-0.0258,36,D,,,,0.0,NO,,
2026-05-30,,Wenceel Pérez,Detroit Tigers,Anthony Kay,DraftKings,407,0.1702,0.0723,-0.0271,41,C,,,,0.0,NO,,
2026-05-30,,Junior Caminero,Tampa Bay Rays,Reid Detmers,DraftKings,377,0.1824,0.0709,-0.0273,49,C,,,,0.0,NO,,
2026-05-30,,CJ Abrams,Washington Nationals,Michael King,DraftKings,439,0.158,0.0709,-0.0275,36,D,,,,0.0,NO,,
2026-05-30,,Matt Olson,Atlanta Braves,Brady Singer,BetMGM,329,0.2049,0.0709,-0.0282,61,C,,,,0.0,NO,,
2026-05-30,,Carlos Narváez,Boston Red Sox,Parker Messick,BetMGM,361,0.1887,0.0713,-0.0282,52,C,,,,0.0,NO,,
2026-05-30,,Nasim Nuñez,Washington Nationals,Michael King,DraftKings,374,0.1824,0.0709,-0.0286,49,C,,,,0.0,NO,,
2026-05-30,,Brandon Marsh,Philadelphia Phillies,Roki Sasaki,FanDuel,448,0.1538,0.0713,-0.0287,33,D,,,,0.0,NO,,
2026-05-30,,Tyler Tolbert,Kansas City Royals,Kumar Rocker,BetMGM,373,0.1824,0.0709,-0.0291,49,C,,,,0.0,NO,,
2026-05-30,,Jackson Merrill,San Diego Padres,Foster Griffin,BetMGM,449,0.1528,0.0709,-0.0293,33,D,,,,0.0,NO,,
2026-05-30,,Dane Myers,Cincinnati Reds,Martín Pérez,FanDuel,435,0.1575,0.0707,-0.0294,36,D,,,,0.0,NO,,
2026-05-30,,Hao-Yu  Lee,Detroit Tigers,Anthony Kay,BetMGM,424,0.1613,0.0723,-0.0295,36,D,,,,0.0,NO,,
2026-05-30,,Yohendrick Piñango,Toronto Blue Jays,Brandon Young,FanDuel,429,0.1589,0.0713,-0.0301,36,D,,,,0.0,NO,,
2026-05-30,,Chandler Simpson,Tampa Bay Rays,Reid Detmers,DraftKings,444,0.1528,0.0709,-0.031,33,D,,,,0.0,NO,,
2026-05-30,,Pete Alonso,Baltimore Orioles,Trey Yesavage,BetMGM,316,0.2092,0.0724,-0.0312,61,C,,,,0.0,NO,,
2026-05-30,,Brett Baty,New York Mets,Tyler Phillips,DraftKings,428,0.158,0.0709,-0.0314,35,D,,,,0.0,NO,,
2026-05-30,,Daylen Lile,Washington Nationals,Michael King,DraftKings,442,0.1528,0.0709,-0.0317,33,D,,,,0.0,NO,,
2026-05-30,,TJ Friedl,Cincinnati Reds,Martín Pérez,BetMGM,441,0.1523,0.0707,-0.0325,32,D,,,,0.0,NO,,
2026-05-30,,Patrick Wisdom,Seattle Mariners,Ryne Nelson,BetMGM,362,0.1824,0.0709,-0.0341,48,C,,,,0.0,NO,,
2026-05-30,,Weston Wilson,Baltimore Orioles,Trey Yesavage,FanDuel,407,0.1613,0.0724,-0.0359,35,D,,,,0.0,NO,,
2026-05-30,,Randy Arozarena,Seattle Mariners,Ryne Nelson,BetMGM,415,0.158,0.0709,-0.0361,35,D,,,,0.0,NO,,
2026-05-30,,Maikel Garcia,Kansas City Royals,Kumar Rocker,BetMGM,392,0.1667,0.0709,-0.0365,39,D,,,,0.0,NO,,
2026-05-30,,Andrés Giménez,Toronto Blue Jays,Brandon Young,BetMGM,387,0.1676,0.0713,-0.0377,39,D,,,,0.0,NO,,
2026-05-30,,Victor Scott II,St. Louis Cardinals,Ben Brown,BetMGM,424,0.1528,0.0709,-0.038,32,D,,,,0.0,NO,,
2026-05-30,,Ryan Waldschmidt,Arizona Diamondbacks,Bryan Woo,DraftKings,424,0.1528,0.0709,-0.038,32,D,,,,0.0,NO,,
2026-05-30,,Zach Dezenzo,Houston Astros,Brandon Sproat,FanDuel,409,0.158,0.0709,-0.0384,34,D,,,,0.0,NO,,
2026-05-30,,Blake Perkins,Milwaukee Brewers,Peter Lambert,DraftKings,421,0.1536,0.0712,-0.0384,32,D,,,,0.0,NO,,
2026-05-30,,Drew Gilbert,San Francisco Giants,Ryan Feltner,DraftKings,408,0.158,0.0709,-0.0388,34,D,,,,0.0,NO,,
2026-05-30,,Harrison Bader,San Francisco Giants,Ryan Feltner,BetMGM,419,0.1528,0.0709,-0.0398,32,D,,,,0.0,NO,,
2026-05-30,,Austin Martin,Minnesota Twins,Mitch Keller,BetMGM,403,0.158,0.0709,-0.0408,34,D,,,,0.0,NO,,
2026-05-30,,Brandon Marsh,Philadelphia Phillies,Roki Sasaki,BetMGM,413,0.1538,0.0713,-0.0412,31,D,,,,0.0,NO,,
2026-05-30,,Tim Tawa,Arizona Diamondbacks,Bryan Woo,DraftKings,378,0.1667,0.0709,-0.0425,39,D,,,,0.0,NO,,
2026-05-30,,Jose Siri,Los Angeles Angels,Drew Rasmussen,FanDuel,409,0.1528,0.0709,-0.0436,31,D,,,,0.0,NO,,
2026-05-30,,José Caballero,New York Yankees,J.T. Ginn,BetMGM,406,0.154,0.0714,-0.0436,31,D,,,,0.0,NO,,
2026-05-30,,Ramón Laureano,San Diego Padres,Foster Griffin,BetMGM,395,0.158,0.0709,-0.044,34,D,,,,0.0,NO,,
2026-05-30,,Andrés Giménez,Toronto Blue Jays,Brandon Young,FanDuel,366,0.1676,0.0713,-0.047,38,D,,,,0.0,NO,,
2026-05-30,,Jake Mangum,Pittsburgh Pirates,Bailey Ober,FanDuel,397,0.1528,0.0709,-0.0484,31,D,,,,0.0,NO,,
2026-05-30,,Gunnar Henderson,Baltimore Orioles,Trey Yesavage,BetMGM,388,0.156,0.0724,-0.0489,31,D,,,,0.0,NO,,
2026-05-30,,Alejandro Osuna,Texas Rangers,Seth Lugo,DraftKings,378,0.1593,0.0715,-0.0499,33,D,,,,0.0,NO,,
2026-05-30,,Zach Dezenzo,Houston Astros,Brandon Sproat,DraftKings,379,0.158,0.0709,-0.0507,33,D,,,,0.0,NO,,
2026-05-30,,Brayan Rocchio,Cleveland Guardians,Sonny Gray,BetMGM,356,0.1667,0.0709,-0.0526,37,D,,,,0.0,NO,,
2026-05-30,,José Caballero,New York Yankees,J.T. Ginn,DraftKings,382,0.154,0.0714,-0.0535,30,D,,,,0.0,NO,,
2026-05-30,,Henry Bolte,Athletics,Ryan Weathers,FanDuel,384,0.1528,0.0709,-0.0538,30,D,,,,0.0,NO,,
2026-05-30,,Tristan Peters,Chicago White Sox,Framber Valdez,DraftKings,380,0.1528,0.0709,-0.0555,30,D,,,,0.0,NO,,
2026-05-30,,Vidal Bruján,New York Mets,Tyler Phillips,DraftKings,373,0.1528,0.0709,-0.0586,29,D,,,,0.0,NO,,
2026-05-30,,Sam Antonacci,Chicago White Sox,Framber Valdez,FanDuel,370,0.1528,0.0709,-0.0599,29,D,,,,0.0,NO,,
2026-05-30,,TJ Friedl,Cincinnati Reds,Martín Pérez,DraftKings,371,0.1523,0.0707,-0.06,29,D,,,,0.0,NO,,
2026-05-30,,Heriberto Hernández,Miami Marlins,Christian Scott,BetMGM,365,0.1528,0.0709,-0.0622,29,D,,,,0.0,NO,,
2026-05-30,,Mike Yastrzemski,Atlanta Braves,Brady Singer,FanDuel,361,0.1528,0.0709,-0.0641,29,D,,,,0.0,NO,,
2026-05-30,MANUAL,Riley Greene,Detroit Tigers,Anthony Kay,DraftKings,+638,0.2162,0.0723,0.0807,78,B,TIER 1 💎,1,1,1.0,YES 🔥,,
2026-05-30,MANUAL,Connor Norby,Miami Marlins,Christian Scott,BetMGM,+662,0.2119,0.0709,0.0806,78,B,TIER 1 💎,1,1,1.0,YES 🔥,,
2026-05-30,MANUAL,Brandon Lowe,Pittsburgh Pirates,Bailey Ober,DraftKings,+647,0.2119,0.0709,0.078,77,B,TIER 1 💎,1,1,1.0,YES 🔥,,
2026-05-30,MANUAL,Jared Young,New York Mets,Tyler Phillips,DraftKings,+642,0.2119,0.0709,0.0771,77,B,TIER 1 💎,1,1,1.0,YES 🔥,,
2026-05-30,MANUAL,Donovan Walton,Los Angeles Angels,Drew Rasmussen,FanDuel,+640,0.2119,0.0709,0.0767,77,B,TIER 1 💎,1,1,1.0,YES 🔥,,
2026-05-30,MANUAL,Taylor Trammell,Houston Astros,Brandon Sproat,BetMGM,+623,0.2119,0.0709,0.0736,77,B,TIER 1 💎,1,1,1.0,YES 🔥,,
2026-05-30,MANUAL,Kyle Manzardo,Cleveland Guardians,Sonny Gray,DraftKings,+648,0.2049,0.0709,0.0712,73,B,TIER 2 🔥,1,2,0.5,YES 🔥,,
2026-05-30,MANUAL,Josh Naylor,Seattle Mariners,Ryne Nelson,DraftKings,+645,0.2049,0.0709,0.0707,73,B,TIER 2 🔥,1,2,0.5,YES 🔥,,
2026-05-30,MANUAL,Ben Williamson,Tampa Bay Rays,Reid Detmers,BetMGM,+603,0.2119,0.0709,0.0696,76,B,TIER 1 💎,1,1,1.0,YES 🔥,,
2026-05-30,MANUAL,Jesus Rodriguez,San Francisco Giants,Ryan Feltner,BetMGM,+637,0.2049,0.0709,0.0692,73,B,TIER 2 🔥,1,2,0.5,YES 🔥,,
2026-05-30,MANUAL,Michael Massey,Kansas City Royals,Kumar Rocker,BetMGM,+593,0.2119,0.0709,0.0676,76,B,TIER 1 💎,1,1,1.0,YES 🔥,,
2026-05-30,MANUAL,Willson Contreras,Boston Red Sox,Parker Messick,DraftKings,+581,0.2132,0.0713,0.0663,76,B,TIER 1 💎,1,1,1.0,YES 🔥,,
2026-05-30,MANUAL,Jake Bauers,Milwaukee Brewers,Peter Lambert,DraftKings,+615,0.2059,0.0712,0.0661,72,B,TIER 2 🔥,1,2,0.5,YES 🔥,,
2026-05-30,MANUAL,Jazz Chisholm Jr.,New York Yankees,J.T. Ginn,DraftKings,+642,0.1995,0.0714,0.0647,68,B,TIER 2 🔥,1,3,0.5,YES 🔥,,
2026-05-30,MANUAL,Jeremiah Jackson,Baltimore Orioles,Trey Yesavage,BetMGM,+622,0.2021,0.0724,0.0636,68,B,TIER 2 🔥,1,3,0.5,YES 🔥,,
2026-05-30,MANUAL,Nick Kurtz,Athletics,Ryan Weathers,BetMGM,+607,0.2049,0.0709,0.0635,72,B,TIER 2 🔥,1,2,0.5,YES 🔥,,
2026-05-30,MANUAL,Alec Burleson,St. Louis Cardinals,Ben Brown,DraftKings,+601,0.2049,0.0709,0.0623,72,B,TIER 2 🔥,1,2,0.5,YES 🔥,,
2026-05-30,MANUAL,Ezequiel Duran,Texas Rangers,Seth Lugo,DraftKings,+554,0.2136,0.0715,0.0607,75,B,TIER 1 💎,1,1,1.0,YES 🔥,,
2026-05-30,MANUAL,Michael Busch,Chicago Cubs,Kyle Leahy,FanDuel,+592,0.2049,0.0709,0.0604,71,B,TIER 2 🔥,1,2,0.5,YES 🔥,,
2026-05-30,MANUAL,Alex Freeland,Los Angeles Dodgers,Jesús Luzardo,FanDuel,+561,0.2111,0.0706,0.0598,75,B,TIER 1 💎,1,1,1.0,YES 🔥,,
2026-05-30,MANUAL,Sung-Mun Song,San Diego Padres,Foster Griffin,DraftKings,+608,0.198,0.0709,0.0567,67,B,TIER 2 🔥,1,3,0.5,YES 🔥,,
2026-05-30,MANUAL,Austin Riley,Atlanta Braves,Brady Singer,BetMGM,+603,0.198,0.0709,0.0557,67,B,TIER 2 🔥,1,3,0.5,YES 🔥,,
2026-05-30,MANUAL,Curtis Mead,Washington Nationals,Michael King,BetMGM,+531,0.2119,0.0709,0.0534,74,B,TIER 1 💎,1,1,1.0,YES 🔥,,
2026-05-30,MANUAL,Hunter Goodman,Colorado Rockies,Adrian Houser,BetMGM,+555,0.2051,0.0709,0.0524,71,B,TIER 2 🔥,1,2,0.5,YES 🔥,,
2026-05-30,MANUAL,Ketel Marte,Arizona Diamondbacks,Bryan Woo,BetMGM,+523,0.2119,0.0709,0.0514,74,B,TIER 1 💎,1,1,1.0,YES 🔥,,
2026-05-30,MANUAL,Colson Montgomery,Chicago White Sox,Framber Valdez,DraftKings,+518,0.2119,0.0709,0.0501,74,B,TIER 1 💎,1,1,1.0,YES 🔥,,
2026-05-30,MANUAL,Vladimir Guerrero Jr.,Toronto Blue Jays,Brandon Young,BetMGM,+540,0.2061,0.0713,0.0498,70,B,TIER 2 🔥,1,2,0.5,YES 🔥,,
2026-05-30,MANUAL,Tristan Gray,Minnesota Twins,Mitch Keller,DraftKings,+508,0.198,0.0709,0.0335,65,B,TIER 2 🔥,1,3,0.5,YES 🔥,,
2026-05-30,MANUAL,Christian Walker,Houston Astros,Brandon Sproat,DraftKings,+610,0.2049,0.0709,0.0641,72,B,WATCH,2,2,0.0,NO,,
2026-05-30,MANUAL,Spencer Torkelson,Detroit Tigers,Anthony Kay,BetMGM,+622,0.2021,0.0723,0.0636,68,B,WATCH,2,3,0.0,NO,,
2026-05-30,MANUAL,Mitch Garver,Seattle Mariners,Ryne Nelson,BetMGM,+660,0.1945,0.0709,0.0629,66,B,WATCH,2,4,0.0,NO,,
2026-05-30,MANUAL,Samuel Basallo,Baltimore Orioles,Trey Yesavage,BetMGM,+621,0.1985,0.0724,0.0598,66,B,WATCH,2,4,0.0,NO,,
2026-05-30,MANUAL,Travis Bazzana,Cleveland Guardians,Sonny Gray,BetMGM,+618,0.198,0.0709,0.0587,68,B,WATCH,2,3,0.0,NO,,
2026-05-30,MANUAL,Justin Foscue,Texas Rangers,Seth Lugo,DraftKings,+603,0.1996,0.0715,0.0574,68,B,WATCH,2,3,0.0,NO,,
2026-05-30,MANUAL,J.C. Escarra,New York Yankees,J.T. Ginn,BetMGM,+616,0.196,0.0714,0.0563,66,B,WATCH,2,4,0.0,NO,,
2026-05-30,MANUAL,Christopher Morel,Miami Marlins,Christian Scott,DraftKings,+569,0.2049,0.0709,0.0555,71,B,WATCH,2,2,0.0,NO,,
2026-05-30,MANUAL,Cole Young,Seattle Mariners,Ryne Nelson,BetMGM,+537,0.2119,0.0709,0.0549,75,B,WATCH,3,1,0.0,NO,,
2026-05-30,MANUAL,Vinnie Pasquantino,Kansas City Royals,Kumar Rocker,FanDuel,+565,0.2049,0.0709,0.0546,71,B,WATCH,2,2,0.0,NO,,
2026-05-30,MANUAL,Luis Arraez,San Francisco Giants,Ryan Feltner,BetMGM,+596,0.198,0.0709,0.0543,67,B,WATCH,2,3,0.0,NO,,
2026-05-30,MANUAL,Spencer Horwitz,Pittsburgh Pirates,Bailey Ober,BetMGM,+562,0.2049,0.0709,0.0539,71,B,WATCH,2,2,0.0,NO,,
2026-05-30,MANUAL,Ben Rice,New York Yankees,J.T. Ginn,BetMGM,+554,0.2065,0.0714,0.0536,71,B,WATCH,3,2,0.0,NO,,
2026-05-30,MANUAL,Nico Hoerner,Chicago Cubs,Kyle Leahy,DraftKings,+531,0.2119,0.0709,0.0534,74,B,WATCH,2,1,0.0,NO,,
2026-05-30,MANUAL,Colt Emerson,Seattle Mariners,Ryne Nelson,FanDuel,+591,0.198,0.0709,0.0533,67,B,WATCH,4,3,0.0,NO,,
2026-05-30,MANUAL,William Contreras,Milwaukee Brewers,Peter Lambert,DraftKings,+636,0.1885,0.0712,0.0526,61,B,WATCH,2,5,0.0,NO,,
2026-05-30,MANUAL,Nick Loftin,Kansas City Royals,Kumar Rocker,BetMGM,+585,0.198,0.0709,0.052,67,B,WATCH,3,3,0.0,NO,,
2026-05-30,MANUAL,Richie Palacios,Tampa Bay Rays,Reid Detmers,DraftKings,+585,0.198,0.0709,0.052,67,B,WATCH,2,3,0.0,NO,,
2026-05-30,MANUAL,P.J. Higgins,Cincinnati Reds,Martín Pérez,DraftKings,+641,0.187,0.0707,0.052,61,B,WATCH,1,5,0.0,NO,,
2026-05-30,MANUAL,Jared Triolo,Pittsburgh Pirates,Bailey Ober,FanDuel,+584,0.198,0.0709,0.0518,67,B,WATCH,3,3,0.0,NO,,
2026-05-30,MANUAL,Pedro Ramírez,Chicago Cubs,Kyle Leahy,FanDuel,+582,0.198,0.0709,0.0514,67,B,WATCH,3,3,0.0,NO,,
2026-05-30,MANUAL,JJ Wetherholt,St. Louis Cardinals,Ben Brown,BetMGM,+518,0.2119,0.0709,0.0501,74,B,WATCH,2,1,0.0,NO,,
2026-05-30,MANUAL,Austin Hedges,Cleveland Guardians,Sonny Gray,DraftKings,+625,0.1876,0.0709,0.0496,61,B,WATCH,3,5,0.0,NO,,
2026-05-30,MANUAL,Alex Bregman,Chicago Cubs,Kyle Leahy,FanDuel,+648,0.1824,0.0709,0.0487,58,B,WATCH,4,6,0.0,NO,,
2026-05-30,MANUAL,Endy Rodríguez,Pittsburgh Pirates,Bailey Ober,DraftKings,+619,0.1876,0.0709,0.0485,61,B,WATCH,4,5,0.0,NO,,
2026-05-30,MANUAL,Ty France,San Diego Padres,Foster Griffin,FanDuel,+510,0.2119,0.0709,0.0479,74,B,WATCH,2,1,0.0,NO,,
2026-05-30,MANUAL,Sandy León,Atlanta Braves,Brady Singer,BetMGM,+581,0.1945,0.0709,0.0477,64,B,WATCH,2,4,0.0,NO,,
2026-05-30,MANUAL,Austin Wells,New York Yankees,J.T. Ginn,BetMGM,+604,0.189,0.0714,0.047,61,B,WATCH,4,5,0.0,NO,,
2026-05-30,MANUAL,Nicky Lopez,Texas Rangers,Seth Lugo,BetMGM,+630,0.1839,0.0715,0.0469,58,B,WATCH,3,6,0.0,NO,,
2026-05-30,MANUAL,Vaughn Grissom,Los Angeles Angels,Drew Rasmussen,FanDuel,+631,0.1824,0.0709,0.0456,58,B,WATCH,2,6,0.0,NO,,
2026-05-30,MANUAL,Braxton Fulford,Colorado Rockies,Adrian Houser,BetMGM,+603,0.1877,0.0709,0.0454,60,B,WATCH,2,5,0.0,NO,,
2026-05-30,MANUAL,Luis Torrens,New York Mets,Tyler Phillips,BetMGM,+570,0.1945,0.0709,0.0453,64,B,WATCH,2,4,0.0,NO,,
2026-05-30,MANUAL,Drew Millas,Washington Nationals,Michael King,DraftKings,+603,0.1876,0.0709,0.0453,60,B,WATCH,2,5,0.0,NO,,
2026-05-30,MANUAL,Jonah Heim,Athletics,Ryan Weathers,DraftKings,+601,0.1876,0.0709,0.0449,60,B,WATCH,2,5,0.0,NO,,
2026-05-30,MANUAL,Danny Jansen,Texas Rangers,Seth Lugo,DraftKings,+593,0.1891,0.0715,0.0448,60,B,WATCH,4,5,0.0,NO,,
2026-05-30,MANUAL,Carson Kelly,Chicago Cubs,Kyle Leahy,DraftKings,+600,0.1876,0.0709,0.0447,60,B,WATCH,5,5,0.0,NO,,
2026-05-30,MANUAL,Rodolfo Durán,San Diego Padres,Foster Griffin,DraftKings,+564,0.1945,0.0709,0.0439,64,B,WATCH,3,4,0.0,NO,,
2026-05-30,MANUAL,David Hamilton,Milwaukee Brewers,Peter Lambert,BetMGM,+607,0.1832,0.0712,0.0418,57,B,WATCH,3,6,0.0,NO,,
2026-05-30,MANUAL,Will Smith,Los Angeles Dodgers,Jesús Luzardo,DraftKings,+556,0.1938,0.0706,0.0414,64,B,WATCH,2,4,0.0,NO,,
2026-05-30,MANUAL,Ha-Seong Kim,Atlanta Braves,Brady Singer,DraftKings,+609,0.1824,0.0709,0.0413,57,B,WATCH,3,6,0.0,NO,,
2026-05-30,MANUAL,Eric Wagaman,New York Mets,Tyler Phillips,DraftKings,+509,0.2049,0.0709,0.0407,69,B,WATCH,3,2,0.0,NO,,
2026-05-30,MANUAL,Ildemaro Vargas,Arizona Diamondbacks,Bryan Woo,BetMGM,+508,0.2049,0.0709,0.0405,69,B,WATCH,2,2,0.0,NO,,
2026-05-30,MANUAL,Luis Rengifo,Milwaukee Brewers,Peter Lambert,FanDuel,+521,0.2013,0.0721,0.0402,62,C,WATCH,4,3,0.0,NO,,
2026-05-30,MANUAL,Charles McAdoo,Toronto Blue Jays,Brandon Young,FanDuel,+475,0.213,0.0713,0.0391,73,B,WATCH,2,1,0.0,NO,,
2026-05-30,MANUAL,Matt Vierling,Detroit Tigers,Anthony Kay,DraftKings,+487,0.2092,0.0723,0.0388,69,B,WATCH,3,2,0.0,NO,,
2026-05-30,MANUAL,Isaac Paredes,Houston Astros,Brandon Sproat,DraftKings,+528,0.198,0.0709,0.0388,65,B,WATCH,3,3,0.0,NO,,
2026-05-30,MANUAL,Rafael Devers,San Francisco Giants,Ryan Feltner,DraftKings,+476,0.2119,0.0709,0.0383,73,B,WATCH,3,1,0.0,NO,,
2026-05-30,MANUAL,Max Muncy,Los Angeles Dodgers,Jesús Luzardo,BetMGM,+528,0.1973,0.0706,0.038,65,B,WATCH,3,3,0.0,NO,,
2026-05-30,MANUAL,Gabriel Moreno,Arizona Diamondbacks,Bryan Woo,DraftKings,+538,0.1945,0.0709,0.0378,63,B,WATCH,3,4,0.0,NO,,
2026-05-30,MANUAL,Gavin Sheets,San Diego Padres,Foster Griffin,BetMGM,+498,0.2049,0.0709,0.0377,69,B,WATCH,4,2,0.0,NO,,
2026-05-30,MANUAL,Mark Vientos,New York Mets,Tyler Phillips,FanDuel,+524,0.198,0.0709,0.0377,65,B,WATCH,4,3,0.0,NO,,
2026-05-30,MANUAL,Amed Rosario,New York Yankees,J.T. Ginn,BetMGM,+582,0.1837,0.0714,0.0371,57,B,WATCH,5,6,0.0,NO,,
2026-05-30,MANUAL,Keibert Ruiz,Washington Nationals,Michael King,BetMGM,+532,0.1945,0.0709,0.0363,63,B,WATCH,3,4,0.0,NO,,
2026-05-30,MANUAL,Connor Wong,Boston Red Sox,Parker Messick,DraftKings,+526,0.1957,0.0713,0.036,63,B,WATCH,2,4,0.0,NO,,
2026-05-30,MANUAL,Shea Langeliers,Athletics,Ryan Weathers,FanDuel,+526,0.1945,0.0709,0.0348,63,B,WATCH,3,4,0.0,NO,,
2026-05-30,MANUAL,Kazuma Okamoto,Toronto Blue Jays,Brandon Young,BetMGM,+571,0.1834,0.0713,0.0343,56,B,WATCH,3,6,0.0,NO,,
2026-05-30,MANUAL,Edmundo Sosa,Philadelphia Phillies,Roki Sasaki,DraftKings,+570,0.1835,0.0713,0.0342,56,B,WATCH,1,6,0.0,NO,,
2026-05-30,MANUAL,Oswald Peraza,Los Angeles Angels,Drew Rasmussen,DraftKings,+510,0.198,0.0709,0.0341,65,B,WATCH,3,3,0.0,NO,,
2026-05-30,MANUAL,Brett Sullivan,Colorado Rockies,Adrian Houser,BetMGM,+523,0.1946,0.0709,0.0341,63,B,WATCH,3,4,0.0,NO,,
2026-05-30,MANUAL,Adley Rutschman,Baltimore Orioles,Trey Yesavage,DraftKings,+535,0.1914,0.0724,0.034,59,B,WATCH,3,5,0.0,NO,,
2026-05-30,MANUAL,Darell Hernaiz,Athletics,Ryan Weathers,DraftKings,+652,0.1667,0.0709,0.0337,48,C,WATCH,4,7,0.0,NO,,
2026-05-30,MANUAL,Tim Tawa,Arizona Diamondbacks,Bryan Woo,DraftKings,+650,0.1667,0.0709,0.0334,48,C,WATCH,4,7,0.0,NO,,
2026-05-30,MANUAL,Miguel Amaya,Chicago Cubs,Kyle Leahy,BetMGM,+520,0.1945,0.0709,0.0332,63,B,WATCH,6,4,0.0,NO,,
2026-05-30,MANUAL,Caleb Durbin,Boston Red Sox,Parker Messick,DraftKings,+636,0.1678,0.0713,0.0319,48,C,WATCH,3,7,0.0,NO,,
2026-05-30,MANUAL,Zack Gelof,Athletics,Ryan Weathers,DraftKings,+562,0.1824,0.0709,0.0313,56,B,WATCH,5,6,0.0,NO,,
2026-05-30,MANUAL,Nolan Arenado,Arizona Diamondbacks,Bryan Woo,DraftKings,+496,0.198,0.0709,0.0302,64,B,WATCH,5,3,0.0,NO,,
2026-05-30,MANUAL,Hunter Feduccia,Tampa Bay Rays,Reid Detmers,FanDuel,+534,0.1876,0.0709,0.0298,58,B,WATCH,3,5,0.0,NO,,
2026-05-30,MANUAL,Alec Bohm,Philadelphia Phillies,Roki Sasaki,DraftKings,+624,0.1678,0.0713,0.0296,47,C,WATCH,2,7,0.0,NO,,
2026-05-30,MANUAL,Marcelo Mayer,Boston Red Sox,Parker Messick,FanDuel,+548,0.1835,0.0713,0.0292,56,B,WATCH,4,6,0.0,NO,,
2026-05-30,MANUAL,Victor Caratini,Minnesota Twins,Mitch Keller,BetMGM,+503,0.1945,0.0709,0.0287,62,B,WATCH,2,4,0.0,NO,,
2026-05-30,MANUAL,Blaze Alexander,Baltimore Orioles,Trey Yesavage,DraftKings,+533,0.1861,0.0724,0.0282,56,B,WATCH,4,6,0.0,NO,,
2026-05-30,MANUAL,Chadwick Tromp,Atlanta Braves,Brady Singer,DraftKings,+527,0.1876,0.0709,0.0281,58,B,WATCH,4,5,0.0,NO,,
2026-05-30,MANUAL,Edgar Quero,Chicago White Sox,Framber Valdez,DraftKings,+488,0.198,0.0709,0.0279,64,B,WATCH,2,3,0.0,NO,,
2026-05-30,MANUAL,Jorbit Vivas,Washington Nationals,Michael King,DraftKings,+619,0.1667,0.0709,0.0276,47,C,WATCH,4,7,0.0,NO,,
2026-05-30,MANUAL,Braden Shewmake,Houston Astros,Brandon Sproat,DraftKings,+617,0.1667,0.0709,0.0273,47,C,WATCH,4,7,0.0,NO,,
2026-05-30,MANUAL,Anthony Volpe,New York Yankees,J.T. Ginn,BetMGM,+657,0.1592,0.0714,0.0271,42,C,WATCH,6,8,0.0,NO,,
2026-05-30,MANUAL,Miguel Rojas,Los Angeles Dodgers,Jesús Luzardo,DraftKings,+618,0.1661,0.0706,0.0268,47,C,WATCH,4,6,0.0,NO,,
2026-05-30,MANUAL,Yohendrick Piñango,Toronto Blue Jays,Brandon Young,DraftKings,+653,0.1589,0.0713,0.0261,42,C,WATCH,4,8,0.0,NO,,
2026-05-30,MANUAL,Junior Caminero,Tampa Bay Rays,Reid Detmers,BetMGM,+538,0.1824,0.0709,0.0256,55,B,WATCH,4,6,0.0,NO,,
2026-05-30,MANUAL,Paul Goldschmidt,New York Yankees,J.T. Ginn,BetMGM,+428,0.2135,0.0714,0.0241,71,B,WATCH,7,1,0.0,NO,,
2026-05-30,MANUAL,Jackson Holliday,Baltimore Orioles,Trey Yesavage,DraftKings,+420,0.2163,0.0724,0.024,71,B,WATCH,5,1,0.0,NO,,
2026-05-30,MANUAL,Hayden Senger,New York Mets,Tyler Phillips,DraftKings,+511,0.1876,0.0709,0.0239,58,B,WATCH,5,5,0.0,NO,,
2026-05-30,MANUAL,Nick Fortes,Tampa Bay Rays,Reid Detmers,FanDuel,+485,0.1945,0.0709,0.0236,61,B,WATCH,5,4,0.0,NO,,
2026-05-30,MANUAL,Manny Machado,San Diego Padres,Foster Griffin,BetMGM,+530,0.1824,0.0709,0.0236,55,B,WATCH,5,6,0.0,NO,,
2026-05-30,MANUAL,Alejandro Osuna,Texas Rangers,Seth Lugo,BetMGM,+636,0.1593,0.0715,0.0235,42,C,WATCH,5,8,0.0,NO,,
2026-05-30,MANUAL,Aramis Garcia,Arizona Diamondbacks,Bryan Woo,DraftKings,+507,0.1876,0.0709,0.0228,58,B,WATCH,6,5,0.0,NO,,
2026-05-30,MANUAL,Dalton Rushing,Los Angeles Dodgers,Jesús Luzardo,FanDuel,+507,0.1869,0.0706,0.0221,58,B,WATCH,5,5,0.0,NO,,
2026-05-30,MANUAL,Masyn Winn,St. Louis Cardinals,Ben Brown,DraftKings,+524,0.1824,0.0709,0.0221,55,B,WATCH,3,5,0.0,NO,,
2026-05-30,MANUAL,Tyler Tolbert,Kansas City Royals,Kumar Rocker,DraftKings,+516,0.1824,0.0709,0.02,55,B,WATCH,4,6,0.0,NO,,
2026-05-30,MANUAL,Alika Williams,Athletics,Ryan Weathers,DraftKings,+420,0.2119,0.0709,0.0196,70,B,WATCH,6,1,0.0,NO,,
2026-05-30,MANUAL,Dansby Swanson,Chicago Cubs,Kyle Leahy,FanDuel,+579,0.1667,0.0709,0.0195,46,C,WATCH,7,7,0.0,NO,,
2026-05-30,MANUAL,Isiah Kiner-Falefa,Boston Red Sox,Parker Messick,BetMGM,+456,0.1992,0.0713,0.0194,63,B,WATCH,5,3,0.0,NO,,
2026-05-30,MANUAL,JJ Bleday,Cincinnati Reds,Martín Pérez,BetMGM,+514,0.1818,0.0707,0.0189,54,C,WATCH,2,6,0.0,NO,,
2026-05-30,MANUAL,Rafael Marchán,Philadelphia Phillies,Roki Sasaki,BetMGM,+433,0.2062,0.0713,0.0186,67,B,WATCH,3,2,0.0,NO,,
2026-05-30,MANUAL,Thomas Saggese,St. Louis Cardinals,Ben Brown,BetMGM,+615,0.158,0.0709,0.0182,41,C,WATCH,4,7,0.0,NO,,
2026-05-30,MANUAL,Derek Hill,Chicago White Sox,Framber Valdez,DraftKings,+508,0.1824,0.0709,0.0179,54,C,WATCH,3,6,0.0,NO,,
2026-05-30,MANUAL,Edouard Julien,Colorado Rockies,Adrian Houser,DraftKings,+506,0.1825,0.0709,0.0175,54,C,WATCH,4,6,0.0,NO,,
2026-05-30,MANUAL,Logan O'Hoppe,Los Angeles Angels,Drew Rasmussen,BetMGM,+493,0.1859,0.0703,0.0173,67,B,WATCH,4,5,0.0,NO,,
2026-05-30,MANUAL,Patrick Bailey,Cleveland Guardians,Sonny Gray,DraftKings,+464,0.1945,0.0709,0.0172,61,B,WATCH,4,4,0.0,NO,,
2026-05-30,MANUAL,Jorge Barrosa,Arizona Diamondbacks,Bryan Woo,BetMGM,+607,0.158,0.0709,0.0166,41,C,WATCH,7,8,0.0,NO,,
2026-05-30,MANUAL,Ryan McMahon,New York Yankees,J.T. Ginn,BetMGM,+559,0.168,0.0714,0.0163,46,C,WATCH,8,7,0.0,NO,,
2026-05-30,MANUAL,Freddie Freeman,Los Angeles Dodgers,Jesús Luzardo,BetMGM,+432,0.2042,0.0706,0.0162,66,B,WATCH,6,2,0.0,NO,,
2026-05-30,MANUAL,Marcus Semien,New York Mets,Tyler Phillips,BetMGM,+501,0.1824,0.0709,0.016,54,C,WATCH,6,6,0.0,NO,,
2026-05-30,MANUAL,Matt McLain,Cincinnati Reds,Martín Pérez,BetMGM,+411,0.2112,0.0707,0.0155,70,B,WATCH,3,1,0.0,NO,,
2026-05-30,MANUAL,Willy Adames,San Francisco Giants,Ryan Feltner,FanDuel,+559,0.1667,0.0709,0.015,46,C,WATCH,4,7,0.0,NO,,
2026-05-30,MANUAL,Mickey Gasper,Boston Red Sox,Parker Messick,DraftKings,+422,0.2062,0.0713,0.0146,66,B,WATCH,6,2,0.0,NO,,
2026-05-30,MANUAL,Nick Madrigal,Los Angeles Angels,Drew Rasmussen,DraftKings,+556,0.1667,0.0709,0.0143,45,C,WATCH,5,7,0.0,NO,,
2026-05-30,MANUAL,Nick Sogard,Boston Red Sox,Parker Messick,DraftKings,+590,0.159,0.0713,0.0141,41,C,WATCH,7,8,0.0,NO,,
2026-05-30,MANUAL,Oliver Dunn,Tampa Bay Rays,Reid Detmers,BetMGM,+554,0.1667,0.0709,0.0138,45,C,WATCH,6,7,0.0,NO,,
2026-05-30,MANUAL,Rhys Hoskins,Cleveland Guardians,Sonny Gray,DraftKings,+404,0.2119,0.0709,0.0135,70,B,WATCH,5,1,0.0,NO,,
2026-05-30,MANUAL,Luisangel Acuña,Chicago White Sox,Framber Valdez,DraftKings,+552,0.1667,0.0709,0.0134,45,C,WATCH,4,7,0.0,NO,,
2026-05-30,MANUAL,Mike Yastrzemski,Atlanta Braves,Brady Singer,BetMGM,+617,0.1528,0.0709,0.0134,38,D,WATCH,5,9,0.0,NO,,
2026-05-30,MANUAL,Harrison Bader,San Francisco Giants,Ryan Feltner,FanDuel,+616,0.1528,0.0709,0.0132,38,D,WATCH,5,9,0.0,NO,,
2026-05-30,MANUAL,Joey Ortiz,Milwaukee Brewers,Peter Lambert,FanDuel,+545,0.1675,0.0712,0.0125,45,C,WATCH,5,7,0.0,NO,,
2026-05-30,MANUAL,Drew Gilbert,San Francisco Giants,Ryan Feltner,BetMGM,+587,0.158,0.0709,0.0125,41,C,WATCH,6,8,0.0,NO,,
2026-05-30,MANUAL,TJ Rumfield,Colorado Rockies,Adrian Houser,DraftKings,+400,0.212,0.0709,0.012,69,B,WATCH,5,1,0.0,NO,,
2026-05-30,MANUAL,Randal Grichuk,Chicago White Sox,Framber Valdez,BetMGM,+445,0.1945,0.0709,0.011,60,B,WATCH,5,4,0.0,NO,,
2026-05-30,MANUAL,Freddy Fermin,San Diego Padres,Foster Griffin,DraftKings,+465,0.1876,0.0709,0.0106,56,B,WATCH,6,5,0.0,NO,,
2026-05-30,MANUAL,Tyler Stephenson,Cincinnati Reds,Martín Pérez,DraftKings,+445,0.1939,0.0707,0.0104,60,B,WATCH,4,4,0.0,NO,,
2026-05-30,MANUAL,Gunnar Henderson,Baltimore Orioles,Trey Yesavage,BetMGM,+587,0.156,0.0724,0.0104,38,D,WATCH,6,9,0.0,NO,,
2026-05-30,MANUAL,Konnor Griffin,Pittsburgh Pirates,Bailey Ober,BetMGM,+537,0.1667,0.0709,0.0097,45,C,WATCH,5,7,0.0,NO,,
2026-05-30,MANUAL,Jeff McNeil,Athletics,Ryan Weathers,BetMGM,+429,0.198,0.0709,0.009,62,B,WATCH,7,3,0.0,NO,,
2026-05-30,MANUAL,TJ Friedl,Cincinnati Reds,Martín Pérez,BetMGM,+596,0.1523,0.0707,0.0087,37,D,WATCH,5,9,0.0,NO,,
2026-05-30,MANUAL,Brooks Lee,Minnesota Twins,Mitch Keller,DraftKings,+475,0.1824,0.0709,0.0084,53,C,WATCH,3,6,0.0,NO,,
2026-05-30,MANUAL,Garrett Stubbs,Philadelphia Phillies,Roki Sasaki,BetMGM,+453,0.1887,0.0713,0.0079,56,B,WATCH,4,5,0.0,NO,,
2026-05-30,MANUAL,Josh Jung,Texas Rangers,Seth Lugo,DraftKings,+523,0.1681,0.0715,0.0076,45,C,WATCH,6,7,0.0,NO,,
2026-05-30,MANUAL,Andrew Benintendi,Chicago White Sox,Framber Valdez,DraftKings,+564,0.158,0.0709,0.0074,40,C,WATCH,6,8,0.0,NO,,
2026-05-30,MANUAL,Bobby Witt Jr.,Kansas City Royals,Kumar Rocker,DraftKings,+561,0.158,0.0709,0.0068,40,C,WATCH,5,8,0.0,NO,,
2026-05-30,MANUAL,Alex Call,Los Angeles Dodgers,Jesús Luzardo,BetMGM,+587,0.1523,0.0706,0.0067,37,D,WATCH,7,8,0.0,NO,,
2026-05-30,MANUAL,Luke Keaschall,Minnesota Twins,Mitch Keller,DraftKings,+386,0.2119,0.0709,0.0061,69,B,WATCH,4,1,0.0,NO,,
2026-05-30,MANUAL,Dane Myers,Cincinnati Reds,Martín Pérez,FanDuel,+560,0.1575,0.0707,0.006,40,C,WATCH,6,8,0.0,NO,,
2026-05-30,MANUAL,Joe Mack,Miami Marlins,Christian Scott,BetMGM,+450,0.1876,0.0709,0.0057,56,B,WATCH,3,5,0.0,NO,,
2026-05-30,MANUAL,Henry Davis,Pittsburgh Pirates,Bailey Ober,DraftKings,+428,0.1945,0.0709,0.0051,59,B,WATCH,6,4,0.0,NO,,
2026-05-30,MANUAL,Julio Rodríguez,Seattle Mariners,Ryne Nelson,BetMGM,+577,0.1528,0.0709,0.0051,37,D,WATCH,5,9,0.0,NO,,
2026-05-30,MANUAL,Sebastián Rivero,Los Angeles Angels,Drew Rasmussen,FanDuel,+427,0.1945,0.0709,0.0048,59,B,WATCH,6,4,0.0,NO,,
2026-05-30,MANUAL,Sam Haggerty,Texas Rangers,Seth Lugo,BetMGM,+570,0.1541,0.0715,0.0048,37,D,WATCH,7,9,0.0,NO,,
2026-05-30,MANUAL,Xavier Edwards,Miami Marlins,Christian Scott,DraftKings,+414,0.199,0.0713,0.0045,81,B,WATCH,4,3,0.0,NO,,
2026-05-30,MANUAL,Tyler Soderstrom,Athletics,Ryan Weathers,BetMGM,+550,0.158,0.0709,0.0042,40,C,WATCH,8,8,0.0,NO,,
2026-05-30,MANUAL,Elly De La Cruz,Cincinnati Reds,Martín Pérez,BetMGM,+417,0.1973,0.0707,0.0039,61,B,WATCH,7,3,0.0,NO,,
2026-05-30,MANUAL,Andrew Vaughn,Milwaukee Brewers,Peter Lambert,BetMGM,+422,0.1955,0.0712,0.0039,59,B,WATCH,6,4,0.0,NO,,
2026-05-30,MANUAL,Isaac Collins,Kansas City Royals,Kumar Rocker,FanDuel,+570,0.1528,0.0709,0.0036,37,D,WATCH,6,9,0.0,NO,,
2026-05-30,MANUAL,Angel Martínez,Cleveland Guardians,Sonny Gray,DraftKings,+546,0.158,0.0709,0.0032,39,D,WATCH,6,8,0.0,NO,,
2026-05-30,MANUAL,Victor Scott II,St. Louis Cardinals,Ben Brown,BetMGM,+567,0.1528,0.0709,0.0029,37,D,WATCH,5,8,0.0,NO,,
2026-05-30,MANUAL,Daniel Schneemann,Cleveland Guardians,Sonny Gray,DraftKings,+564,0.1528,0.0709,0.0022,37,D,WATCH,7,9,0.0,NO,,
2026-05-30,MANUAL,José Ramírez,Cleveland Guardians,Sonny Gray,DraftKings,+453,0.1824,0.0709,0.0015,52,C,WATCH,8,6,0.0,NO,,
2026-05-30,MANUAL,Kody Clemens,Minnesota Twins,Mitch Keller,BetMGM,+391,0.2049,0.0709,0.0013,64,B,WATCH,5,2,0.0,NO,,
2026-05-30,MANUAL,Willi Castro,Colorado Rockies,Adrian Houser,DraftKings,+501,0.1668,0.0709,0.0004,44,C,WATCH,6,7,0.0,NO,,
2026-05-30,MANUAL,Xander Bogaerts,San Diego Padres,Foster Griffin,DraftKings,+500,0.1667,0.0709,0.0001,44,C,WATCH,7,7,0.0,NO,,
2026-05-30,MANUAL,Jonathan Aranda,Tampa Bay Rays,Reid Detmers,BetMGM,+388,0.2049,0.0709,0.0,64,B,WATCH,7,2,0.0,NO,,
2026-05-30,MANUAL,Alex Jackson,Minnesota Twins,Mitch Keller,BetMGM,+431,0.1876,0.0709,-0.0008,55,C,WATCH,6,5,0.0,NO,,
2026-05-30,MANUAL,Cam Smith,Houston Astros,Brandon Sproat,DraftKings,+446,0.1824,0.0709,-0.0008,52,C,WATCH,5,6,0.0,NO,,
2026-05-30,MANUAL,Jake Burger,Texas Rangers,Seth Lugo,DraftKings,+381,0.2066,0.0715,-0.0013,64,C,WATCH,8,2,0.0,NO,,
2026-05-30,MANUAL,Luis García Jr.,Washington Nationals,Michael King,FanDuel,+401,0.198,0.0709,-0.0016,60,C,WATCH,5,3,0.0,NO,,
2026-05-30,MANUAL,Kyle Higashioka,Texas Rangers,Seth Lugo,DraftKings,+405,0.1961,0.0715,-0.0019,59,C,WATCH,9,4,0.0,NO,,
2026-05-30,MANUAL,Orlando Arcia,Minnesota Twins,Mitch Keller,BetMGM,+493,0.1667,0.0709,-0.0019,44,C,WATCH,7,7,0.0,NO,,
2026-05-30,MANUAL,Nasim Nuñez,Washington Nationals,Michael King,DraftKings,+442,0.1824,0.0709,-0.0021,52,C,WATCH,6,6,0.0,NO,,
2026-05-30,MANUAL,Jahmai Jones,Detroit Tigers,Anthony Kay,BetMGM,+431,0.1861,0.0723,-0.0022,52,C,WATCH,4,6,0.0,NO,,
2026-05-30,MANUAL,Daniel Susac,San Francisco Giants,Ryan Feltner,FanDuel,+426,0.1876,0.0709,-0.0025,55,C,WATCH,7,5,0.0,NO,,
2026-05-30,MANUAL,Bryce Harper,Philadelphia Phillies,Roki Sasaki,BetMGM,+359,0.2153,0.072,-0.0026,96,C,WATCH,5,1,0.0,NO,,
2026-05-30,MANUAL,Jackson Merrill,San Diego Padres,Foster Griffin,DraftKings,+543,0.1528,0.0709,-0.0027,36,D,WATCH,8,9,0.0,NO,,
2026-05-30,MANUAL,Henry Bolte,Athletics,Ryan Weathers,BetMGM,+542,0.1528,0.0709,-0.0029,36,D,WATCH,9,9,0.0,NO,,
2026-05-30,MANUAL,Andrés Chaparro,Washington Nationals,Michael King,DraftKings,+381,0.2049,0.0709,-0.003,64,C,WATCH,7,2,0.0,NO,,
2026-05-30,MANUAL,Adam Frazier,Los Angeles Angels,Drew Rasmussen,DraftKings,+381,0.2049,0.0709,-0.003,64,C,WATCH,7,2,0.0,NO,,
2026-05-30,MANUAL,Kyle Karros,Colorado Rockies,Adrian Houser,BetMGM,+520,0.1581,0.0709,-0.0031,39,D,WATCH,7,8,0.0,NO,,
2026-05-30,MANUAL,Trea Turner,Philadelphia Phillies,Roki Sasaki,FanDuel,+517,0.159,0.0713,-0.0031,39,D,WATCH,6,8,0.0,NO,,
2026-05-30,MANUAL,Wenceel Pérez,Detroit Tigers,Anthony Kay,DraftKings,+475,0.1702,0.0723,-0.0038,44,C,WATCH,5,7,0.0,NO,,
2026-05-30,MANUAL,Pedro Pagés,St. Louis Cardinals,Ben Brown,BetMGM,+404,0.1945,0.0709,-0.0039,58,C,WATCH,6,4,0.0,NO,,
2026-05-30,MANUAL,Eric Haase,San Francisco Giants,Ryan Feltner,BetMGM,+404,0.1945,0.0709,-0.0039,58,C,WATCH,8,4,0.0,NO,,
2026-05-30,MANUAL,Ozzie Albies,Atlanta Braves,Brady Singer,FanDuel,+362,0.2119,0.0709,-0.0046,67,C,WATCH,6,1,0.0,NO,,
2026-05-30,MANUAL,Brice Turang,Milwaukee Brewers,Peter Lambert,FanDuel,+357,0.2129,0.0712,-0.0059,67,C,WATCH,7,1,0.0,NO,,
2026-05-30,MANUAL,Sal Stewart,Cincinnati Reds,Martín Pérez,DraftKings,+374,0.2043,0.0707,-0.0067,63,C,WATCH,8,2,0.0,NO,,
2026-05-30,MANUAL,Mookie Betts,Los Angeles Dodgers,Jesús Luzardo,BetMGM,+497,0.1604,0.0719,-0.0071,58,C,WATCH,8,7,0.0,NO,,
2026-05-30,MANUAL,Taylor Walls,Tampa Bay Rays,Reid Detmers,BetMGM,+503,0.158,0.0709,-0.0078,38,D,WATCH,8,8,0.0,NO,,
2026-05-30,MANUAL,Brandon Marsh,Philadelphia Phillies,Roki Sasaki,DraftKings,+519,0.1538,0.0713,-0.0078,35,D,WATCH,7,9,0.0,NO,,
2026-05-30,MANUAL,Brayan Rocchio,Cleveland Guardians,Sonny Gray,BetMGM,+467,0.1667,0.0709,-0.0096,43,C,WATCH,9,7,0.0,NO,,
2026-05-30,MANUAL,Kevin McGonigle,Detroit Tigers,Anthony Kay,FanDuel,+397,0.1914,0.0723,-0.0098,54,C,WATCH,6,5,0.0,NO,,
2026-05-30,MANUAL,Chandler Simpson,Tampa Bay Rays,Reid Detmers,BetMGM,+515,0.1528,0.0709,-0.0098,35,D,WATCH,9,9,0.0,NO,,
2026-05-30,MANUAL,Carter Jensen,Kansas City Royals,Kumar Rocker,BetMGM,+406,0.1876,0.0709,-0.0101,54,C,WATCH,7,5,0.0,NO,,
2026-05-30,MANUAL,Hao-Yu  Lee,Detroit Tigers,Anthony Kay,BetMGM,+481,0.1613,0.0723,-0.0108,38,D,WATCH,7,8,0.0,NO,,
2026-05-30,MANUAL,Heriberto Hernández,Miami Marlins,Christian Scott,DraftKings,+507,0.1528,0.0709,-0.0119,35,D,WATCH,5,7,0.0,NO,,
2026-05-30,MANUAL,J.T. Realmuto,Philadelphia Phillies,Roki Sasaki,BetMGM,+381,0.1957,0.0713,-0.0122,57,C,WATCH,8,4,0.0,NO,,
2026-05-30,MANUAL,José Fermín,St. Louis Cardinals,Ben Brown,FanDuel,+458,0.1667,0.0709,-0.0125,42,C,WATCH,7,6,0.0,NO,,
2026-05-30,MANUAL,Andruw Monasterio,Boston Red Sox,Parker Messick,DraftKings,+499,0.1538,0.0713,-0.0132,35,D,WATCH,8,9,0.0,NO,,
2026-05-30,MANUAL,Nolan Gorman,St. Louis Cardinals,Ben Brown,DraftKings,+373,0.198,0.0709,-0.0134,59,C,WATCH,8,3,0.0,NO,,
2026-05-30,MANUAL,Tyler Heineman,Toronto Blue Jays,Brandon Young,BetMGM,+377,0.1956,0.0713,-0.0141,57,C,WATCH,5,4,0.0,NO,,
2026-05-30,MANUAL,Jose Siri,Los Angeles Angels,Drew Rasmussen,FanDuel,+499,0.1528,0.0709,-0.0141,35,D,WATCH,8,9,0.0,NO,,
2026-05-30,MANUAL,Miguel Vargas,Chicago White Sox,Framber Valdez,FanDuel,+353,0.2049,0.0709,-0.0158,62,C,WATCH,7,2,0.0,NO,,
2026-05-30,MANUAL,Bryson Stott,Philadelphia Phillies,Roki Sasaki,FanDuel,+365,0.1992,0.0713,-0.0158,59,C,WATCH,9,3,0.0,NO,,
2026-05-30,MANUAL,Patrick Wisdom,Seattle Mariners,Ryne Nelson,DraftKings,+403,0.1824,0.0709,-0.0165,50,C,WATCH,6,6,0.0,NO,,
2026-05-30,MANUAL,Matt Chapman,San Francisco Giants,Ryan Feltner,BetMGM,+401,0.1824,0.0709,-0.0172,50,C,WATCH,9,6,0.0,NO,,
2026-05-30,MANUAL,Geraldo Perdomo,Arizona Diamondbacks,Bryan Woo,BetMGM,+401,0.1824,0.0709,-0.0172,50,C,WATCH,8,6,0.0,NO,,
2026-05-30,MANUAL,Ernie Clement,Toronto Blue Jays,Brandon Young,BetMGM,+361,0.1991,0.0713,-0.0178,58,C,WATCH,6,3,0.0,NO,,
2026-05-30,MANUAL,Dillon Dingler,Detroit Tigers,Anthony Kay,FanDuel,+362,0.1985,0.0723,-0.0179,57,C,WATCH,8,4,0.0,NO,,
2026-05-30,MANUAL,Jeremy Peña,Houston Astros,Brandon Sproat,BetMGM,+386,0.1876,0.0709,-0.0182,53,C,WATCH,6,5,0.0,NO,,
2026-05-30,MANUAL,Brandon Valenzuela,Toronto Blue Jays,Brandon Young,DraftKings,+382,0.1886,0.0713,-0.0189,53,C,WATCH,7,5,0.0,NO,,
2026-05-30,MANUAL,J.P. Crawford,Seattle Mariners,Ryne Nelson,DraftKings,+438,0.1667,0.0709,-0.0191,41,C,WATCH,7,7,0.0,NO,,
2026-05-30,MANUAL,Salvador Perez,Kansas City Royals,Kumar Rocker,FanDuel,+368,0.1945,0.0709,-0.0192,56,C,WATCH,8,4,0.0,NO,,
2026-05-30,MANUAL,Jorge Mateo,Atlanta Braves,Brady Singer,DraftKings,+432,0.1667,0.0709,-0.0212,41,C,WATCH,7,7,0.0,NO,,
2026-05-30,MANUAL,Sam Antonacci,Chicago White Sox,Framber Valdez,DraftKings,+472,0.1528,0.0709,-0.022,34,D,WATCH,8,9,0.0,NO,,
2026-05-30,MANUAL,Nick Gonzales,Pittsburgh Pirates,Bailey Ober,DraftKings,+389,0.1824,0.0709,-0.0221,49,C,WATCH,7,6,0.0,NO,,
2026-05-30,MANUAL,Jake Mangum,Pittsburgh Pirates,Bailey Ober,DraftKings,+471,0.1528,0.0709,-0.0223,34,D,WATCH,8,9,0.0,NO,,
2026-05-30,MANUAL,Ramón Laureano,San Diego Padres,Foster Griffin,BetMGM,+454,0.158,0.0709,-0.0225,36,D,WATCH,9,8,0.0,NO,,
2026-05-30,MANUAL,Chad Stevens,Colorado Rockies,Adrian Houser,BetMGM,+352,0.1981,0.0709,-0.0231,58,C,WATCH,8,3,0.0,NO,,
2026-05-30,MANUAL,Andrés Giménez,Toronto Blue Jays,Brandon Young,FanDuel,+424,0.1676,0.0713,-0.0232,41,C,WATCH,8,7,0.0,NO,,
2026-05-30,MANUAL,Liam Hicks,Miami Marlins,Christian Scott,FanDuel,+358,0.1945,0.0709,-0.0238,56,C,WATCH,6,4,0.0,NO,,
2026-05-30,MANUAL,Zack Short,Detroit Tigers,Anthony Kay,DraftKings,+453,0.156,0.0723,-0.0249,34,D,WATCH,9,9,0.0,NO,,
2026-05-30,MANUAL,Trevor Larnach,Minnesota Twins,Mitch Keller,BetMGM,+457,0.1528,0.0709,-0.0267,33,D,WATCH,8,9,0.0,NO,,
2026-05-30,MANUAL,Carlos Narváez,Boston Red Sox,Parker Messick,BetMGM,+361,0.1887,0.0713,-0.0282,52,C,WATCH,9,5,0.0,NO,,
2026-05-30,MANUAL,Bo Bichette,New York Mets,Tyler Phillips,BetMGM,+410,0.1667,0.0709,-0.0294,40,C,WATCH,7,7,0.0,NO,,
2026-05-30,MANUAL,Chase Meidroth,Chicago White Sox,Framber Valdez,DraftKings,+360,0.1876,0.0709,-0.0298,51,C,WATCH,9,5,0.0,NO,,
2026-05-30,MANUAL,Jhonny Pereda,Seattle Mariners,Ryne Nelson,DraftKings,+359,0.1876,0.0709,-0.0303,51,C,WATCH,8,5,0.0,NO,,
2026-05-30,MANUAL,Ezequiel Tovar,Colorado Rockies,Adrian Houser,DraftKings,+438,0.1529,0.0709,-0.0329,32,D,WATCH,9,9,0.0,NO,,
2026-05-30,MANUAL,Otto Lopez,Miami Marlins,Christian Scott,BetMGM,+475,0.1411,0.0705,-0.0329,21,D,WATCH,7,8,0.0,NO,,
2026-05-30,MANUAL,Javier Sanoja,Miami Marlins,Christian Scott,BetMGM,+364,0.1824,0.0709,-0.0332,48,C,WATCH,8,6,0.0,NO,,
2026-05-30,MANUAL,Ian Happ,Chicago Cubs,Kyle Leahy,DraftKings,+421,0.158,0.0709,-0.0339,35,D,WATCH,8,8,0.0,NO,,
2026-05-30,MANUAL,Pete Alonso,Baltimore Orioles,Trey Yesavage,BetMGM,+311,0.2092,0.0724,-0.0341,60,C,WATCH,7,2,0.0,NO,,
2026-05-30,MANUAL,Matt Olson,Atlanta Braves,Brady Singer,FanDuel,+315,0.2049,0.0709,-0.036,60,C,WATCH,8,2,0.0,NO,,
2026-05-30,MANUAL,Jake Meyers,Houston Astros,Brandon Sproat,FanDuel,+407,0.158,0.0709,-0.0392,34,D,WATCH,7,8,0.0,NO,,
2026-05-30,MANUAL,Jackson Chourio,Milwaukee Brewers,Peter Lambert,DraftKings,+405,0.1588,0.0712,-0.0392,34,D,WATCH,8,8,0.0,NO,,
2026-05-30,MANUAL,Weston Wilson,Baltimore Orioles,Trey Yesavage,BetMGM,+398,0.1613,0.0724,-0.0395,35,D,WATCH,8,8,0.0,NO,,
2026-05-30,MANUAL,Spencer Steer,Cincinnati Reds,Martín Pérez,BetMGM,+382,0.1662,0.0707,-0.0413,39,D,WATCH,9,7,0.0,NO,,
2026-05-30,MANUAL,Pete Crow-Armstrong,Chicago Cubs,Kyle Leahy,BetMGM,+414,0.1528,0.0709,-0.0417,31,D,WATCH,9,9,0.0,NO,,
2026-05-30,MANUAL,Zach Neto,Los Angeles Angels,Drew Rasmussen,DraftKings,+394,0.1588,0.0712,-0.0436,38,D,WATCH,9,8,0.0,NO,,
2026-05-30,MANUAL,Coby Mayo,Baltimore Orioles,Trey Yesavage,DraftKings,+367,0.1702,0.0724,-0.044,39,D,WATCH,9,7,0.0,NO,,
2026-05-30,MANUAL,Brett Baty,New York Mets,Tyler Phillips,BetMGM,+395,0.158,0.0709,-0.044,34,D,WATCH,8,8,0.0,NO,,
2026-05-30,MANUAL,CJ Abrams,Washington Nationals,Michael King,BetMGM,+394,0.158,0.0709,-0.0444,34,D,WATCH,8,8,0.0,NO,,
2026-05-30,MANUAL,Randy Arozarena,Seattle Mariners,Ryne Nelson,DraftKings,+393,0.158,0.0709,-0.0448,34,D,WATCH,9,8,0.0,NO,,
2026-05-30,MANUAL,Maikel Garcia,Kansas City Royals,Kumar Rocker,DraftKings,+371,0.1667,0.0709,-0.0456,38,D,WATCH,9,7,0.0,NO,,
2026-05-30,MANUAL,Austin Martin,Minnesota Twins,Mitch Keller,FanDuel,+391,0.158,0.0709,-0.0456,34,D,WATCH,9,8,0.0,NO,,
2026-05-30,MANUAL,Yordan Alvarez,Houston Astros,Brandon Sproat,DraftKings,+313,0.1945,0.0709,-0.0476,53,C,WATCH,8,4,0.0,NO,,
2026-05-30,MANUAL,José Caballero,New York Yankees,J.T. Ginn,FanDuel,+392,0.154,0.0714,-0.0493,30,D,WATCH,9,9,0.0,NO,,
2026-05-30,MANUAL,Bryan Reynolds,Pittsburgh Pirates,Bailey Ober,FanDuel,+365,0.158,0.0709,-0.057,32,D,WATCH,9,8,0.0,NO,,
2026-05-30,MANUAL,Daulton Varsho,Toronto Blue Jays,Brandon Young,FanDuel,+374,0.1537,0.0713,-0.0573,29,D,WATCH,9,9,0.0,NO,,
2026-05-30,MANUAL,Mauricio Dubón,Atlanta Braves,Brady Singer,FanDuel,+362,0.158,0.0709,-0.0584,32,D,WATCH,9,8,0.0,NO,,
2026-05-30,MANUAL,Daylen Lile,Washington Nationals,Michael King,BetMGM,+372,0.1528,0.0709,-0.059,29,D,WATCH,9,9,0.0,NO,,
2026-05-30,MANUAL,Christian Vázquez,Houston Astros,Brandon Sproat,DraftKings,+362,0.1528,0.0709,-0.0636,29,D,WATCH,9,9,0.0,NO,,
2026-05-30,MANUAL,Blake Perkins,Milwaukee Brewers,Peter Lambert,BetMGM,+359,0.1536,0.0712,-0.0643,29,D,WATCH,9,9,0.0,NO,,
2026-05-30,MANUAL,Vidal Bruján,New York Mets,Tyler Phillips,FanDuel,+359,0.1528,0.0709,-0.065,29,D,WATCH,9,9,0.0,NO,,
2026-05-30,MANUAL,Ryan Waldschmidt,Arizona Diamondbacks,Bryan Woo,BetMGM,+357,0.1528,0.0709,-0.066,28,D,WATCH,9,9,0.0,NO,,
2026-05-29,,Gabriel Moreno,Arizona Diamondbacks,George Kirby,DraftKings,617,0.2123,0.071,0.0728,77,B,,,,1.0,YES 🔥,,
2026-05-29,,Rhys Hoskins,Cleveland Guardians,Tyler Samaniego,BetMGM,616,0.2123,0.071,0.0726,77,B,,,,1.0,YES 🔥,,
2026-05-29,,Nick Sogard,Boston Red Sox,Slade Cecconi,DraftKings,596,0.213,0.0713,0.0693,76,B,,,,1.0,YES 🔥,,
2026-05-29,,Freddie Freeman,Los Angeles Dodgers,Zack Wheeler,DraftKings,627,0.206,0.0712,0.0684,73,B,,,,0.5,YES 🔥,,
2026-05-29,,Christian Walker,Houston Astros,Coleman Crow,FanDuel,594,0.2123,0.071,0.0682,76,B,,,,1.0,YES 🔥,,
2026-05-29,,Rafael Devers,San Francisco Giants,Michael Lorenzen,FanDuel,592,0.2123,0.071,0.0678,76,B,,,,1.0,YES 🔥,,
2026-05-29,,Junior Caminero,Tampa Bay Rays,Walbert Ureña,FanDuel,623,0.2053,0.071,0.067,72,B,,,,0.5,YES 🔥,,
2026-05-29,,James Outman,Minnesota Twins,Jared Jones,BetMGM,586,0.2123,0.071,0.0665,76,B,,,,1.0,YES 🔥,,
2026-05-29,,Bryson Stott,Philadelphia Phillies,Justin Wrobleski,BetMGM,650,0.199,0.0713,0.0657,68,B,,,,0.5,YES 🔥,,
2026-05-29,,Curtis Mead,Washington Nationals,Lucas Giolito,DraftKings,616,0.2053,0.071,0.0656,72,B,,,,0.5,YES 🔥,,
2026-05-29,,Jackson Chourio,Milwaukee Brewers,Kai-Wei Teng,DraftKings,655,0.1958,0.0714,0.0634,66,B,,,,0.5,YES 🔥,,
2026-05-29,,Tyler Soderstrom,Athletics,Carlos Rodón,BetMGM,629,0.1983,0.071,0.0612,68,B,,,,0.5,YES 🔥,,
2026-05-29,,Hunter Goodman,Colorado Rockies,Logan Webb,BetMGM,563,0.2116,0.0708,0.0608,75,B,,,,1.0,YES 🔥,,
2026-05-29,,MJ Melendez,New York Mets,Max Meyer,BetMGM,547,0.2123,0.071,0.0577,75,B,,,,1.0,YES 🔥,,
2026-05-29,,Luke Raley,Seattle Mariners,Zac Gallen,DraftKings,608,0.1983,0.071,0.0571,67,B,,,,0.5,YES 🔥,,
2026-05-29,,Ernie Clement,Toronto Blue Jays,Trevor Rogers,DraftKings,617,0.1965,0.0716,0.0571,66,B,,,,0.5,YES 🔥,,
2026-05-29,,Manny Machado,San Diego Padres,Paxton Schultz,FanDuel,542,0.2123,0.071,0.0565,75,B,,,,1.0,YES 🔥,,
2026-05-29,,Samuel Basallo,Baltimore Orioles,Adam Macko,FanDuel,593,0.1992,0.0713,0.0549,67,B,,,,0.5,YES 🔥,,
2026-05-29,,Jazz Chisholm Jr.,New York Yankees,Luis Severino,FanDuel,587,0.1999,0.0716,0.0543,67,B,,,,0.5,YES 🔥,,
2026-05-29,,Mike Trout,Los Angeles Angels,Nick Martinez,DraftKings,588,0.1992,0.0726,0.0539,86,A,,,,0.5,YES 🔥,,
2026-05-29,,Jake Burger,Texas Rangers,Stephen Kolek,FanDuel,530,0.2118,0.0709,0.0531,74,B,,,,1.0,YES 🔥,,
2026-05-29,,Jordan Walker,St. Louis Cardinals,Shota Imanaga,DraftKings,555,0.2053,0.071,0.0526,71,B,,,,0.5,YES 🔥,,
2026-05-29,,Dominic Smith,Atlanta Braves,Chris Paddack,DraftKings,584,0.1983,0.071,0.0521,67,B,,,,0.5,YES 🔥,,
2026-05-29,,Maikel Garcia,Kansas City Royals,MacKenzie Gore,BetMGM,544,0.2053,0.071,0.05,70,B,,,,0.5,YES 🔥,,
2026-05-29,,Oneil Cruz,Pittsburgh Pirates,Taj Bradley,BetMGM,567,0.1983,0.071,0.0484,66,B,,,,0.5,YES 🔥,,
2026-05-29,,Eugenio Suárez,Cincinnati Reds,Grant Holmes,DraftKings,554,0.1976,0.0708,0.0447,66,B,,,,0.5,YES 🔥,,
2026-05-29,,Ian Happ,Chicago Cubs,Andre Pallante,DraftKings,538,0.1983,0.071,0.0416,66,B,,,,0.5,YES 🔥,,
2026-05-29,,Hao-Yu  Lee,Detroit Tigers,Erick Fedde,FanDuel,503,0.2066,0.0715,0.0408,69,B,,,,0.5,YES 🔥,,
2026-05-29,,Rafael Devers,San Francisco Giants,Michael Lorenzen,BetMGM,658,0.2123,0.071,0.0803,78,B,,,,0.0,NO,,
2026-05-29,,JJ Wetherholt,St. Louis Cardinals,Shota Imanaga,FanDuel,638,0.2123,0.071,0.0768,77,B,,,,0.0,NO,,
2026-05-29,,Willson Contreras,Boston Red Sox,Slade Cecconi,DraftKings,639,0.2113,0.0707,0.076,77,B,,,,0.0,NO,,
2026-05-29,,Jared Young,New York Mets,Max Meyer,DraftKings,629,0.2123,0.071,0.0751,77,B,,,,0.0,NO,,
2026-05-29,,Michael Busch,Chicago Cubs,Andre Pallante,BetMGM,649,0.2053,0.071,0.0718,73,B,,,,0.0,NO,,
2026-05-29,,Manny Machado,San Diego Padres,Paxton Schultz,DraftKings,595,0.2123,0.071,0.0684,76,B,,,,0.0,NO,,
2026-05-29,,Christian Walker,Houston Astros,Coleman Crow,BetMGM,592,0.2123,0.071,0.0678,76,B,,,,0.0,NO,,
2026-05-29,,Ozzie Albies,Atlanta Braves,Chris Paddack,BetMGM,588,0.2123,0.071,0.0669,76,B,,,,0.0,NO,,
2026-05-29,,Kody Clemens,Minnesota Twins,Jared Jones,FanDuel,622,0.2053,0.071,0.0668,72,B,,,,0.0,NO,,
2026-05-29,,Chase DeLauter,Cleveland Guardians,Tyler Samaniego,DraftKings,621,0.2053,0.071,0.0666,72,B,,,,0.0,NO,,
2026-05-29,,CJ Abrams,Washington Nationals,Lucas Giolito,FanDuel,580,0.2123,0.071,0.0652,76,B,,,,0.0,NO,,
2026-05-29,,Chase DeLauter,Cleveland Guardians,Tyler Samaniego,BetMGM,609,0.2053,0.071,0.0643,72,B,,,,0.0,NO,,
2026-05-29,,César Prieto,St. Louis Cardinals,Shota Imanaga,BetMGM,646,0.1983,0.071,0.0643,68,B,,,,0.0,NO,,
2026-05-29,,Xander Bogaerts,San Diego Padres,Paxton Schultz,DraftKings,608,0.2053,0.071,0.0641,72,B,,,,0.0,NO,,
2026-05-29,,Curtis Mead,Washington Nationals,Lucas Giolito,BetMGM,608,0.2053,0.071,0.0641,72,B,,,,0.0,NO,,
2026-05-29,,Jake Rogers,Detroit Tigers,Erick Fedde,DraftKings,657,0.1961,0.0715,0.064,66,B,,,,0.0,NO,,
2026-05-29,,Liam Hicks,Miami Marlins,Freddy Peralta,BetMGM,664,0.1949,0.071,0.064,66,B,,,,0.0,NO,,
2026-05-29,,Spencer Torkelson,Detroit Tigers,Erick Fedde,BetMGM,619,0.2027,0.0726,0.0636,68,B,,,,0.0,NO,,
2026-05-29,,Taylor Walls,Tampa Bay Rays,Walbert Ureña,BetMGM,605,0.2053,0.071,0.0635,72,B,,,,0.0,NO,,
2026-05-29,,Maikel Garcia,Kansas City Royals,MacKenzie Gore,DraftKings,601,0.2053,0.071,0.0627,72,B,,,,0.0,NO,,
2026-05-29,,J.T. Realmuto,Philadelphia Phillies,Justin Wrobleski,DraftKings,648,0.1955,0.0713,0.0619,66,B,,,,0.0,NO,,
2026-05-29,,Austin Riley,Atlanta Braves,Chris Paddack,BetMGM,631,0.1983,0.071,0.0615,68,B,,,,0.0,NO,,
2026-05-29,,Andrés Chaparro,Washington Nationals,Lucas Giolito,BetMGM,595,0.2053,0.071,0.0614,72,B,,,,0.0,NO,,
2026-05-29,,Tristan Gray,Minnesota Twins,Jared Jones,DraftKings,629,0.1983,0.071,0.0612,68,B,,,,0.0,NO,,
2026-05-29,,Chandler Simpson,Tampa Bay Rays,Walbert Ureña,DraftKings,628,0.1983,0.071,0.061,68,B,,,,0.0,NO,,
2026-05-29,,Wilyer Abreu,Boston Red Sox,Slade Cecconi,DraftKings,588,0.206,0.0713,0.0607,72,B,,,,0.0,NO,,
2026-05-29,,Luis Rengifo,Milwaukee Brewers,Kai-Wei Teng,DraftKings,606,0.2015,0.0721,0.0598,64,C,,,,0.0,NO,,
2026-05-29,,Bobby Witt Jr.,Kansas City Royals,MacKenzie Gore,BetMGM,640,0.1949,0.071,0.0597,66,B,,,,0.0,NO,,
2026-05-29,,Bo Bichette,New York Mets,Max Meyer,BetMGM,639,0.1949,0.071,0.0595,66,B,,,,0.0,NO,,
2026-05-29,,Willson Contreras,Boston Red Sox,Slade Cecconi,BetMGM,551,0.213,0.0713,0.0594,75,B,,,,0.0,NO,,
2026-05-29,,Casey Schmitt,San Francisco Giants,Michael Lorenzen,DraftKings,585,0.2053,0.071,0.0593,71,B,,,,0.0,NO,,
2026-05-29,,Bryson Stott,Philadelphia Phillies,Justin Wrobleski,DraftKings,612,0.1996,0.0715,0.0592,68,B,,,,0.0,NO,,
2026-05-29,,Andy Pages,Los Angeles Dodgers,Zack Wheeler,FanDuel,630,0.1955,0.0712,0.0585,66,B,,,,0.0,NO,,
2026-05-29,,Colson Montgomery,Chicago White Sox,Troy Melton,BetMGM,549,0.2123,0.071,0.0582,75,B,,,,0.0,NO,,
2026-05-29,,Ryan Vilade,Tampa Bay Rays,Walbert Ureña,DraftKings,548,0.2123,0.071,0.0579,75,B,,,,0.0,NO,,
2026-05-29,,Junior Caminero,Tampa Bay Rays,Walbert Ureña,BetMGM,612,0.1983,0.071,0.0579,67,B,,,,0.0,NO,,
2026-05-29,,Wilyer Abreu,Boston Red Sox,Slade Cecconi,BetMGM,581,0.2044,0.0707,0.0576,71,B,,,,0.0,NO,,
2026-05-29,,Cole Young,Seattle Mariners,Zac Gallen,DraftKings,546,0.2123,0.071,0.0575,75,B,,,,0.0,NO,,
2026-05-29,,Kody Clemens,Minnesota Twins,Jared Jones,DraftKings,574,0.2053,0.071,0.0569,71,B,,,,0.0,NO,,
2026-05-29,,Jake Bauers,Milwaukee Brewers,Kai-Wei Teng,BetMGM,597,0.1993,0.0714,0.0558,67,B,,,,0.0,NO,,
2026-05-29,,Brandon Valenzuela,Toronto Blue Jays,Trevor Rogers,BetMGM,648,0.1895,0.0716,0.0558,62,B,,,,0.0,NO,,
2026-05-29,,Troy Johnston,Colorado Rockies,Logan Webb,FanDuel,602,0.1978,0.0708,0.0553,67,B,,,,0.0,NO,,
2026-05-29,,Ezequiel Duran,Texas Rangers,Stephen Kolek,DraftKings,532,0.2135,0.0714,0.0552,75,B,,,,0.0,NO,,
2026-05-29,,Josh Jung,Texas Rangers,Stephen Kolek,FanDuel,617,0.1944,0.0709,0.055,65,B,,,,0.0,NO,,
2026-05-29,,Chad Stevens,Colorado Rockies,Logan Webb,BetMGM,600,0.1978,0.0708,0.0549,67,B,,,,0.0,NO,,
2026-05-29,,Eric Wagaman,New York Mets,Max Meyer,FanDuel,562,0.2053,0.071,0.0542,71,B,,,,0.0,NO,,
2026-05-29,,Pete Crow-Armstrong,Chicago Cubs,Andre Pallante,BetMGM,647,0.1879,0.071,0.054,61,B,,,,0.0,NO,,
2026-05-29,,Colby Thomas,Athletics,Carlos Rodón,DraftKings,645,0.1879,0.071,0.0537,61,B,,,,0.0,NO,,
2026-05-29,,Jonah Heim,Athletics,Carlos Rodón,BetMGM,641,0.1879,0.071,0.053,61,B,,,,0.0,NO,,
2026-05-29,,Hunter Goodman,Colorado Rockies,Logan Webb,FanDuel,557,0.2047,0.0708,0.0525,71,B,,,,0.0,NO,,
2026-05-29,,Spencer Torkelson,Detroit Tigers,Erick Fedde,DraftKings,577,0.1996,0.0715,0.0519,67,B,,,,0.0,NO,,
2026-05-29,,Charles McAdoo,Toronto Blue Jays,Trevor Rogers,DraftKings,655,0.1843,0.0716,0.0518,58,B,,,,0.0,NO,,
2026-05-29,,Luis Arraez,San Francisco Giants,Michael Lorenzen,FanDuel,582,0.1983,0.071,0.0517,67,B,,,,0.0,NO,,
2026-05-29,,Ryan Vilade,Tampa Bay Rays,Walbert Ureña,BetMGM,522,0.2123,0.071,0.0515,74,B,,,,0.0,NO,,
2026-05-29,,Nico Hoerner,Chicago Cubs,Andre Pallante,DraftKings,595,0.1949,0.071,0.051,65,B,,,,0.0,NO,,
2026-05-29,,Tyler Freeman,Colorado Rockies,Logan Webb,FanDuel,596,0.1943,0.0708,0.0506,65,B,,,,0.0,NO,,
2026-05-29,,Luisangel Acuña,Chicago White Sox,Troy Melton,DraftKings,592,0.1949,0.071,0.0504,65,B,,,,0.0,NO,,
2026-05-29,,Aramis Garcia,Arizona Diamondbacks,George Kirby,BetMGM,627,0.1879,0.071,0.0504,61,B,,,,0.0,NO,,
2026-05-29,,Alec Burleson,St. Louis Cardinals,Shota Imanaga,BetMGM,574,0.1983,0.071,0.05,67,B,,,,0.0,NO,,
2026-05-29,,Taylor Trammell,Houston Astros,Coleman Crow,BetMGM,625,0.1879,0.071,0.05,61,B,,,,0.0,NO,,
2026-05-29,,CJ Abrams,Washington Nationals,Lucas Giolito,BetMGM,515,0.2123,0.071,0.0497,74,B,,,,0.0,NO,,
2026-05-29,,Jake Burger,Texas Rangers,Stephen Kolek,BetMGM,538,0.2065,0.0714,0.0497,70,B,,,,0.0,NO,,
2026-05-29,,TJ Rumfield,Colorado Rockies,Logan Webb,BetMGM,545,0.2047,0.0708,0.0497,70,B,,,,0.0,NO,,
2026-05-29,,Henry Davis,Pittsburgh Pirates,Taj Bradley,DraftKings,589,0.1949,0.071,0.0497,65,B,,,,0.0,NO,,
2026-05-29,,Joc Pederson,Texas Rangers,Stephen Kolek,FanDuel,625,0.1875,0.0709,0.0496,61,B,,,,0.0,NO,,
2026-05-29,,Jeremy Peña,Houston Astros,Coleman Crow,DraftKings,651,0.1827,0.071,0.0495,58,B,,,,0.0,NO,,
2026-05-29,,Austin Riley,Atlanta Braves,Chris Paddack,DraftKings,651,0.1827,0.071,0.0495,58,B,,,,0.0,NO,,
2026-05-29,,Connor Wong,Boston Red Sox,Slade Cecconi,FanDuel,579,0.1961,0.0715,0.0488,65,B,,,,0.0,NO,,
2026-05-29,,Wade Meckler,Los Angeles Angels,Nick Martinez,BetMGM,555,0.2012,0.072,0.0485,67,B,,,,0.0,NO,,
2026-05-29,,Rafael Devers,San Francisco Giants,Michael Lorenzen,DraftKings,509,0.2123,0.071,0.0481,74,B,,,,0.0,NO,,
2026-05-29,,Zach Neto,Los Angeles Angels,Nick Martinez,DraftKings,596,0.1918,0.0725,0.0481,65,B,,,,0.0,NO,,
2026-05-29,,Bobby Witt Jr.,Kansas City Royals,MacKenzie Gore,DraftKings,578,0.1949,0.071,0.0474,64,B,,,,0.0,NO,,
2026-05-29,,Derek Hill,Chicago White Sox,Troy Melton,FanDuel,578,0.1949,0.071,0.0474,64,B,,,,0.0,NO,,
2026-05-29,,Corbin Carroll,Arizona Diamondbacks,George Kirby,DraftKings,577,0.1949,0.071,0.0472,64,B,,,,0.0,NO,,
2026-05-29,,Luke Raley,Seattle Mariners,Zac Gallen,FanDuel,561,0.1983,0.071,0.0471,66,B,,,,0.0,NO,,
2026-05-29,,Curtis Mead,Washington Nationals,Lucas Giolito,FanDuel,505,0.2123,0.071,0.047,74,B,,,,0.0,NO,,
2026-05-29,,Jake Bauers,Milwaukee Brewers,Kai-Wei Teng,FanDuel,527,0.2063,0.0714,0.0468,70,B,,,,0.0,NO,,
2026-05-29,,Vladimir Guerrero Jr.,Toronto Blue Jays,Trevor Rogers,BetMGM,524,0.2071,0.0716,0.0468,70,B,,,,0.0,NO,,
2026-05-29,,Matt Chapman,San Francisco Giants,Michael Lorenzen,BetMGM,560,0.1983,0.071,0.0468,66,B,,,,0.0,NO,,
2026-05-29,,Alex Bregman,Chicago Cubs,Andre Pallante,BetMGM,636,0.1827,0.071,0.0468,58,B,,,,0.0,NO,,
2026-05-29,,Sam Antonacci,Chicago White Sox,Troy Melton,BetMGM,607,0.1879,0.071,0.0465,61,B,,,,0.0,NO,,
2026-05-29,,J.P. Crawford,Seattle Mariners,Zac Gallen,FanDuel,607,0.1879,0.071,0.0465,61,B,,,,0.0,NO,,
2026-05-29,,Masyn Winn,St. Louis Cardinals,Shota Imanaga,BetMGM,632,0.1827,0.071,0.0461,58,B,,,,0.0,NO,,
2026-05-29,,Tyler Freeman,Colorado Rockies,Logan Webb,BetMGM,572,0.1948,0.071,0.046,64,B,,,,0.0,NO,,
2026-05-29,,Miguel Vargas,Chicago White Sox,Troy Melton,DraftKings,555,0.1983,0.071,0.0457,66,B,,,,0.0,NO,,
2026-05-29,,Eugenio Suárez,Cincinnati Reds,Grant Holmes,BetMGM,557,0.1976,0.0708,0.0454,66,B,,,,0.0,NO,,
2026-05-29,,Jackson Merrill,San Diego Padres,Paxton Schultz,FanDuel,553,0.1983,0.071,0.0452,66,B,,,,0.0,NO,,
2026-05-29,,Austin Wells,New York Yankees,Luis Severino,DraftKings,594,0.1887,0.0713,0.0446,60,B,,,,0.0,NO,,
2026-05-29,,Cam Smith,Houston Astros,Coleman Crow,BetMGM,550,0.1983,0.071,0.0445,66,B,,,,0.0,NO,,
2026-05-29,,Vladimir Guerrero Jr.,Toronto Blue Jays,Trevor Rogers,FanDuel,514,0.2071,0.0716,0.0442,70,B,,,,0.0,NO,,
2026-05-29,,Pedro Pagés,St. Louis Cardinals,Shota Imanaga,DraftKings,593,0.1879,0.071,0.0436,60,B,,,,0.0,NO,,
2026-05-29,,Shea Langeliers,Athletics,Carlos Rodón,DraftKings,517,0.2053,0.071,0.0432,69,B,,,,0.0,NO,,
2026-05-29,,Christian Yelich,Milwaukee Brewers,Kai-Wei Teng,BetMGM,586,0.1888,0.0714,0.043,60,B,,,,0.0,NO,,
2026-05-29,,Jung Hoo Lee,San Francisco Giants,Michael Lorenzen,DraftKings,616,0.1827,0.071,0.043,57,B,,,,0.0,NO,,
2026-05-29,,JJ Bleday,Cincinnati Reds,Grant Holmes,BetMGM,518,0.2046,0.0708,0.0427,69,B,,,,0.0,NO,,
2026-05-29,,Iván Herrera,St. Louis Cardinals,Shota Imanaga,FanDuel,557,0.1949,0.071,0.0427,64,B,,,,0.0,NO,,
2026-05-29,,Dillon Dingler,Detroit Tigers,Erick Fedde,BetMGM,539,0.1991,0.0726,0.0426,64,B,,,,0.0,NO,,
2026-05-29,,Jarren Duran,Boston Red Sox,Slade Cecconi,DraftKings,592,0.1871,0.0707,0.0426,60,B,,,,0.0,NO,,
2026-05-29,,Edgar Quero,Chicago White Sox,Troy Melton,FanDuel,556,0.1949,0.071,0.0424,64,B,,,,0.0,NO,,
2026-05-29,,Trea Turner,Philadelphia Phillies,Justin Wrobleski,DraftKings,550,0.1961,0.0715,0.0423,64,B,,,,0.0,NO,,
2026-05-29,,JJ Bleday,Cincinnati Reds,Grant Holmes,DraftKings,516,0.2046,0.0708,0.0422,69,B,,,,0.0,NO,,
2026-05-29,,Samuel Basallo,Baltimore Orioles,TBD,BetMGM,551,0.1957,0.0713,0.0421,64,B,,,,0.0,NO,,
2026-05-29,,Xavier Edwards,Miami Marlins,Freddy Peralta,FanDuel,530,0.2004,0.0718,0.0417,86,B,,,,0.0,NO,,
2026-05-29,,Mickey Gasper,Boston Red Sox,Slade Cecconi,DraftKings,613,0.1819,0.0707,0.0416,57,B,,,,0.0,NO,,
2026-05-29,,Iván Herrera,St. Louis Cardinals,Shota Imanaga,DraftKings,552,0.1949,0.071,0.0415,64,B,,,,0.0,NO,,
2026-05-29,,Braxton Fulford,Colorado Rockies,Logan Webb,FanDuel,584,0.1874,0.0708,0.0412,60,B,,,,0.0,NO,,
2026-05-29,,Mike Trout,Los Angeles Angels,Nick Martinez,FanDuel,531,0.1994,0.0727,0.0409,84,B,,,,0.0,NO,,
2026-05-29,,Nick Fortes,Tampa Bay Rays,Walbert Ureña,DraftKings,548,0.1949,0.071,0.0405,64,B,,,,0.0,NO,,
2026-05-29,,Randy Arozarena,Seattle Mariners,Zac Gallen,BetMGM,482,0.2123,0.071,0.0404,73,B,,,,0.0,NO,,
2026-05-29,,Tyler Callihan,Pittsburgh Pirates,Taj Bradley,BetMGM,577,0.1879,0.071,0.0402,60,B,,,,0.0,NO,,
2026-05-29,,Eric Wagaman,New York Mets,Max Meyer,DraftKings,481,0.2123,0.071,0.0401,73,B,,,,0.0,NO,,
2026-05-29,,Adley Rutschman,Baltimore Orioles,Adam Macko,DraftKings,502,0.2062,0.0713,0.0401,69,B,,,,0.0,NO,,
2026-05-29,,Andrew Benintendi,Chicago White Sox,Troy Melton,DraftKings,601,0.1827,0.071,0.04,57,B,,,,0.0,NO,,
2026-05-29,,Alika Williams,Athletics,Carlos Rodón,DraftKings,480,0.2123,0.071,0.0399,73,B,,,,0.0,NO,,
2026-05-29,,Max Muncy,Los Angeles Dodgers,Zack Wheeler,DraftKings,534,0.1976,0.0708,0.0399,65,B,,,,0.0,NO,,
2026-05-29,,Ryan Waldschmidt,Arizona Diamondbacks,George Kirby,DraftKings,600,0.1827,0.071,0.0398,57,B,,,,0.0,NO,,
2026-05-29,,Elly De La Cruz,Cincinnati Reds,Grant Holmes,BetMGM,547,0.1942,0.0708,0.0396,63,B,,,,0.0,NO,,
2026-05-29,,Carter Jensen,Kansas City Royals,MacKenzie Gore,BetMGM,574,0.1879,0.071,0.0395,60,B,,,,0.0,NO,,
2026-05-29,,Xavier Edwards,Miami Marlins,Freddy Peralta,DraftKings,564,0.1899,0.0718,0.0393,80,B,,,,0.0,NO,,
2026-05-29,,Xander Bogaerts,San Diego Padres,Paxton Schultz,FanDuel,502,0.2053,0.071,0.0392,69,B,,,,0.0,NO,,
2026-05-29,,Mitch Garver,Seattle Mariners,Zac Gallen,BetMGM,542,0.1949,0.071,0.0391,63,B,,,,0.0,NO,,
2026-05-29,,Gunnar Henderson,Baltimore Orioles,Adam Macko,BetMGM,538,0.1957,0.0713,0.039,63,B,,,,0.0,NO,,
2026-05-29,,Rodolfo Durán,San Diego Padres,Paxton Schultz,BetMGM,540,0.1949,0.071,0.0386,63,B,,,,0.0,NO,,
2026-05-29,,Nick Gonzales,Pittsburgh Pirates,Taj Bradley,FanDuel,474,0.2123,0.071,0.038,73,B,,,,0.0,NO,,
2026-05-29,,Colson Montgomery,Chicago White Sox,Troy Melton,DraftKings,474,0.2123,0.071,0.038,73,B,,,,0.0,NO,,
2026-05-29,,Jung Hoo Lee,San Francisco Giants,Michael Lorenzen,BetMGM,590,0.1827,0.071,0.0378,57,B,,,,0.0,NO,,
2026-05-29,,Byron Buxton,Minnesota Twins,Jared Jones,DraftKings,565,0.1879,0.071,0.0375,59,B,,,,0.0,NO,,
2026-05-29,,Trent Grisham,New York Yankees,Luis Severino,DraftKings,558,0.1894,0.0716,0.0374,60,B,,,,0.0,NO,,
2026-05-29,,Angel Martínez,Cleveland Guardians,Tyler Samaniego,FanDuel,588,0.1827,0.071,0.0373,57,B,,,,0.0,NO,,
2026-05-29,,Brent Rooker,Athletics,Carlos Rodón,FanDuel,464,0.2145,0.0718,0.0372,93,B,,,,0.0,NO,,
2026-05-29,,Brice Turang,Milwaukee Brewers,Kai-Wei Teng,FanDuel,466,0.2133,0.0714,0.0366,72,B,,,,0.0,NO,,
2026-05-29,,Oneil Cruz,Pittsburgh Pirates,Taj Bradley,DraftKings,518,0.1983,0.071,0.0365,65,B,,,,0.0,NO,,
2026-05-29,,Nasim Nuñez,Washington Nationals,Lucas Giolito,DraftKings,583,0.1827,0.071,0.0363,57,B,,,,0.0,NO,,
2026-05-29,,Freddie Freeman,Los Angeles Dodgers,Zack Wheeler,FanDuel,487,0.2065,0.0714,0.0362,69,B,,,,0.0,NO,,
2026-05-29,,Julio Rodríguez,Seattle Mariners,Zac Gallen,BetMGM,530,0.1949,0.071,0.0361,63,B,,,,0.0,NO,,
2026-05-29,,Alec Bohm,Philadelphia Phillies,Justin Wrobleski,BetMGM,463,0.2136,0.0715,0.036,72,B,,,,0.0,NO,,
2026-05-29,,Brandon Lowe,Pittsburgh Pirates,Taj Bradley,BetMGM,529,0.1949,0.071,0.0359,63,B,,,,0.0,NO,,
2026-05-29,,Jazz Chisholm Jr.,New York Yankees,Luis Severino,BetMGM,512,0.1992,0.0713,0.0358,65,B,,,,0.0,NO,,
2026-05-29,,Shea Langeliers,Athletics,Carlos Rodón,BetMGM,528,0.1949,0.071,0.0356,63,B,,,,0.0,NO,,
2026-05-29,,Adam Frazier,Los Angeles Angels,Nick Martinez,DraftKings,489,0.2053,0.071,0.0355,69,B,,,,0.0,NO,,
2026-05-29,,Eric Haase,San Francisco Giants,Michael Lorenzen,BetMGM,527,0.1949,0.071,0.0354,63,B,,,,0.0,NO,,
2026-05-29,,Julio Rodríguez,Seattle Mariners,Zac Gallen,DraftKings,527,0.1949,0.071,0.0354,63,B,,,,0.0,NO,,
2026-05-29,,Braden Shewmake,Houston Astros,Coleman Crow,FanDuel,579,0.1827,0.071,0.0354,56,B,,,,0.0,NO,,
2026-05-29,,Alec Burleson,St. Louis Cardinals,Shota Imanaga,FanDuel,513,0.1983,0.071,0.0352,65,B,,,,0.0,NO,,
2026-05-29,,Michael Busch,Chicago Cubs,Andre Pallante,FanDuel,487,0.2053,0.071,0.0349,68,B,,,,0.0,NO,,
2026-05-29,,Trent Grisham,New York Yankees,Luis Severino,BetMGM,547,0.1894,0.0716,0.0348,59,B,,,,0.0,NO,,
2026-05-29,,Jonathan Aranda,Tampa Bay Rays,Walbert Ureña,FanDuel,486,0.2053,0.071,0.0347,68,B,,,,0.0,NO,,
2026-05-29,,Sandy León,Atlanta Braves,Chris Paddack,FanDuel,524,0.1949,0.071,0.0346,63,B,,,,0.0,NO,,
2026-05-29,,Ezequiel Duran,Texas Rangers,Stephen Kolek,BetMGM,512,0.1979,0.0709,0.0345,65,B,,,,0.0,NO,,
2026-05-29,,Jordan Walker,St. Louis Cardinals,Shota Imanaga,FanDuel,485,0.2053,0.071,0.0344,68,B,,,,0.0,NO,,
2026-05-29,,Nathaniel Lowe,Cincinnati Reds,Grant Holmes,FanDuel,577,0.182,0.0708,0.0343,56,B,,,,0.0,NO,,
2026-05-29,,Oswald Peraza,Los Angeles Angels,Nick Martinez,BetMGM,560,0.1856,0.0721,0.0341,56,B,,,,0.0,NO,,
2026-05-29,,Nick Kurtz,Athletics,Carlos Rodón,DraftKings,521,0.1949,0.071,0.0338,63,B,,,,0.0,NO,,
2026-05-29,,Nathaniel Lowe,Cincinnati Reds,Grant Holmes,DraftKings,574,0.182,0.0708,0.0337,56,B,,,,0.0,NO,,
2026-05-29,,Max Muncy,Los Angeles Dodgers,Zack Wheeler,FanDuel,568,0.1833,0.0712,0.0336,56,B,,,,0.0,NO,,
2026-05-29,,Miguel Amaya,Chicago Cubs,Andre Pallante,DraftKings,519,0.1949,0.071,0.0333,63,B,,,,0.0,NO,,
2026-05-29,,Christian Vázquez,Houston Astros,Coleman Crow,BetMGM,547,0.1879,0.071,0.0333,59,B,,,,0.0,NO,,
2026-05-29,,Carson Benge,New York Mets,Max Meyer,DraftKings,547,0.1879,0.071,0.0333,59,B,,,,0.0,NO,,
2026-05-29,,Connor Norby,Miami Marlins,Freddy Peralta,BetMGM,458,0.2123,0.071,0.0331,72,B,,,,0.0,NO,,
2026-05-29,,Hao-Yu  Lee,Detroit Tigers,Erick Fedde,DraftKings,454,0.2136,0.0715,0.0331,72,B,,,,0.0,NO,,
2026-05-29,,Adrian Del Castillo,Arizona Diamondbacks,George Kirby,FanDuel,504,0.1983,0.071,0.0328,64,B,,,,0.0,NO,,
2026-05-29,,Sung-Mun Song,San Diego Padres,Paxton Schultz,FanDuel,517,0.1949,0.071,0.0328,63,B,,,,0.0,NO,,
2026-05-29,,Ketel Marte,Arizona Diamondbacks,George Kirby,DraftKings,544,0.1879,0.071,0.0326,59,B,,,,0.0,NO,,
2026-05-29,,Colt Emerson,Seattle Mariners,Zac Gallen,BetMGM,503,0.1983,0.071,0.0325,64,B,,,,0.0,NO,,
2026-05-29,,Mookie Betts,Los Angeles Dodgers,Zack Wheeler,DraftKings,438,0.2181,0.073,0.0323,92,B,,,,0.0,NO,,
2026-05-29,,Sal Stewart,Cincinnati Reds,Grant Holmes,DraftKings,458,0.2115,0.0708,0.0323,72,B,,,,0.0,NO,,
2026-05-29,,Jorge Mateo,Atlanta Braves,Chris Paddack,FanDuel,642,0.167,0.071,0.0323,48,C,,,,0.0,NO,,
2026-05-29,,Colton Cowser,Baltimore Orioles,Adam Macko,FanDuel,638,0.1678,0.0713,0.0323,48,C,,,,0.0,NO,,
2026-05-29,,Alex Jackson,Minnesota Twins,Jared Jones,BetMGM,542,0.1879,0.071,0.0321,59,B,,,,0.0,NO,,
2026-05-29,,Byron Buxton,Minnesota Twins,Jared Jones,BetMGM,542,0.1879,0.071,0.0321,59,B,,,,0.0,NO,,
2026-05-29,,Jarren Duran,Boston Red Sox,Slade Cecconi,FanDuel,539,0.1886,0.0713,0.0321,59,B,,,,0.0,NO,,
2026-05-29,,A.J. Ewing,New York Mets,Max Meyer,DraftKings,501,0.1983,0.071,0.032,64,B,,,,0.0,NO,,
2026-05-29,,Brooks Lee,Minnesota Twins,Jared Jones,DraftKings,563,0.1827,0.071,0.0319,56,B,,,,0.0,NO,,
2026-05-29,,Luis Rengifo,Milwaukee Brewers,Kai-Wei Teng,FanDuel,624,0.1696,0.0721,0.0315,44,C,,,,0.0,NO,,
2026-05-29,,Michael Massey,Kansas City Royals,MacKenzie Gore,BetMGM,453,0.2123,0.071,0.0314,72,B,,,,0.0,NO,,
2026-05-29,,Chase Meidroth,Chicago White Sox,Troy Melton,DraftKings,499,0.1983,0.071,0.0314,64,B,,,,0.0,NO,,
2026-05-29,,Masyn Winn,St. Louis Cardinals,Shota Imanaga,FanDuel,561,0.1827,0.071,0.0314,56,B,,,,0.0,NO,,
2026-05-29,,TJ Rumfield,Colorado Rockies,Logan Webb,FanDuel,475,0.2052,0.071,0.0313,68,B,,,,0.0,NO,,
2026-05-29,,Masataka Yoshida,Boston Red Sox,Slade Cecconi,BetMGM,496,0.199,0.0713,0.0313,64,B,,,,0.0,NO,,
2026-05-29,,Bo Bichette,New York Mets,Max Meyer,DraftKings,511,0.1949,0.071,0.0312,62,B,,,,0.0,NO,,
2026-05-29,,Luis García Jr.,Washington Nationals,Lucas Giolito,FanDuel,510,0.1949,0.071,0.0309,62,B,,,,0.0,NO,,
2026-05-29,,Endy Rodríguez,Pittsburgh Pirates,Taj Bradley,DraftKings,537,0.1879,0.071,0.0309,59,B,,,,0.0,NO,,
2026-05-29,,Kevin McGonigle,Detroit Tigers,Erick Fedde,DraftKings,532,0.1891,0.0715,0.0309,59,B,,,,0.0,NO,,
2026-05-29,,Jonathan Aranda,Tampa Bay Rays,Walbert Ureña,DraftKings,509,0.1949,0.071,0.0307,62,B,,,,0.0,NO,,
2026-05-29,,Vaughn Grissom,Los Angeles Angels,Nick Martinez,DraftKings,463,0.2082,0.072,0.0306,68,B,,,,0.0,NO,,
2026-05-29,,Nick Allen,Houston Astros,Coleman Crow,BetMGM,633,0.167,0.071,0.0306,47,C,,,,0.0,NO,,
2026-05-29,,Dominic Canzone,Seattle Mariners,Zac Gallen,DraftKings,632,0.167,0.071,0.0304,47,C,,,,0.0,NO,,
2026-05-29,,Josh Naylor,Seattle Mariners,Zac Gallen,DraftKings,471,0.2053,0.071,0.0302,68,B,,,,0.0,NO,,
2026-05-29,,Jo Adell,Los Angeles Angels,Nick Martinez,FanDuel,442,0.2145,0.0718,0.03,88,B,,,,0.0,NO,,
2026-05-29,,Tim Tawa,Arizona Diamondbacks,George Kirby,BetMGM,630,0.167,0.071,0.03,47,C,,,,0.0,NO,,
2026-05-29,,Yandy Díaz,Tampa Bay Rays,Walbert Ureña,DraftKings,532,0.1879,0.071,0.0297,59,B,,,,0.0,NO,,
2026-05-29,,Josh Jung,Texas Rangers,Stephen Kolek,BetMGM,623,0.168,0.0714,0.0296,47,C,,,,0.0,NO,,
2026-05-29,,Alex Bregman,Chicago Cubs,Andre Pallante,FanDuel,447,0.2123,0.071,0.0294,71,B,,,,0.0,NO,,
2026-05-29,,Chase Meidroth,Chicago White Sox,Troy Melton,BetMGM,491,0.1983,0.071,0.0291,64,B,,,,0.0,NO,,
2026-05-29,,Ildemaro Vargas,Arizona Diamondbacks,George Kirby,DraftKings,625,0.167,0.071,0.0291,47,C,,,,0.0,NO,,
2026-05-29,,Coby Mayo,Baltimore Orioles,Adam Macko,BetMGM,654,0.1614,0.0724,0.0287,43,C,,,,0.0,NO,,
2026-05-29,,Yohel Pozo,St. Louis Cardinals,Shota Imanaga,BetMGM,501,0.1949,0.071,0.0285,62,B,,,,0.0,NO,,
2026-05-29,,Ozzie Albies,Atlanta Braves,Chris Paddack,FanDuel,442,0.2123,0.071,0.0278,71,B,,,,0.0,NO,,
2026-05-29,,Alec Bohm,Philadelphia Phillies,Justin Wrobleski,DraftKings,440,0.213,0.0713,0.0278,71,B,,,,0.0,NO,,
2026-05-29,,Dominic Canzone,Seattle Mariners,Zac Gallen,FanDuel,615,0.167,0.071,0.0272,47,C,,,,0.0,NO,,
2026-05-29,,Mookie Betts,Los Angeles Dodgers,Zack Wheeler,BetMGM,424,0.218,0.0729,0.0271,92,B,,,,0.0,NO,,
2026-05-29,,Jorge Mateo,Atlanta Braves,Chris Paddack,DraftKings,662,0.1583,0.071,0.0271,42,C,,,,0.0,NO,,
2026-05-29,,Jeff McNeil,Athletics,Carlos Rodón,BetMGM,483,0.1983,0.071,0.0268,64,B,,,,0.0,NO,,
2026-05-29,,Ronald Acuña Jr.,Atlanta Braves,Chris Paddack,DraftKings,520,0.1879,0.071,0.0266,58,B,,,,0.0,NO,,
2026-05-29,,Starling Marte,Kansas City Royals,MacKenzie Gore,BetMGM,482,0.1983,0.071,0.0265,64,B,,,,0.0,NO,,
2026-05-29,,Willy Adames,San Francisco Giants,Michael Lorenzen,FanDuel,519,0.1879,0.071,0.0264,58,B,,,,0.0,NO,,
2026-05-29,,Ceddanne Rafaela,Boston Red Sox,Slade Cecconi,DraftKings,491,0.1955,0.0713,0.0263,62,B,,,,0.0,NO,,
2026-05-29,,Blake Dunn,Cincinnati Reds,Grant Holmes,BetMGM,521,0.1872,0.0708,0.0262,58,B,,,,0.0,NO,,
2026-05-29,,Bryce Eldridge,San Francisco Giants,Michael Lorenzen,DraftKings,656,0.1583,0.071,0.0261,42,C,,,,0.0,NO,,
2026-05-29,,Owen Caissie,Miami Marlins,Freddy Peralta,BetMGM,609,0.167,0.071,0.026,47,C,,,,0.0,NO,,
2026-05-29,,Taylor Ward,Baltimore Orioles,Adam Macko,BetMGM,517,0.188,0.071,0.0259,66,B,,,,0.0,NO,,
2026-05-29,,Michael Harris II,Atlanta Braves,Chris Paddack,FanDuel,492,0.1949,0.071,0.0259,62,B,,,,0.0,NO,,
2026-05-29,,Oliver Dunn,Tampa Bay Rays,Walbert Ureña,BetMGM,538,0.1827,0.071,0.0259,55,B,,,,0.0,NO,,
2026-05-29,,Weston Wilson,Baltimore Orioles,TBD,BetMGM,650,0.159,0.0713,0.0257,42,C,,,,0.0,NO,,
2026-05-29,,Angel Martínez,Cleveland Guardians,Tyler Samaniego,DraftKings,654,0.1583,0.071,0.0257,42,C,,,,0.0,NO,,
2026-05-29,,Jorbit Vivas,Washington Nationals,Lucas Giolito,BetMGM,607,0.167,0.071,0.0256,47,C,,,,0.0,NO,,
2026-05-29,,Blaze Alexander,Baltimore Orioles,TBD,DraftKings,533,0.1835,0.0713,0.0255,55,B,,,,0.0,NO,,
2026-05-29,,Jhostynxon Garcia,Pittsburgh Pirates,Taj Bradley,BetMGM,652,0.1583,0.071,0.0253,42,C,,,,0.0,NO,,
2026-05-29,,Isaac Paredes,Houston Astros,Coleman Crow,DraftKings,489,0.1949,0.071,0.0251,62,B,,,,0.0,NO,,
2026-05-29,,Jackson Merrill,San Diego Padres,Paxton Schultz,DraftKings,476,0.1983,0.071,0.0247,63,B,,,,0.0,NO,,
2026-05-29,,Oliver Dunn,Tampa Bay Rays,Walbert Ureña,DraftKings,533,0.1827,0.071,0.0247,55,B,,,,0.0,NO,,
2026-05-29,,Sal Stewart,Cincinnati Reds,Grant Holmes,FanDuel,434,0.2115,0.0708,0.0242,71,B,,,,0.0,NO,,
2026-05-29,,Mike Yastrzemski,Atlanta Braves,Chris Paddack,BetMGM,600,0.167,0.071,0.0242,47,C,,,,0.0,NO,,
2026-05-29,,Victor Caratini,Minnesota Twins,Jared Jones,BetMGM,600,0.167,0.071,0.0242,47,C,,,,0.0,NO,,
2026-05-29,,Colton Cowser,Baltimore Orioles,Adam Macko,BetMGM,584,0.1702,0.0724,0.024,47,C,,,,0.0,NO,,
2026-05-29,,Michael Conforto,Chicago Cubs,Andre Pallante,FanDuel,599,0.167,0.071,0.024,47,C,,,,0.0,NO,,
2026-05-29,,Zack Gelof,Athletics,Carlos Rodón,DraftKings,598,0.167,0.071,0.0238,47,C,,,,0.0,NO,,
2026-05-29,,Munetaka Murakami,Chicago White Sox,Troy Melton,BetMGM,483,0.1949,0.071,0.0233,61,B,,,,0.0,NO,,
2026-05-29,,Ildemaro Vargas,Arizona Diamondbacks,George Kirby,BetMGM,596,0.167,0.071,0.0233,47,C,,,,0.0,NO,,
2026-05-29,,James Wood,Washington Nationals,Lucas Giolito,BetMGM,507,0.1879,0.071,0.0232,58,B,,,,0.0,NO,,
2026-05-29,,Dalton Rushing,Los Angeles Dodgers,Zack Wheeler,DraftKings,508,0.1872,0.0708,0.0228,58,B,,,,0.0,NO,,
2026-05-29,,Josh Naylor,Seattle Mariners,Zac Gallen,BetMGM,447,0.2053,0.071,0.0225,67,B,,,,0.0,NO,,
2026-05-29,,Edgar Quero,Chicago White Sox,Troy Melton,BetMGM,478,0.1949,0.071,0.0219,61,B,,,,0.0,NO,,
2026-05-29,,Miguel Rojas,Los Angeles Dodgers,Zack Wheeler,BetMGM,592,0.1664,0.0708,0.0219,46,C,,,,0.0,NO,,
2026-05-29,,Anthony Volpe,New York Yankees,Luis Severino,DraftKings,629,0.159,0.0713,0.0219,42,C,,,,0.0,NO,,
2026-05-29,,Matt McLain,Cincinnati Reds,Grant Holmes,DraftKings,427,0.2115,0.0708,0.0217,71,B,,,,0.0,NO,,
2026-05-29,,Konnor Griffin,Pittsburgh Pirates,Taj Bradley,DraftKings,521,0.1827,0.071,0.0217,55,B,,,,0.0,NO,,
2026-05-29,,Freddy Fermin,San Diego Padres,Paxton Schultz,DraftKings,660,0.1531,0.071,0.0215,39,D,,,,0.0,NO,,
2026-05-29,,Samuel Basallo,Baltimore Orioles,Adam Macko,BetMGM,453,0.2021,0.0724,0.0213,63,B,,,,0.0,NO,,
2026-05-29,,Geraldo Perdomo,Arizona Diamondbacks,George Kirby,BetMGM,443,0.2053,0.071,0.0211,67,B,,,,0.0,NO,,
2026-05-29,,Christopher Morel,Miami Marlins,Freddy Peralta,FanDuel,442,0.2053,0.071,0.0208,67,B,,,,0.0,NO,,
2026-05-29,,Miguel Vargas,Chicago White Sox,Troy Melton,BetMGM,442,0.2053,0.071,0.0208,67,B,,,,0.0,NO,,
2026-05-29,,Gavin Sheets,San Diego Padres,Paxton Schultz,BetMGM,474,0.1949,0.071,0.0206,61,B,,,,0.0,NO,,
2026-05-29,,Tristan Peters,Chicago White Sox,Troy Melton,DraftKings,583,0.167,0.071,0.0206,46,C,,,,0.0,NO,,
2026-05-29,,Riley Greene,Detroit Tigers,Erick Fedde,BetMGM,417,0.2136,0.0715,0.0202,70,B,,,,0.0,NO,,
2026-05-29,,Brandon Marsh,Philadelphia Phillies,Justin Wrobleski,BetMGM,576,0.1681,0.0715,0.0202,46,C,,,,0.0,NO,,
2026-05-29,,Pete Crow-Armstrong,Chicago Cubs,Andre Pallante,FanDuel,496,0.1879,0.071,0.0201,57,B,,,,0.0,NO,,
2026-05-29,,Carson Benge,New York Mets,Max Meyer,BetMGM,495,0.1879,0.071,0.0198,57,B,,,,0.0,NO,,
2026-05-29,,Luke Keaschall,Minnesota Twins,Jared Jones,DraftKings,419,0.2123,0.071,0.0196,70,B,,,,0.0,NO,,
2026-05-29,,Luis Torrens,New York Mets,Max Meyer,BetMGM,648,0.1531,0.071,0.0194,39,D,,,,0.0,NO,,
2026-05-29,,Elly De La Cruz,Cincinnati Reds,Grant Holmes,FanDuel,472,0.1942,0.0708,0.0193,61,B,,,,0.0,NO,,
2026-05-29,,Paul Goldschmidt,New York Yankees,Luis Severino,BetMGM,506,0.1841,0.0716,0.0191,55,B,,,,0.0,NO,,
2026-05-29,,Spencer Steer,Cincinnati Reds,Grant Holmes,DraftKings,579,0.1664,0.0708,0.0191,46,C,,,,0.0,NO,,
2026-05-29,,Mike Yastrzemski,Atlanta Braves,Chris Paddack,DraftKings,574,0.167,0.071,0.0187,46,C,,,,0.0,NO,,
2026-05-29,,Jorge Barrosa,Arizona Diamondbacks,George Kirby,BetMGM,616,0.1583,0.071,0.0187,41,C,,,,0.0,NO,,
2026-05-29,,Miguel Andujar,San Diego Padres,Paxton Schultz,DraftKings,509,0.1827,0.071,0.0185,54,C,,,,0.0,NO,,
2026-05-29,,Will Smith,Los Angeles Dodgers,Zack Wheeler,DraftKings,570,0.1676,0.0712,0.0183,46,C,,,,0.0,NO,,
2026-05-29,,Ha-Seong Kim,Atlanta Braves,Chris Paddack,BetMGM,508,0.1827,0.071,0.0182,54,C,,,,0.0,NO,,
2026-05-29,,Jahmai Jones,Detroit Tigers,Erick Fedde,BetMGM,430,0.2066,0.0715,0.018,67,B,,,,0.0,NO,,
2026-05-29,,Jesus Rodriguez,San Francisco Giants,Michael Lorenzen,BetMGM,434,0.2053,0.071,0.018,66,B,,,,0.0,NO,,
2026-05-29,,Liam Hicks,Miami Marlins,Freddy Peralta,FanDuel,465,0.1949,0.071,0.0179,61,B,,,,0.0,NO,,
2026-05-29,,Jhonny Pereda,Seattle Mariners,Zac Gallen,DraftKings,611,0.1583,0.071,0.0177,41,C,,,,0.0,NO,,
2026-05-29,,Evan Carter,Texas Rangers,Stephen Kolek,FanDuel,506,0.1823,0.0709,0.0173,54,C,,,,0.0,NO,,
2026-05-29,,Steward Berroa,Philadelphia Phillies,Justin Wrobleski,BetMGM,624,0.1553,0.0721,0.0172,58,B,,,,0.0,NO,,
2026-05-29,,Jackson Holliday,Baltimore Orioles,TBD,FanDuel,410,0.2132,0.0713,0.0171,70,B,,,,0.0,NO,,
2026-05-29,,Geraldo Perdomo,Arizona Diamondbacks,George Kirby,DraftKings,504,0.1827,0.071,0.0171,54,C,,,,0.0,NO,,
2026-05-29,,Drew Millas,Washington Nationals,Lucas Giolito,BetMGM,485,0.1879,0.071,0.017,57,B,,,,0.0,NO,,
2026-05-29,,Zack Short,Detroit Tigers,Erick Fedde,BetMGM,617,0.1564,0.0726,0.017,39,D,,,,0.0,NO,,
2026-05-29,,Ramón Laureano,San Diego Padres,Paxton Schultz,FanDuel,606,0.1583,0.071,0.0167,41,C,,,,0.0,NO,,
2026-05-29,,Jose Siri,Los Angeles Angels,Nick Martinez,BetMGM,619,0.1555,0.0721,0.0165,38,D,,,,0.0,NO,,
2026-05-29,,Trea Turner,Philadelphia Phillies,Justin Wrobleski,BetMGM,458,0.1955,0.0713,0.0163,61,B,,,,0.0,NO,,
2026-05-29,,Will Smith,Los Angeles Dodgers,Zack Wheeler,FanDuel,462,0.1942,0.0708,0.0162,61,B,,,,0.0,NO,,
2026-05-29,,George Springer,Toronto Blue Jays,Trevor Rogers,BetMGM,477,0.1895,0.0716,0.0162,57,B,,,,0.0,NO,,
2026-05-29,,Sam Antonacci,Chicago White Sox,Troy Melton,FanDuel,562,0.167,0.071,0.016,46,C,,,,0.0,NO,,
2026-05-29,,Keibert Ruiz,Washington Nationals,Lucas Giolito,DraftKings,602,0.1583,0.071,0.0159,41,C,,,,0.0,NO,,
2026-05-29,,Marcelo Mayer,Boston Red Sox,Slade Cecconi,BetMGM,599,0.1589,0.0713,0.0158,41,C,,,,0.0,NO,,
2026-05-29,,Kazuma Okamoto,Toronto Blue Jays,Trevor Rogers,FanDuel,404,0.2141,0.0716,0.0157,70,B,,,,0.0,NO,,
2026-05-29,,Connor Norby,Miami Marlins,Freddy Peralta,DraftKings,499,0.1827,0.071,0.0157,54,C,,,,0.0,NO,,
2026-05-29,,José Tena,Washington Nationals,Lucas Giolito,DraftKings,559,0.167,0.071,0.0153,46,C,,,,0.0,NO,,
2026-05-29,,Austin Hedges,Cleveland Guardians,Tyler Samaniego,BetMGM,479,0.1879,0.071,0.0152,57,B,,,,0.0,NO,,
2026-05-29,,David Hamilton,Milwaukee Brewers,Kai-Wei Teng,DraftKings,621,0.1538,0.0714,0.0151,38,D,,,,0.0,NO,,
2026-05-29,,William Contreras,Milwaukee Brewers,Kai-Wei Teng,FanDuel,404,0.2133,0.0714,0.0149,70,B,,,,0.0,NO,,
2026-05-29,,James Wood,Washington Nationals,Lucas Giolito,FanDuel,478,0.1879,0.071,0.0149,57,B,,,,0.0,NO,,
2026-05-29,,José Ramírez,Cleveland Guardians,Tyler Samaniego,BetMGM,455,0.1949,0.071,0.0147,60,B,,,,0.0,NO,,
2026-05-29,,Dane Myers,Cincinnati Reds,Grant Holmes,BetMGM,599,0.1578,0.0708,0.0147,41,C,,,,0.0,NO,,
2026-05-29,,Victor Scott II,St. Louis Cardinals,Shota Imanaga,BetMGM,622,0.1531,0.071,0.0146,38,D,,,,0.0,NO,,
2026-05-29,,Colt Emerson,Seattle Mariners,Zac Gallen,DraftKings,622,0.1531,0.071,0.0146,38,D,,,,0.0,NO,,
2026-05-29,,Gavin Sheets,San Diego Padres,Paxton Schultz,DraftKings,424,0.2053,0.071,0.0145,66,B,,,,0.0,NO,,
2026-05-29,,Vinnie Pasquantino,Kansas City Royals,MacKenzie Gore,BetMGM,424,0.2053,0.071,0.0145,66,B,,,,0.0,NO,,
2026-05-29,,Adrian Del Castillo,Arizona Diamondbacks,George Kirby,DraftKings,444,0.1983,0.071,0.0145,62,B,,,,0.0,NO,,
2026-05-29,,Ty France,San Diego Padres,Paxton Schultz,DraftKings,595,0.1583,0.071,0.0144,41,C,,,,0.0,NO,,
2026-05-29,,Colby Thomas,Athletics,Carlos Rodón,BetMGM,476,0.1879,0.071,0.0143,57,B,,,,0.0,NO,,
2026-05-29,,Kyle Stowers,Miami Marlins,Freddy Peralta,BetMGM,405,0.2123,0.071,0.0142,70,B,,,,0.0,NO,,
2026-05-29,,Cody Bellinger,New York Yankees,Luis Severino,BetMGM,400,0.2139,0.0716,0.0139,70,B,,,,0.0,NO,,
2026-05-29,,Richie Palacios,Tampa Bay Rays,Walbert Ureña,BetMGM,553,0.167,0.071,0.0139,45,C,,,,0.0,NO,,
2026-05-29,,Daniel Susac,San Francisco Giants,Michael Lorenzen,BetMGM,553,0.167,0.071,0.0139,45,C,,,,0.0,NO,,
2026-05-29,,Vidal Bruján,New York Mets,Max Meyer,FanDuel,617,0.1531,0.071,0.0136,38,D,,,,0.0,NO,,
2026-05-29,,Jakob Marsee,Miami Marlins,Freddy Peralta,BetMGM,441,0.1983,0.071,0.0135,62,B,,,,0.0,NO,,
2026-05-29,,Alex Call,Los Angeles Dodgers,Zack Wheeler,DraftKings,588,0.1588,0.0712,0.0135,41,C,,,,0.0,NO,,
2026-05-29,,Nick Kurtz,Athletics,Carlos Rodón,BetMGM,421,0.2053,0.071,0.0134,66,B,,,,0.0,NO,,
2026-05-29,,Masyn Winn,St. Louis Cardinals,Shota Imanaga,DraftKings,551,0.167,0.071,0.0134,45,C,,,,0.0,NO,,
2026-05-29,,Brice Turang,Milwaukee Brewers,Kai-Wei Teng,BetMGM,418,0.2063,0.0714,0.0132,66,B,,,,0.0,NO,,
2026-05-29,,Manny Machado,San Diego Padres,Paxton Schultz,BetMGM,490,0.1827,0.071,0.0132,54,C,,,,0.0,NO,,
2026-05-29,,Isiah Kiner-Falefa,Boston Red Sox,Slade Cecconi,DraftKings,553,0.1663,0.0707,0.0132,45,C,,,,0.0,NO,,
2026-05-29,,Brice Matthews,Houston Astros,Coleman Crow,FanDuel,472,0.1879,0.071,0.0131,57,B,,,,0.0,NO,,
2026-05-29,,Gage Workman,Detroit Tigers,Erick Fedde,BetMGM,545,0.1681,0.0715,0.0131,45,C,,,,0.0,NO,,
2026-05-29,,Dillon Dingler,Detroit Tigers,Erick Fedde,DraftKings,445,0.1961,0.0715,0.0126,60,B,,,,0.0,NO,,
2026-05-29,,Daylen Lile,Washington Nationals,Lucas Giolito,DraftKings,488,0.1827,0.071,0.0126,54,C,,,,0.0,NO,,
2026-05-29,,Carlos Narváez,Boston Red Sox,Slade Cecconi,DraftKings,466,0.1891,0.0715,0.0124,57,B,,,,0.0,NO,,
2026-05-29,,Edmundo Sosa,Philadelphia Phillies,Justin Wrobleski,FanDuel,485,0.1833,0.0713,0.0124,54,C,,,,0.0,NO,,
2026-05-29,,Zach McKinstry,Detroit Tigers,Erick Fedde,FanDuel,569,0.1618,0.0726,0.0123,41,C,,,,0.0,NO,,
2026-05-29,,Tommy Troy,Arizona Diamondbacks,George Kirby,DraftKings,610,0.1531,0.071,0.0123,38,D,,,,0.0,NO,,
2026-05-29,,Dansby Swanson,Chicago Cubs,Andre Pallante,BetMGM,610,0.1531,0.071,0.0123,38,D,,,,0.0,NO,,
2026-05-29,,Nick Madrigal,Los Angeles Angels,Nick Martinez,BetMGM,536,0.1694,0.072,0.0122,45,C,,,,0.0,NO,,
2026-05-29,,Trevor Larnach,Minnesota Twins,Jared Jones,DraftKings,437,0.1983,0.071,0.0121,62,B,,,,0.0,NO,,
2026-05-29,,P.J. Higgins,Cincinnati Reds,Grant Holmes,BetMGM,471,0.1872,0.0708,0.0121,56,B,,,,0.0,NO,,
2026-05-29,,Darell Hernaiz,Athletics,Carlos Rodón,BetMGM,608,0.1531,0.071,0.0119,38,D,,,,0.0,NO,,
2026-05-29,,Drew Gilbert,San Francisco Giants,Michael Lorenzen,FanDuel,582,0.1583,0.071,0.0117,41,C,,,,0.0,NO,,
2026-05-29,,Cole Young,Seattle Mariners,Zac Gallen,BetMGM,484,0.1827,0.071,0.0115,54,C,,,,0.0,NO,,
2026-05-29,,J.T. Realmuto,Philadelphia Phillies,Justin Wrobleski,BetMGM,482,0.1833,0.0713,0.0115,54,C,,,,0.0,NO,,
2026-05-29,,Nolan Gorman,St. Louis Cardinals,Shota Imanaga,BetMGM,581,0.1583,0.071,0.0115,41,C,,,,0.0,NO,,
2026-05-29,,Graham Pauley,Miami Marlins,Freddy Peralta,FanDuel,483,0.1827,0.071,0.0112,53,C,,,,0.0,NO,,
2026-05-29,,Chandler Simpson,Tampa Bay Rays,Walbert Ureña,FanDuel,434,0.1983,0.071,0.0111,62,B,,,,0.0,NO,,
2026-05-29,,Wade Meckler,Los Angeles Angels,Nick Martinez,DraftKings,425,0.2015,0.0721,0.011,62,B,,,,0.0,NO,,
2026-05-29,,Bryan Reynolds,Pittsburgh Pirates,Taj Bradley,BetMGM,414,0.2053,0.071,0.0108,66,B,,,,0.0,NO,,
2026-05-29,,Nelson Velázquez,St. Louis Cardinals,Shota Imanaga,DraftKings,396,0.2123,0.071,0.0107,69,B,,,,0.0,NO,,
2026-05-29,,Cam Smith,Houston Astros,Coleman Crow,FanDuel,433,0.1983,0.071,0.0107,62,B,,,,0.0,NO,,
2026-05-29,,Kevin McGonigle,Detroit Tigers,Erick Fedde,FanDuel,451,0.192,0.0726,0.0105,57,B,,,,0.0,NO,,
2026-05-29,,Isaac Paredes,Houston Astros,Coleman Crow,BetMGM,442,0.1949,0.071,0.0104,60,B,,,,0.0,NO,,
2026-05-29,,Kyle Tucker,Los Angeles Dodgers,Zack Wheeler,BetMGM,430,0.199,0.0712,0.0103,62,B,,,,0.0,NO,,
2026-05-29,,Ramón Laureano,San Diego Padres,Paxton Schultz,DraftKings,538,0.167,0.071,0.0103,45,C,,,,0.0,NO,,
2026-05-29,,Sal Frelick,Milwaukee Brewers,Kai-Wei Teng,BetMGM,572,0.1591,0.0714,0.0103,40,C,,,,0.0,NO,,
2026-05-29,,Ben Rice,New York Yankees,Luis Severino,BetMGM,437,0.1964,0.0716,0.0102,60,B,,,,0.0,NO,,
2026-05-29,,J.P. Crawford,Seattle Mariners,Zac Gallen,DraftKings,462,0.1879,0.071,0.01,56,B,,,,0.0,NO,,
2026-05-29,,JJ Wetherholt,St. Louis Cardinals,Shota Imanaga,DraftKings,462,0.1879,0.071,0.01,56,B,,,,0.0,NO,,
2026-05-29,,Salvador Perez,Kansas City Royals,MacKenzie Gore,BetMGM,394,0.2123,0.071,0.0098,69,B,,,,0.0,NO,,
2026-05-29,,Cody Bellinger,New York Yankees,Luis Severino,FanDuel,390,0.2139,0.0716,0.0098,69,B,,,,0.0,NO,,
2026-05-29,,Nick Madrigal,Los Angeles Angels,Nick Martinez,FanDuel,525,0.1697,0.0721,0.0097,45,C,,,,0.0,NO,,
2026-05-29,,Matt Vierling,Detroit Tigers,Erick Fedde,FanDuel,520,0.1707,0.0726,0.0094,45,C,,,,0.0,NO,,
2026-05-29,,Thomas Saggese,St. Louis Cardinals,Shota Imanaga,DraftKings,571,0.1583,0.071,0.0093,40,C,,,,0.0,NO,,
2026-05-29,,J.C. Escarra,New York Yankees,Luis Severino,FanDuel,565,0.1596,0.0716,0.0092,40,C,,,,0.0,NO,,
2026-05-29,,Orlando Arcia,Minnesota Twins,Jared Jones,FanDuel,533,0.167,0.071,0.0091,45,C,,,,0.0,NO,,
2026-05-29,,Hyeseong Kim,Los Angeles Dodgers,Zack Wheeler,FanDuel,478,0.182,0.0708,0.009,53,C,,,,0.0,NO,,
2026-05-29,,Jake Mangum,Pittsburgh Pirates,Taj Bradley,BetMGM,594,0.1531,0.071,0.009,37,D,,,,0.0,NO,,
2026-05-29,,William Contreras,Milwaukee Brewers,Kai-Wei Teng,DraftKings,389,0.2133,0.0714,0.0088,69,B,,,,0.0,NO,,
2026-05-29,,Pete Crow-Armstrong,Chicago Cubs,Andre Pallante,DraftKings,593,0.1531,0.071,0.0088,37,D,,,,0.0,NO,,
2026-05-29,,Xavier Edwards,Miami Marlins,Freddy Peralta,BetMGM,452,0.1899,0.0718,0.0087,76,B,,,,0.0,NO,,
2026-05-29,,Josh Bell,Minnesota Twins,Jared Jones,FanDuel,391,0.2123,0.071,0.0086,69,B,,,,0.0,NO,,
2026-05-29,,Jeremiah Jackson,Baltimore Orioles,TBD,DraftKings,424,0.1992,0.0713,0.0084,62,B,,,,0.0,NO,,
2026-05-29,,Starling Marte,Kansas City Royals,MacKenzie Gore,FanDuel,426,0.1983,0.071,0.0082,62,B,,,,0.0,NO,,
2026-05-29,,Vinnie Pasquantino,Kansas City Royals,MacKenzie Gore,DraftKings,472,0.1827,0.071,0.0079,53,C,,,,0.0,NO,,
2026-05-29,,Mickey Gasper,Boston Red Sox,Slade Cecconi,FanDuel,403,0.2066,0.0715,0.0078,65,B,,,,0.0,NO,,
2026-05-29,,J.C. Escarra,New York Yankees,Luis Severino,BetMGM,431,0.1957,0.0713,0.0074,60,B,,,,0.0,NO,,
2026-05-29,,Dansby Swanson,Chicago Cubs,Andre Pallante,FanDuel,525,0.167,0.071,0.007,45,C,,,,0.0,NO,,
2026-05-29,,Nick Fortes,Tampa Bay Rays,Walbert Ureña,BetMGM,561,0.1583,0.071,0.007,40,C,,,,0.0,NO,,
2026-05-29,,Drew Romo,Chicago White Sox,Troy Melton,BetMGM,584,0.1531,0.071,0.0069,37,D,,,,0.0,NO,,
2026-05-29,,Daniel Schneemann,Cleveland Guardians,Tyler Samaniego,DraftKings,524,0.167,0.071,0.0068,45,C,,,,0.0,NO,,
2026-05-29,,Brett Baty,New York Mets,Max Meyer,BetMGM,522,0.167,0.071,0.0063,45,C,,,,0.0,NO,,
2026-05-29,,Adolis García,Philadelphia Phillies,Justin Wrobleski,FanDuel,555,0.1589,0.0713,0.0062,40,C,,,,0.0,NO,,
2026-05-29,,Jose Fernandez,Arizona Diamondbacks,George Kirby,DraftKings,557,0.1583,0.071,0.0061,40,C,,,,0.0,NO,,
2026-05-29,,Austin Martin,Minnesota Twins,Jared Jones,DraftKings,466,0.1827,0.071,0.006,53,C,,,,0.0,NO,,
2026-05-29,,Nick Kurtz,Athletics,Carlos Rodón,FanDuel,428,0.1949,0.071,0.0055,59,B,,,,0.0,NO,,
2026-05-29,,Michael Conforto,Chicago Cubs,Andre Pallante,DraftKings,519,0.167,0.071,0.0055,44,C,,,,0.0,NO,,
2026-05-29,,Jhostynxon Garcia,Pittsburgh Pirates,Taj Bradley,DraftKings,551,0.1583,0.071,0.0047,40,C,,,,0.0,NO,,
2026-05-29,,Luke Keaschall,Minnesota Twins,Jared Jones,BetMGM,550,0.1583,0.071,0.0045,40,C,,,,0.0,NO,,
2026-05-29,,Alex Bregman,Chicago Cubs,Andre Pallante,DraftKings,381,0.2123,0.071,0.0044,68,B,,,,0.0,NO,,
2026-05-29,,Nick Gonzales,Pittsburgh Pirates,Taj Bradley,DraftKings,380,0.2123,0.071,0.0039,68,B,,,,0.0,NO,,
2026-05-29,,Vladimir Guerrero Jr.,Toronto Blue Jays,Trevor Rogers,DraftKings,391,0.2071,0.0716,0.0034,65,B,,,,0.0,NO,,
2026-05-29,,César Salazar,Houston Astros,Coleman Crow,DraftKings,568,0.1531,0.071,0.0034,37,D,,,,0.0,NO,,
2026-05-29,,Adolis García,Philadelphia Phillies,Justin Wrobleski,BetMGM,541,0.1593,0.0715,0.0033,40,C,,,,0.0,NO,,
2026-05-29,,Tyler Heineman,Toronto Blue Jays,Trevor Rogers,FanDuel,417,0.1965,0.0716,0.0031,59,B,,,,0.0,NO,,
2026-05-29,,Daniel Schneemann,Cleveland Guardians,Tyler Samaniego,BetMGM,510,0.167,0.071,0.0031,44,C,,,,0.0,NO,,
2026-05-29,,Amed Rosario,New York Yankees,Luis Severino,BetMGM,454,0.1835,0.0713,0.003,53,C,,,,0.0,NO,,
2026-05-29,,Seiya Suzuki,Chicago Cubs,Andre Pallante,BetMGM,456,0.1827,0.071,0.0028,52,C,,,,0.0,NO,,
2026-05-29,,Rhys Hoskins,Cleveland Guardians,Tyler Samaniego,FanDuel,377,0.2123,0.071,0.0026,68,B,,,,0.0,NO,,
2026-05-29,,Blake Dunn,Cincinnati Reds,Grant Holmes,FanDuel,441,0.1872,0.0708,0.0024,55,B,,,,0.0,NO,,
2026-05-29,,Daulton Varsho,Toronto Blue Jays,Trevor Rogers,BetMGM,405,0.2001,0.0716,0.002,61,B,,,,0.0,NO,,
2026-05-29,,Yandy Díaz,Tampa Bay Rays,Walbert Ureña,FanDuel,438,0.1879,0.071,0.002,55,B,,,,0.0,NO,,
2026-05-29,,Edouard Julien,Colorado Rockies,Logan Webb,DraftKings,541,0.1579,0.0708,0.0019,39,D,,,,0.0,NO,,
2026-05-29,,Will Smith,Los Angeles Dodgers,Zack Wheeler,BetMGM,501,0.168,0.0714,0.0016,44,C,,,,0.0,NO,,
2026-05-29,,Kyle Higashioka,Texas Rangers,Stephen Kolek,DraftKings,414,0.196,0.0714,0.0014,59,B,,,,0.0,NO,,
2026-05-29,,Ryan McMahon,New York Yankees,Luis Severino,DraftKings,501,0.1678,0.0713,0.0014,44,C,,,,0.0,NO,,
2026-05-29,,Christian Walker,Houston Astros,Coleman Crow,DraftKings,390,0.2053,0.071,0.0012,64,B,,,,0.0,NO,,
2026-05-29,,Garrett Mitchell,Milwaukee Brewers,Kai-Wei Teng,FanDuel,448,0.1836,0.0714,0.0011,52,C,,,,0.0,NO,,
2026-05-29,,Ezequiel Tovar,Colorado Rockies,Logan Webb,BetMGM,558,0.1527,0.0708,0.0007,36,D,,,,0.0,NO,,
2026-05-29,,Riley Greene,Detroit Tigers,Erick Fedde,FanDuel,362,0.2169,0.0726,0.0004,68,B,,,,0.0,NO,,
2026-05-29,,Sebastián Rivero,Los Angeles Angels,Nick Martinez,BetMGM,414,0.1949,0.071,0.0003,59,B,,,,0.0,NO,,
2026-05-29,,Jared Young,New York Mets,Max Meyer,BetMGM,371,0.2123,0.071,-0.0,68,B,,,,0.0,NO,,
2026-05-29,,Josh Jung,Texas Rangers,Stephen Kolek,DraftKings,410,0.196,0.0714,-0.0001,59,C,,,,0.0,NO,,
2026-05-29,,Nathan Lukes,Toronto Blue Jays,Trevor Rogers,FanDuel,493,0.1685,0.0716,-0.0002,44,C,,,,0.0,NO,,
2026-05-29,,Daniel Susac,San Francisco Giants,Michael Lorenzen,FanDuel,431,0.1879,0.071,-0.0004,55,C,,,,0.0,NO,,
2026-05-29,,Myles Straw,Toronto Blue Jays,Trevor Rogers,DraftKings,492,0.1685,0.0716,-0.0005,44,C,,,,0.0,NO,,
2026-05-29,,Taylor Ward,Baltimore Orioles,Adam Macko,FanDuel,421,0.1909,0.0722,-0.001,63,C,,,,0.0,NO,,
2026-05-29,,Pedro Ramírez,Chicago Cubs,Andre Pallante,BetMGM,401,0.1983,0.071,-0.0013,60,C,,,,0.0,NO,,
2026-05-29,,Colt Keith,Detroit Tigers,Erick Fedde,BetMGM,440,0.1839,0.0715,-0.0013,52,C,,,,0.0,NO,,
2026-05-29,,Jonathan Aranda,Tampa Bay Rays,Walbert Ureña,BetMGM,409,0.1949,0.071,-0.0016,58,C,,,,0.0,NO,,
2026-05-29,,Tommy Troy,Arizona Diamondbacks,George Kirby,FanDuel,546,0.1531,0.071,-0.0017,36,D,,,,0.0,NO,,
2026-05-29,,Donovan Walton,Los Angeles Angels,Nick Martinez,BetMGM,367,0.2123,0.071,-0.0019,68,C,,,,0.0,NO,,
2026-05-29,,Jake McCarthy,Colorado Rockies,Logan Webb,FanDuel,428,0.1874,0.0708,-0.002,55,C,,,,0.0,NO,,
2026-05-29,,Kyle Manzardo,Cleveland Guardians,Tyler Samaniego,FanDuel,382,0.2053,0.071,-0.0022,64,C,,,,0.0,NO,,
2026-05-29,,Justin Foscue,Texas Rangers,Stephen Kolek,BetMGM,396,0.1995,0.0714,-0.0022,60,C,,,,0.0,NO,,
2026-05-29,,Henry Bolte,Athletics,Carlos Rodón,BetMGM,440,0.1827,0.071,-0.0025,52,C,,,,0.0,NO,,
2026-05-29,,Jake Meyers,Houston Astros,Coleman Crow,DraftKings,490,0.167,0.071,-0.0025,43,C,,,,0.0,NO,,
2026-05-29,,Ketel Marte,Arizona Diamondbacks,George Kirby,BetMGM,425,0.1879,0.071,-0.0026,55,C,,,,0.0,NO,,
2026-05-29,,Myles Straw,Toronto Blue Jays,Trevor Rogers,BetMGM,484,0.1685,0.0716,-0.0028,44,C,,,,0.0,NO,,
2026-05-29,,Thomas Saggese,St. Louis Cardinals,Shota Imanaga,FanDuel,541,0.1531,0.071,-0.0029,36,D,,,,0.0,NO,,
2026-05-29,,Jhonny Pereda,Seattle Mariners,Zac Gallen,BetMGM,519,0.1583,0.071,-0.0032,39,D,,,,0.0,NO,,
2026-05-29,,Ian Happ,Chicago Cubs,Andre Pallante,BetMGM,396,0.1983,0.071,-0.0033,60,C,,,,0.0,NO,,
2026-05-29,,Braden Shewmake,Houston Astros,Coleman Crow,DraftKings,437,0.1827,0.071,-0.0035,52,C,,,,0.0,NO,,
2026-05-29,,Harrison Bader,San Francisco Giants,Michael Lorenzen,FanDuel,538,0.1531,0.071,-0.0036,36,D,,,,0.0,NO,,
2026-05-29,,Edouard Julien,Colorado Rockies,Logan Webb,FanDuel,517,0.1583,0.071,-0.0038,39,D,,,,0.0,NO,,
2026-05-29,,Isiah Kiner-Falefa,Boston Red Sox,Slade Cecconi,FanDuel,483,0.1676,0.0713,-0.0039,43,C,,,,0.0,NO,,
2026-05-29,,Hayden Senger,New York Mets,Max Meyer,BetMGM,421,0.1879,0.071,-0.004,54,C,,,,0.0,NO,,
2026-05-29,,Spencer Horwitz,Pittsburgh Pirates,Taj Bradley,BetMGM,421,0.1879,0.071,-0.004,54,C,,,,0.0,NO,,
2026-05-29,,JJ Wetherholt,St. Louis Cardinals,Shota Imanaga,BetMGM,420,0.1879,0.071,-0.0044,54,C,,,,0.0,NO,,
2026-05-29,,Taylor Walls,Tampa Bay Rays,Walbert Ureña,DraftKings,514,0.1583,0.071,-0.0045,39,D,,,,0.0,NO,,
2026-05-29,,Daulton Varsho,Toronto Blue Jays,Trevor Rogers,FanDuel,388,0.2001,0.0716,-0.0049,60,C,,,,0.0,NO,,
2026-05-29,,Angel Martínez,Cleveland Guardians,Tyler Samaniego,BetMGM,433,0.1827,0.071,-0.0049,52,C,,,,0.0,NO,,
2026-05-29,,Matt Vierling,Detroit Tigers,Erick Fedde,BetMGM,478,0.1681,0.0715,-0.0049,43,C,,,,0.0,NO,,
2026-05-29,,Daniel Susac,San Francisco Giants,Michael Lorenzen,DraftKings,481,0.167,0.071,-0.0051,43,C,,,,0.0,NO,,
2026-05-29,,Matt Chapman,San Francisco Giants,Michael Lorenzen,FanDuel,391,0.1983,0.071,-0.0053,60,C,,,,0.0,NO,,
2026-05-29,,Austin Riley,Atlanta Braves,Chris Paddack,FanDuel,431,0.1827,0.071,-0.0056,51,C,,,,0.0,NO,,
2026-05-29,,Javier Sanoja,Miami Marlins,Freddy Peralta,FanDuel,510,0.1583,0.071,-0.0056,38,D,,,,0.0,NO,,
2026-05-29,,Luis García Jr.,Washington Nationals,Lucas Giolito,BetMGM,398,0.1949,0.071,-0.0059,58,C,,,,0.0,NO,,
2026-05-29,,Travis Bazzana,Cleveland Guardians,Tyler Samaniego,DraftKings,416,0.1879,0.071,-0.0059,54,C,,,,0.0,NO,,
2026-05-29,,Nasim Nuñez,Washington Nationals,Lucas Giolito,FanDuel,528,0.1531,0.071,-0.0061,36,D,,,,0.0,NO,,
2026-05-29,,Seiya Suzuki,Chicago Cubs,Andre Pallante,FanDuel,429,0.1827,0.071,-0.0063,51,C,,,,0.0,NO,,
2026-05-29,,Endy Rodríguez,Pittsburgh Pirates,Taj Bradley,BetMGM,477,0.167,0.071,-0.0063,43,C,,,,0.0,NO,,
2026-05-29,,Andy Pages,Los Angeles Dodgers,Zack Wheeler,DraftKings,394,0.196,0.0714,-0.0064,58,C,,,,0.0,NO,,
2026-05-29,,David Hamilton,Milwaukee Brewers,Kai-Wei Teng,FanDuel,524,0.1538,0.0714,-0.0064,36,D,,,,0.0,NO,,
2026-05-29,,Bryan Reynolds,Pittsburgh Pirates,Taj Bradley,DraftKings,372,0.2053,0.071,-0.0066,63,C,,,,0.0,NO,,
2026-05-29,,Tyler Stephenson,Cincinnati Reds,Grant Holmes,BetMGM,398,0.1942,0.0708,-0.0066,58,C,,,,0.0,NO,,
2026-05-29,,Spencer Horwitz,Pittsburgh Pirates,Taj Bradley,FanDuel,414,0.1879,0.071,-0.0066,54,C,,,,0.0,NO,,
2026-05-29,,Nick Loftin,Kansas City Royals,MacKenzie Gore,BetMGM,475,0.167,0.071,-0.0069,43,C,,,,0.0,NO,,
2026-05-29,,Dylan Crews,Washington Nationals,Lucas Giolito,BetMGM,387,0.1983,0.071,-0.007,60,C,,,,0.0,NO,,
2026-05-29,,Jac Caglianone,Kansas City Royals,MacKenzie Gore,BetMGM,503,0.1583,0.071,-0.0075,38,D,,,,0.0,NO,,
2026-05-29,,Jeff McNeil,Athletics,Carlos Rodón,DraftKings,503,0.1583,0.071,-0.0075,38,D,,,,0.0,NO,,
2026-05-29,,Brett Sullivan,Colorado Rockies,Logan Webb,DraftKings,395,0.1943,0.0708,-0.0077,58,C,,,,0.0,NO,,
2026-05-29,,Brandon Nimmo,Texas Rangers,Stephen Kolek,FanDuel,370,0.2049,0.0709,-0.0079,63,C,,,,0.0,NO,,
2026-05-29,,Alex Call,Los Angeles Dodgers,Zack Wheeler,BetMGM,498,0.1593,0.0714,-0.0079,38,D,,,,0.0,NO,,
2026-05-29,,Munetaka Murakami,Chicago White Sox,Troy Melton,DraftKings,368,0.2053,0.071,-0.0084,63,C,,,,0.0,NO,,
2026-05-29,,Spencer Steer,Cincinnati Reds,Grant Holmes,FanDuel,472,0.1664,0.0708,-0.0084,43,C,,,,0.0,NO,,
2026-05-29,,Miguel Andujar,San Diego Padres,Paxton Schultz,BetMGM,423,0.1827,0.071,-0.0085,51,C,,,,0.0,NO,,
2026-05-29,,Brice Turang,Milwaukee Brewers,Kai-Wei Teng,DraftKings,365,0.2063,0.0714,-0.0088,63,C,,,,0.0,NO,,
2026-05-29,,Ezequiel Tovar,Colorado Rockies,Logan Webb,FanDuel,469,0.1665,0.0708,-0.0092,43,C,,,,0.0,NO,,
2026-05-29,,Chadwick Tromp,Atlanta Braves,Chris Paddack,DraftKings,516,0.1531,0.071,-0.0092,35,D,,,,0.0,NO,,
2026-05-29,,Mark Vientos,New York Mets,Max Meyer,DraftKings,421,0.1827,0.071,-0.0093,51,C,,,,0.0,NO,,
2026-05-29,,Ryan McMahon,New York Yankees,Luis Severino,FanDuel,463,0.1683,0.0716,-0.0093,43,C,,,,0.0,NO,,
2026-05-29,,Kyle Karros,Colorado Rockies,Logan Webb,DraftKings,517,0.1527,0.0708,-0.0094,35,D,,,,0.0,NO,,
2026-05-29,,Trevor Larnach,Minnesota Twins,Jared Jones,FanDuel,515,0.1531,0.071,-0.0095,35,D,,,,0.0,NO,,
2026-05-29,,Rafael Marchán,Philadelphia Phillies,Justin Wrobleski,FanDuel,363,0.206,0.0713,-0.01,63,C,,,,0.0,NO,,
2026-05-29,,Salvador Perez,Kansas City Royals,MacKenzie Gore,DraftKings,388,0.1949,0.071,-0.0101,57,C,,,,0.0,NO,,
2026-05-29,,Thomas Saggese,St. Louis Cardinals,Shota Imanaga,BetMGM,493,0.1583,0.071,-0.0103,38,D,,,,0.0,NO,,
2026-05-29,,Bryce Harper,Philadelphia Phillies,Justin Wrobleski,FanDuel,357,0.2083,0.0721,-0.0105,91,C,,,,0.0,NO,,
2026-05-29,,Colt Keith,Detroit Tigers,Erick Fedde,FanDuel,360,0.2066,0.0715,-0.0108,63,C,,,,0.0,NO,,
2026-05-29,,Mickey Gasper,Boston Red Sox,Slade Cecconi,BetMGM,414,0.1833,0.0713,-0.0112,51,C,,,,0.0,NO,,
2026-05-29,,Logan O'Hoppe,Los Angeles Angels,Nick Martinez,BetMGM,484,0.16,0.0718,-0.0112,48,C,,,,0.0,NO,,
2026-05-29,,Andrew Vaughn,Milwaukee Brewers,Kai-Wei Teng,FanDuel,382,0.1958,0.0714,-0.0117,57,C,,,,0.0,NO,,
2026-05-29,,Luis Arraez,San Francisco Giants,Michael Lorenzen,BetMGM,384,0.1949,0.071,-0.0117,57,C,,,,0.0,NO,,
2026-05-29,,Lane Thomas,Kansas City Royals,MacKenzie Gore,FanDuel,401,0.1879,0.071,-0.0117,54,C,,,,0.0,NO,,
2026-05-29,,Nick Madrigal,Los Angeles Angels,Nick Martinez,DraftKings,459,0.167,0.071,-0.0119,42,C,,,,0.0,NO,,
2026-05-29,,Pete Alonso,Baltimore Orioles,Adam Macko,DraftKings,343,0.2132,0.0713,-0.0125,67,C,,,,0.0,NO,,
2026-05-29,,José Fermín,St. Louis Cardinals,Shota Imanaga,FanDuel,457,0.167,0.071,-0.0125,42,C,,,,0.0,NO,,
2026-05-29,,Matt Olson,Atlanta Braves,Chris Paddack,BetMGM,359,0.2053,0.071,-0.0126,63,C,,,,0.0,NO,,
2026-05-29,,Wenceel Pérez,Detroit Tigers,Erick Fedde,FanDuel,408,0.1839,0.0715,-0.013,51,C,,,,0.0,NO,,
2026-05-29,,Danny Jansen,Texas Rangers,Stephen Kolek,FanDuel,395,0.189,0.0714,-0.0131,53,C,,,,0.0,NO,,
2026-05-29,,Jose Siri,Los Angeles Angels,Nick Martinez,FanDuel,494,0.1553,0.072,-0.0131,35,D,,,,0.0,NO,,
2026-05-29,,Garrett Stubbs,Philadelphia Phillies,Justin Wrobleski,BetMGM,395,0.1886,0.0713,-0.0135,53,C,,,,0.0,NO,,
2026-05-29,,Zack Gelof,Athletics,Carlos Rodón,BetMGM,454,0.167,0.071,-0.0135,42,C,,,,0.0,NO,,
2026-05-29,,Isaac Collins,Kansas City Royals,MacKenzie Gore,DraftKings,499,0.1531,0.071,-0.0138,35,D,,,,0.0,NO,,
2026-05-29,,Brooks Lee,Minnesota Twins,Jared Jones,FanDuel,379,0.1949,0.071,-0.0139,57,C,,,,0.0,NO,,
2026-05-29,,Josh Naylor,Seattle Mariners,Zac Gallen,FanDuel,356,0.2053,0.071,-0.014,63,C,,,,0.0,NO,,
2026-05-29,,Adley Rutschman,Baltimore Orioles,TBD,BetMGM,393,0.1887,0.0713,-0.0141,53,C,,,,0.0,NO,,
2026-05-29,,Carson Kelly,Chicago Cubs,Andre Pallante,DraftKings,480,0.1583,0.071,-0.0141,37,D,,,,0.0,NO,,
2026-05-29,,Andrés Giménez,Toronto Blue Jays,Trevor Rogers,BetMGM,404,0.1843,0.0716,-0.0142,51,C,,,,0.0,NO,,
2026-05-29,,Logan O'Hoppe,Los Angeles Angels,Nick Martinez,DraftKings,474,0.1599,0.0717,-0.0143,48,C,,,,0.0,NO,,
2026-05-29,,Christian Yelich,Milwaukee Brewers,Kai-Wei Teng,FanDuel,391,0.1888,0.0714,-0.0149,53,C,,,,0.0,NO,,
2026-05-29,,Fernando Tatis Jr.,San Diego Padres,Paxton Schultz,DraftKings,393,0.1879,0.071,-0.0149,53,C,,,,0.0,NO,,
2026-05-29,,Alex Freeland,Los Angeles Dodgers,Zack Wheeler,DraftKings,492,0.154,0.0714,-0.0149,35,D,,,,0.0,NO,,
2026-05-29,,José Ramírez,Cleveland Guardians,Tyler Samaniego,DraftKings,375,0.1949,0.071,-0.0157,57,C,,,,0.0,NO,,
2026-05-29,,Konnor Griffin,Pittsburgh Pirates,Taj Bradley,FanDuel,404,0.1827,0.071,-0.0157,50,C,,,,0.0,NO,,
2026-05-29,,Travis Bazzana,Cleveland Guardians,Tyler Samaniego,BetMGM,391,0.1879,0.071,-0.0158,53,C,,,,0.0,NO,,
2026-05-29,,Brayan Rocchio,Cleveland Guardians,Tyler Samaniego,FanDuel,492,0.1531,0.071,-0.0158,34,D,,,,0.0,NO,,
2026-05-29,,Brett Baty,New York Mets,Max Meyer,FanDuel,446,0.167,0.071,-0.0161,42,C,,,,0.0,NO,,
2026-05-29,,Ben Williamson,Tampa Bay Rays,Walbert Ureña,DraftKings,402,0.1827,0.071,-0.0165,50,C,,,,0.0,NO,,
2026-05-29,,Tyler O'Neill,Baltimore Orioles,Adam Macko,BetMGM,442,0.1678,0.0713,-0.0167,42,C,,,,0.0,NO,,
2026-05-29,,Ben Rice,New York Yankees,Luis Severino,DraftKings,369,0.1964,0.0716,-0.0168,57,C,,,,0.0,NO,,
2026-05-29,,Marcus Semien,New York Mets,Max Meyer,DraftKings,471,0.1583,0.071,-0.0168,37,D,,,,0.0,NO,,
2026-05-29,,Chadwick Tromp,Atlanta Braves,Chris Paddack,BetMGM,488,0.1531,0.071,-0.017,34,D,,,,0.0,NO,,
2026-05-29,,Nolan Arenado,Arizona Diamondbacks,George Kirby,DraftKings,364,0.1983,0.071,-0.0172,58,C,,,,0.0,NO,,
2026-05-29,,Willy Adames,San Francisco Giants,Michael Lorenzen,DraftKings,387,0.1879,0.071,-0.0174,53,C,,,,0.0,NO,,
2026-05-29,,Sung-Mun Song,San Diego Padres,Paxton Schultz,BetMGM,363,0.1983,0.071,-0.0176,58,C,,,,0.0,NO,,
2026-05-29,,Oswald Peraza,Los Angeles Angels,Nick Martinez,DraftKings,393,0.1853,0.072,-0.0176,50,C,,,,0.0,NO,,
2026-05-29,,Otto Lopez,Miami Marlins,Freddy Peralta,BetMGM,396,0.1839,0.0708,-0.0177,48,C,,,,0.0,NO,,
2026-05-29,,Bryson Stott,Philadelphia Phillies,Justin Wrobleski,FanDuel,361,0.199,0.0713,-0.0179,58,C,,,,0.0,NO,,
2026-05-29,,Evan Carter,Texas Rangers,Stephen Kolek,BetMGM,396,0.1837,0.0714,-0.0179,50,C,,,,0.0,NO,,
2026-05-29,,Paul Goldschmidt,New York Yankees,Luis Severino,FanDuel,394,0.1841,0.0716,-0.0183,50,C,,,,0.0,NO,,
2026-05-29,,Munetaka Murakami,Chicago White Sox,Troy Melton,FanDuel,369,0.1949,0.071,-0.0184,56,C,,,,0.0,NO,,
2026-05-29,,Richie Palacios,Tampa Bay Rays,Walbert Ureña,FanDuel,438,0.167,0.071,-0.0188,42,C,,,,0.0,NO,,
2026-05-29,,Leody Taveras,Baltimore Orioles,Adam Macko,BetMGM,394,0.1835,0.0713,-0.0189,50,C,,,,0.0,NO,,
2026-05-29,,Kyle Manzardo,Cleveland Guardians,Tyler Samaniego,BetMGM,359,0.1983,0.071,-0.0195,58,C,,,,0.0,NO,,
2026-05-29,,Javier Sanoja,Miami Marlins,Freddy Peralta,BetMGM,436,0.167,0.071,-0.0195,41,C,,,,0.0,NO,,
2026-05-29,,Austin Martin,Minnesota Twins,Jared Jones,BetMGM,462,0.1583,0.071,-0.0196,37,D,,,,0.0,NO,,
2026-05-29,,Rikuu Nishida,Chicago White Sox,Troy Melton,DraftKings,462,0.1583,0.071,-0.0196,37,D,,,,0.0,NO,,
2026-05-29,,Sam Haggerty,Texas Rangers,Stephen Kolek,DraftKings,476,0.154,0.0714,-0.0196,34,D,,,,0.0,NO,,
2026-05-29,,Colson Montgomery,Chicago White Sox,Troy Melton,FanDuel,392,0.1827,0.071,-0.0206,50,C,,,,0.0,NO,,
2026-05-29,,Nicky Lopez,Texas Rangers,Stephen Kolek,BetMGM,476,0.1528,0.0709,-0.0208,34,D,,,,0.0,NO,,
2026-05-29,,Corbin Carroll,Arizona Diamondbacks,George Kirby,FanDuel,363,0.1949,0.071,-0.0211,56,C,,,,0.0,NO,,
2026-05-29,,Wenceel Pérez,Detroit Tigers,Erick Fedde,BetMGM,381,0.1867,0.0726,-0.0212,50,C,,,,0.0,NO,,
2026-05-29,,George Springer,Toronto Blue Jays,Trevor Rogers,FanDuel,374,0.1895,0.0716,-0.0214,52,C,,,,0.0,NO,,
2026-05-29,,Matt Olson,Atlanta Braves,Chris Paddack,DraftKings,341,0.2053,0.071,-0.0215,62,C,,,,0.0,NO,,
2026-05-29,,Alex Freeland,Los Angeles Dodgers,Zack Wheeler,BetMGM,471,0.1536,0.0712,-0.0215,34,D,,,,0.0,NO,,
2026-05-29,,Victor Caratini,Minnesota Twins,Jared Jones,FanDuel,430,0.167,0.071,-0.0217,41,C,,,,0.0,NO,,
2026-05-29,,TJ Friedl,Cincinnati Reds,Grant Holmes,FanDuel,474,0.1526,0.0708,-0.0217,34,D,,,,0.0,NO,,
2026-05-29,,Carson Williams,Tampa Bay Rays,Walbert Ureña,BetMGM,429,0.167,0.071,-0.022,41,C,,,,0.0,NO,,
2026-05-29,,Luis Rengifo,Milwaukee Brewers,Kai-Wei Teng,BetMGM,419,0.1696,0.0721,-0.023,38,D,,,,0.0,NO,,
2026-05-29,,Blake Perkins,Milwaukee Brewers,Kai-Wei Teng,DraftKings,464,0.1538,0.0714,-0.0235,34,D,,,,0.0,NO,,
2026-05-29,,Brandon Lowe,Pittsburgh Pirates,Taj Bradley,DraftKings,356,0.1949,0.071,-0.0244,56,C,,,,0.0,NO,,
2026-05-29,,Nico Hoerner,Chicago Cubs,Andre Pallante,BetMGM,356,0.1949,0.071,-0.0244,56,C,,,,0.0,NO,,
2026-05-29,,Yordan Alvarez,Houston Astros,Coleman Crow,FanDuel,335,0.2053,0.071,-0.0246,61,C,,,,0.0,NO,,
2026-05-29,,Jeremiah Jackson,Baltimore Orioles,Adam Macko,BetMGM,419,0.1678,0.0713,-0.0249,41,C,,,,0.0,NO,,
2026-05-29,,Bryce Harper,Philadelphia Phillies,Justin Wrobleski,BetMGM,328,0.2081,0.072,-0.0255,89,C,,,,0.0,NO,,
2026-05-29,,Zach Dezenzo,Houston Astros,Coleman Crow,FanDuel,443,0.1583,0.071,-0.0258,36,D,,,,0.0,NO,,
2026-05-29,,César Salazar,Houston Astros,Coleman Crow,FanDuel,351,0.1949,0.071,-0.0269,55,C,,,,0.0,NO,,
2026-05-29,,Pete Alonso,Baltimore Orioles,Adam Macko,BetMGM,310,0.2163,0.0724,-0.0276,65,C,,,,0.0,NO,,
2026-05-29,,Hunter Feduccia,Tampa Bay Rays,Walbert Ureña,FanDuel,364,0.1879,0.071,-0.0276,52,C,,,,0.0,NO,,
2026-05-29,,Coby Mayo,Baltimore Orioles,TBD,DraftKings,412,0.1678,0.0713,-0.0276,41,C,,,,0.0,NO,,
2026-05-29,,Brandon Valenzuela,Toronto Blue Jays,Trevor Rogers,DraftKings,448,0.1544,0.0716,-0.0281,33,D,,,,0.0,NO,,
2026-05-29,,Nolan Gorman,St. Louis Cardinals,Shota Imanaga,FanDuel,373,0.1827,0.071,-0.0287,49,C,,,,0.0,NO,,
2026-05-29,,Luisangel Acuña,Chicago White Sox,Troy Melton,FanDuel,432,0.1583,0.071,-0.0296,36,D,,,,0.0,NO,,
2026-05-29,,Alejandro Osuna,Texas Rangers,Stephen Kolek,DraftKings,429,0.1592,0.0714,-0.0298,36,D,,,,0.0,NO,,
2026-05-29,,Matt Olson,Atlanta Braves,Chris Paddack,FanDuel,325,0.2053,0.071,-0.03,61,C,,,,0.0,NO,,
2026-05-29,,Tristan Peters,Chicago White Sox,Troy Melton,BetMGM,445,0.1531,0.071,-0.0304,33,D,,,,0.0,NO,,
2026-05-29,,J.P. Crawford,Seattle Mariners,Zac Gallen,BetMGM,406,0.167,0.071,-0.0306,40,C,,,,0.0,NO,,
2026-05-29,,Andruw Monasterio,Boston Red Sox,Slade Cecconi,BetMGM,441,0.1541,0.0715,-0.0308,33,D,,,,0.0,NO,,
2026-05-29,,Taylor Trammell,Houston Astros,Coleman Crow,FanDuel,357,0.1879,0.071,-0.0309,51,C,,,,0.0,NO,,
2026-05-29,,Jackson Chourio,Milwaukee Brewers,Kai-Wei Teng,FanDuel,426,0.1591,0.0714,-0.031,35,D,,,,0.0,NO,,
2026-05-29,,Willi Castro,Colorado Rockies,Logan Webb,DraftKings,368,0.1821,0.0708,-0.0315,48,C,,,,0.0,NO,,
2026-05-29,,Ryan Waldschmidt,Arizona Diamondbacks,George Kirby,FanDuel,439,0.1531,0.071,-0.0324,32,D,,,,0.0,NO,,
2026-05-29,,Matt Chapman,San Francisco Giants,Michael Lorenzen,DraftKings,364,0.1827,0.071,-0.0328,48,C,,,,0.0,NO,,
2026-05-29,,Cedric Mullins,Tampa Bay Rays,Walbert Ureña,DraftKings,437,0.1531,0.071,-0.0331,32,D,,,,0.0,NO,,
2026-05-29,,Mauricio Dubón,Atlanta Braves,Chris Paddack,DraftKings,422,0.1583,0.071,-0.0332,35,D,,,,0.0,NO,,
2026-05-29,,Bryce Eldridge,San Francisco Giants,Michael Lorenzen,BetMGM,421,0.1583,0.071,-0.0336,35,D,,,,0.0,NO,,
2026-05-29,,Patrick Wisdom,Seattle Mariners,Zac Gallen,FanDuel,362,0.1827,0.071,-0.0338,48,C,,,,0.0,NO,,
2026-05-29,,Jacob Young,Washington Nationals,Lucas Giolito,FanDuel,398,0.167,0.071,-0.0338,40,C,,,,0.0,NO,,
2026-05-29,,José Caballero,New York Yankees,Luis Severino,DraftKings,430,0.1543,0.0716,-0.0344,32,D,,,,0.0,NO,,
2026-05-29,,Ezequiel Tovar,Colorado Rockies,Logan Webb,DraftKings,395,0.167,0.071,-0.035,40,C,,,,0.0,NO,,
2026-05-29,,Charles McAdoo,Toronto Blue Jays,Trevor Rogers,FanDuel,355,0.1843,0.0716,-0.0355,48,C,,,,0.0,NO,,
2026-05-29,,Tyler Tolbert,Kansas City Royals,MacKenzie Gore,BetMGM,358,0.1827,0.071,-0.0357,48,C,,,,0.0,NO,,
2026-05-29,,Brandon Marsh,Philadelphia Phillies,Justin Wrobleski,FanDuel,390,0.1676,0.0713,-0.0365,39,D,,,,0.0,NO,,
2026-05-29,,Nick Loftin,Kansas City Royals,MacKenzie Gore,FanDuel,389,0.167,0.071,-0.0375,39,D,,,,0.0,NO,,
2026-05-29,,Danny Jansen,Texas Rangers,Stephen Kolek,DraftKings,411,0.158,0.0709,-0.0377,35,D,,,,0.0,NO,,
2026-05-29,,Patrick Bailey,Cleveland Guardians,Tyler Samaniego,FanDuel,409,0.1583,0.071,-0.0381,35,D,,,,0.0,NO,,
2026-05-29,,Ramón Laureano,San Diego Padres,Paxton Schultz,BetMGM,385,0.167,0.071,-0.0392,39,D,,,,0.0,NO,,
2026-05-29,,Ty France,San Diego Padres,Paxton Schultz,FanDuel,405,0.1583,0.071,-0.0397,34,D,,,,0.0,NO,,
2026-05-29,,Kyle Isbel,Kansas City Royals,MacKenzie Gore,FanDuel,418,0.1531,0.071,-0.0399,32,D,,,,0.0,NO,,
2026-05-29,,Jackson Holliday,Baltimore Orioles,Adam Macko,DraftKings,410,0.156,0.0724,-0.04,32,D,,,,0.0,NO,,
2026-05-29,,Tyler Stephenson,Cincinnati Reds,Grant Holmes,FanDuel,405,0.1578,0.0708,-0.0403,34,D,,,,0.0,NO,,
2026-05-29,,Joe Mack,Miami Marlins,Freddy Peralta,BetMGM,417,0.1531,0.071,-0.0403,31,D,,,,0.0,NO,,
2026-05-29,,Yordan Alvarez,Houston Astros,Coleman Crow,DraftKings,307,0.2053,0.071,-0.0404,59,C,,,,0.0,NO,,
2026-05-29,,Caleb Durbin,Boston Red Sox,Slade Cecconi,DraftKings,418,0.1524,0.0707,-0.0406,31,D,,,,0.0,NO,,
2026-05-29,,Joey Ortiz,Milwaukee Brewers,Kai-Wei Teng,FanDuel,379,0.1678,0.0714,-0.0409,39,D,,,,0.0,NO,,
2026-05-29,,TJ Friedl,Cincinnati Reds,Grant Holmes,BetMGM,416,0.1526,0.0708,-0.0412,31,D,,,,0.0,NO,,
2026-05-29,,Kyle Schwarber,Philadelphia Phillies,Justin Wrobleski,BetMGM,355,0.178,0.0673,-0.0418,85,C,,,,0.0,NO,,
2026-05-29,,Caleb Durbin,Boston Red Sox,Slade Cecconi,BetMGM,375,0.1681,0.0715,-0.0424,39,D,,,,0.0,NO,,
2026-05-29,,Xander Bogaerts,San Diego Padres,Paxton Schultz,BetMGM,375,0.167,0.071,-0.0435,39,D,,,,0.0,NO,,
2026-05-29,,Kyle Karros,Colorado Rockies,Logan Webb,BetMGM,401,0.1531,0.071,-0.0465,31,D,,,,0.0,NO,,
2026-05-29,,Pete Alonso,Baltimore Orioles,TBD,DraftKings,295,0.2062,0.0713,-0.047,59,C,,,,0.0,NO,,
2026-05-29,,Yohendrick Piñango,Toronto Blue Jays,Trevor Rogers,BetMGM,383,0.1597,0.0716,-0.0473,34,D,,,,0.0,NO,,
2026-05-29,,Nicky Lopez,Texas Rangers,Stephen Kolek,FanDuel,394,0.154,0.0714,-0.0485,31,D,,,,0.0,NO,,
2026-05-29,,Javier Sanoja,Miami Marlins,Freddy Peralta,DraftKings,382,0.1583,0.071,-0.0491,33,D,,,,0.0,NO,,
2026-05-29,,Steward Berroa,Philadelphia Phillies,Justin Wrobleski,FanDuel,385,0.1555,0.0721,-0.0506,50,C,,,,0.0,NO,,
2026-05-29,,Heriberto Hernández,Miami Marlins,Freddy Peralta,DraftKings,391,0.1531,0.071,-0.0506,30,D,,,,0.0,NO,,
2026-05-29,,Brayan Rocchio,Cleveland Guardians,Tyler Samaniego,BetMGM,390,0.1531,0.071,-0.051,30,D,,,,0.0,NO,,
2026-05-29,,Alejandro Osuna,Texas Rangers,Stephen Kolek,BetMGM,359,0.1667,0.0709,-0.0512,38,D,,,,0.0,NO,,
2026-05-29,,Joe Mack,Miami Marlins,Freddy Peralta,DraftKings,388,0.1531,0.071,-0.0518,30,D,,,,0.0,NO,,
2026-05-29,,Nick Sogard,Boston Red Sox,Slade Cecconi,BetMGM,370,0.1593,0.0715,-0.0534,33,D,,,,0.0,NO,,
2026-05-29,,Nick Allen,Houston Astros,Coleman Crow,DraftKings,372,0.1583,0.071,-0.0535,33,D,,,,0.0,NO,,
2026-05-29,,Gunnar Henderson,Baltimore Orioles,TBD,BetMGM,381,0.1538,0.0713,-0.0541,30,D,,,,0.0,NO,,
2026-05-29,,Shohei Ohtani,Los Angeles Dodgers,Zack Wheeler,BetMGM,300,0.1936,0.0732,-0.0564,94,C,,,,0.0,NO,,
2026-05-29,,Kyle Isbel,Kansas City Royals,MacKenzie Gore,DraftKings,373,0.1531,0.071,-0.0583,29,D,,,,0.0,NO,,
2026-05-29,,Juan Soto,New York Mets,Max Meyer,DraftKings,284,0.2013,0.0696,-0.0592,95,C,,,,0.0,NO,,
2026-05-29,,Daulton Varsho,Toronto Blue Jays,Trevor Rogers,DraftKings,367,0.1544,0.0716,-0.0597,29,D,,,,0.0,NO,,
2026-05-29,,Marcelo Mayer,Boston Red Sox,Slade Cecconi,FanDuel,360,0.1576,0.0707,-0.0598,32,D,,,,0.0,NO,,
2026-05-29,,Harrison Bader,San Francisco Giants,Michael Lorenzen,DraftKings,367,0.1531,0.071,-0.061,29,D,,,,0.0,NO,,
2026-05-29,,Luke Keaschall,Minnesota Twins,Jared Jones,FanDuel,355,0.1583,0.071,-0.0615,32,D,,,,0.0,NO,,
2026-05-29,,Tristan Gray,Minnesota Twins,Jared Jones,BetMGM,361,0.1531,0.071,-0.0638,29,D,,,,0.0,NO,,
2026-05-29,,Jared Triolo,Pittsburgh Pirates,Taj Bradley,DraftKings,354,0.1531,0.071,-0.0672,28,D,,,,0.0,NO,,
2026-05-29,,Aaron Judge,New York Yankees,Luis Severino,BetMGM,254,0.2114,0.0731,-0.0711,99,C,,,,0.0,NO,,
2026-05-29,,Juan Soto,New York Mets,Max Meyer,FanDuel,261,0.2013,0.0696,-0.0758,93,C,,,,0.0,NO,,
2026-05-29,,Aaron Judge,New York Yankees,Luis Severino,FanDuel,241,0.2114,0.0731,-0.0819,99,C,,,,0.0,NO,,
2026-05-29,,Shohei Ohtani,Los Angeles Dodgers,Zack Wheeler,DraftKings,255,0.1926,0.0728,-0.0891,90,C,,,,0.0,NO,,
