Date,Snapshot,Player,Team,Pitcher,BestBook,BestOdds,ModelProb,RawModelProb,Edge,Confidence,Grade,Tier,LineupSpot,TopEdgeRank,TopProbRank,Stake,Play,Result,Profit
2026-05-31,LOCK,Curtis Mead,Washington Nationals,Griffin Canning,DraftKings,633,0.2315,0.0715,0.095,84,B,TIER 1 💎,3.0,1.0,2.0,1.0,YES 🔥,,
2026-05-31,LOCK,Pedro Pagés,St. Louis Cardinals,Jordan Wicks,DraftKings,665,0.219,0.0713,0.0883,81,B,TIER 1 💎,2.0,1.0,4.0,1.0,YES 🔥,,
2026-05-31,LOCK,JJ Bleday,Cincinnati Reds,Spencer Strider,DraftKings,603,0.2269,0.0701,0.0847,85,B,TIER 1 💎,3.0,1.0,2.0,1.0,YES 🔥,,
2026-05-31,LOCK,Jazz Chisholm Jr.,New York Yankees,Jacob Lopez,DraftKings,594,0.2275,0.0727,0.0834,79,B,TIER 1 💎,5.0,1.0,3.0,1.0,YES 🔥,,
2026-05-31,LOCK,Connor Norby,Miami Marlins,Nolan McLean,DraftKings,627,0.22,0.0708,0.0825,80,B,TIER 1 💎,4.0,1.0,1.0,1.0,YES 🔥,,
2026-05-31,LOCK,Jake Burger,Texas Rangers,Michael Wacha,BetMGM,592,0.2229,0.0717,0.0784,80,B,TIER 1 💎,4.0,1.0,1.0,1.0,YES 🔥,,
2026-05-31,LOCK,Jesus Rodriguez,San Francisco Giants,Tanner Gordon,DraftKings,607,0.2191,0.0702,0.0777,82,B,TIER 1 💎,3.0,1.0,2.0,1.0,YES 🔥,,
2026-05-31,LOCK,Pedro Ramírez,Chicago Cubs,Matthew Liberatore,BetMGM,604,0.2172,0.072,0.0751,78,B,TIER 1 💎,5.0,1.0,3.0,1.0,YES 🔥,,
2026-05-31,LOCK,Salvador Perez,Kansas City Royals,Jack Leiter,FanDuel,550,0.2279,0.0706,0.074,84,B,TIER 1 💎,4.0,1.0,1.0,1.0,YES 🔥,,
2026-05-31,LOCK,Mitch Garver,Seattle Mariners,Merrill Kelly,FanDuel,631,0.2107,0.0711,0.0739,76,B,TIER 1 💎,2.0,1.0,4.0,1.0,YES 🔥,,
2026-05-31,LOCK,Jackson Merrill,San Diego Padres,Zack Littell,FanDuel,585,0.2189,0.07,0.0729,81,B,TIER 1 💎,5.0,1.0,3.0,1.0,YES 🔥,,
2026-05-31,LOCK,Michael Harris II,Atlanta Braves,Nick Lodolo,DraftKings,574,0.217,0.0706,0.0687,77,B,TIER 1 💎,2.0,1.0,4.0,1.0,YES 🔥,,
2026-05-31,LOCK,Tyler Freeman,Colorado Rockies,Robbie Ray,DraftKings,551,0.2213,0.072,0.0677,77,B,TIER 1 💎,2.0,2.0,4.0,1.0,YES 🔥,,
2026-05-31,LOCK,Ernie Clement,Toronto Blue Jays,Kyle Bradish,FanDuel,623,0.2058,0.0709,0.0675,73,B,TIER 2 🔥,5.0,1.0,3.0,0.5,YES 🔥,,
2026-05-31,LOCK,Kerry Carpenter,Detroit Tigers,Sean Burke,BetMGM,575,0.2147,0.0718,0.0665,78,B,TIER 1 💎,4.0,1.0,1.0,1.0,YES 🔥,,
2026-05-31,LOCK,Brandon Lowe,Pittsburgh Pirates,Zebby Matthews,FanDuel,546,0.2204,0.0709,0.0656,79,B,TIER 1 💎,4.0,1.0,1.0,1.0,YES 🔥,,
2026-05-31,LOCK,Gabriel Moreno,Arizona Diamondbacks,Bryce Miller,DraftKings,645,0.1993,0.0699,0.0651,71,B,TIER 2 🔥,2.0,1.0,4.0,0.5,YES 🔥,,
2026-05-31,LOCK,Jeff McNeil,Athletics,Will Warren,FanDuel,604,0.2046,0.0704,0.0626,73,B,TIER 2 🔥,5.0,1.0,3.0,0.5,YES 🔥,,
2026-05-31,LOCK,Adley Rutschman,Baltimore Orioles,Spencer Miles,BetMGM,582,0.2076,0.0718,0.0609,74,B,TIER 2 🔥,3.0,1.0,2.0,0.5,YES 🔥,,
2026-05-31,LOCK,Brice Turang,Milwaukee Brewers,Tatsuya Imai,BetMGM,516,0.2231,0.0714,0.0607,78,B,TIER 1 💎,3.0,1.0,2.0,1.0,YES 🔥,,
2026-05-31,LOCK,Isiah Kiner-Falefa,Boston Red Sox,Tanner Bibee,BetMGM,557,0.2123,0.0704,0.0601,76,B,TIER 1 💎,5.0,1.0,3.0,1.0,YES 🔥,,
2026-05-31,LOCK,Max Muncy,Los Angeles Dodgers,Andrew Painter,BetMGM,584,0.2052,0.0706,0.059,71,B,TIER 2 🔥,5.0,1.0,3.0,0.5,YES 🔥,,
2026-05-31,LOCK,Kody Clemens,Minnesota Twins,Braxton Ashcraft,FanDuel,574,0.2063,0.0714,0.058,73,B,TIER 2 🔥,3.0,1.0,2.0,0.5,YES 🔥,,
2026-05-31,LOCK,Christian Walker,Houston Astros,Jacob Misiorowski,BetMGM,572,0.2063,0.0714,0.0575,71,B,TIER 2 🔥,3.0,1.0,2.0,0.5,YES 🔥,,
2026-05-31,LOCK,Rhys Hoskins,Cleveland Guardians,Ranger Suarez,DraftKings,533,0.2153,0.072,0.0573,75,B,TIER 1 💎,4.0,1.0,1.0,1.0,YES 🔥,,
2026-05-31,LOCK,Mark Vientos,New York Mets,John King,DraftKings,538,0.2138,0.0709,0.0571,75,B,TIER 1 💎,5.0,1.0,3.0,1.0,YES 🔥,,
2026-05-31,LOCK,Mike Trout,Los Angeles Angels,Shane McClanahan,DraftKings,598,0.1982,0.0722,0.0549,88,A,TIER 2 🔥,2.0,1.0,4.0,0.5,YES 🔥,,
2026-05-31,LOCK,Miguel Vargas,Chicago White Sox,Keider Montero,FanDuel,558,0.2016,0.0706,0.0496,69,B,TIER 2 🔥,2.0,1.0,4.0,0.5,YES 🔥,,
2026-05-31,LOCK,Richie Palacios,Tampa Bay Rays,Jack Kochanowicz,DraftKings,490,0.2063,0.0714,0.0369,71,B,TIER 2 🔥,3.0,1.0,2.0,0.5,YES 🔥,,
2026-05-31,LOCK,Bryson Stott,Philadelphia Phillies,Yoshinobu Yamamoto,FanDuel,460,0.2046,0.0704,0.026,67,B,TIER 2 🔥,5.0,3.0,3.0,0.5,YES 🔥,,
2026-05-31,LOCK,Daylen Lile,Washington Nationals,Griffin Canning,FanDuel,609,0.2236,0.0715,0.0826,80,B,WATCH,5.0,2.0,3.0,0.0,NO,,
2026-05-31,LOCK,Brandon Nimmo,Texas Rangers,Michael Wacha,DraftKings,625,0.2156,0.0717,0.0777,78,B,WATCH,3.0,2.0,2.0,0.0,NO,,
2026-05-31,LOCK,J.C. Escarra,New York Yankees,Jacob Lopez,DraftKings,583,0.2235,0.0727,0.0771,79,B,WATCH,2.0,2.0,4.0,0.0,NO,,
2026-05-31,LOCK,Nolan Gorman,St. Louis Cardinals,Jordan Wicks,BetMGM,575,0.223,0.0713,0.0748,81,B,WATCH,5.0,2.0,3.0,0.0,NO,,
2026-05-31,LOCK,Ezequiel Duran,Texas Rangers,Michael Wacha,BetMGM,649,0.2083,0.0717,0.0748,74,B,WATCH,5.0,3.0,3.0,0.0,NO,,
2026-05-31,LOCK,Kyle Karros,Colorado Rockies,Robbie Ray,BetMGM,647,0.2074,0.072,0.0736,72,B,WATCH,6.0,1.0,6.0,0.0,NO,,
2026-05-31,LOCK,JJ Wetherholt,St. Louis Cardinals,Jordan Wicks,DraftKings,502,0.2386,0.0713,0.0725,86,B,WATCH,4.0,3.0,1.0,0.0,NO,,
2026-05-31,LOCK,Colt Emerson,Seattle Mariners,Merrill Kelly,BetMGM,585,0.2144,0.0711,0.0684,77,B,WATCH,5.0,2.0,3.0,0.0,NO,,
2026-05-31,LOCK,Xavier Edwards,Miami Marlins,Nolan McLean,BetMGM,618,0.2072,0.0713,0.0679,94,A,WATCH,5.0,2.0,3.0,0.0,NO,,
2026-05-31,LOCK,Ezequiel Tovar,Colorado Rockies,Robbie Ray,DraftKings,534,0.2252,0.072,0.0675,79,B,WATCH,5.0,3.0,3.0,0.0,NO,,
2026-05-31,LOCK,Eugenio Suárez,Cincinnati Reds,Spencer Strider,FanDuel,554,0.2192,0.0701,0.0663,77,B,WATCH,5.0,2.0,3.0,0.0,NO,,
2026-05-31,LOCK,Jacob Young,Washington Nationals,Griffin Canning,DraftKings,613,0.206,0.0715,0.0657,70,B,WATCH,6.0,3.0,6.0,0.0,NO,,
2026-05-31,LOCK,Ronald Acuña Jr.,Atlanta Braves,Nick Lodolo,BetMGM,589,0.2093,0.0706,0.0641,73,B,WATCH,1.0,2.0,5.0,0.0,NO,,
2026-05-31,LOCK,Carter Jensen,Kansas City Royals,Jack Leiter,BetMGM,621,0.2017,0.0706,0.063,70,B,WATCH,1.0,2.0,5.0,0.0,NO,,
2026-05-31,LOCK,TJ Rumfield,Colorado Rockies,Robbie Ray,DraftKings,485,0.2331,0.072,0.0622,83,B,WATCH,3.0,4.0,2.0,0.0,NO,,
2026-05-31,LOCK,Rafael Devers,San Francisco Giants,Tanner Gordon,BetMGM,505,0.2266,0.0702,0.0613,81,B,WATCH,4.0,2.0,1.0,0.0,NO,,
2026-05-31,LOCK,Alec Burleson,St. Louis Cardinals,Jordan Wicks,DraftKings,488,0.2308,0.0713,0.0607,83,B,WATCH,3.0,4.0,2.0,0.0,NO,,
2026-05-31,LOCK,Willi Castro,Colorado Rockies,Robbie Ray,BetMGM,555,0.2134,0.072,0.0607,73,B,WATCH,1.0,5.0,5.0,0.0,NO,,
2026-05-31,LOCK,Nathan Lukes,Toronto Blue Jays,Kyle Bradish,DraftKings,644,0.195,0.0709,0.0606,67,B,WATCH,1.0,2.0,5.0,0.0,NO,,
2026-05-31,LOCK,Samuel Basallo,Baltimore Orioles,Spencer Miles,FanDuel,614,0.2005,0.0718,0.0605,68,B,WATCH,5.0,2.0,3.0,0.0,NO,,
2026-05-31,LOCK,Ryan McMahon,New York Yankees,Jacob Lopez,DraftKings,570,0.2095,0.0727,0.0603,70,B,WATCH,6.0,3.0,6.0,0.0,NO,,
2026-05-31,LOCK,Kevin McGonigle,Detroit Tigers,Sean Burke,BetMGM,626,0.1971,0.0718,0.0593,68,B,WATCH,2.0,2.0,4.0,0.0,NO,,
2026-05-31,LOCK,Aramis Garcia,Arizona Diamondbacks,Bryce Miller,DraftKings,652,0.1922,0.0699,0.0592,66,B,WATCH,1.0,2.0,5.0,0.0,NO,,
2026-05-31,LOCK,Blake Dunn,Cincinnati Reds,Spencer Strider,DraftKings,568,0.2077,0.0701,0.058,72,B,WATCH,1.0,3.0,5.0,0.0,NO,,
2026-05-31,LOCK,Caleb Durbin,Boston Red Sox,Tanner Bibee,FanDuel,627,0.1955,0.0704,0.058,67,B,WATCH,6.0,2.0,6.0,0.0,NO,,
2026-05-31,LOCK,Edmundo Sosa,Philadelphia Phillies,Yoshinobu Yamamoto,BetMGM,660,0.1884,0.0704,0.0569,64,B,WATCH,6.0,1.0,6.0,0.0,NO,,
2026-05-31,LOCK,Liam Hicks,Miami Marlins,Nolan McLean,BetMGM,587,0.202,0.0708,0.0564,70,B,WATCH,2.0,3.0,4.0,0.0,NO,,
2026-05-31,LOCK,Jared Young,New York Mets,John King,FanDuel,479,0.2288,0.0709,0.0561,85,B,WATCH,4.0,2.0,1.0,0.0,NO,,
2026-05-31,LOCK,Jonah Heim,Athletics,Will Warren,FanDuel,623,0.1938,0.0704,0.0555,66,B,WATCH,1.0,2.0,5.0,0.0,NO,,
2026-05-31,LOCK,Alejandro Osuna,Texas Rangers,Michael Wacha,DraftKings,631,0.1918,0.0717,0.055,63,B,WATCH,6.0,4.0,6.0,0.0,NO,,
2026-05-31,LOCK,Hunter Goodman,Colorado Rockies,Robbie Ray,BetMGM,436,0.241,0.072,0.0545,83,B,WATCH,4.0,6.0,1.0,0.0,NO,,
2026-05-31,LOCK,Alex Bregman,Chicago Cubs,Matthew Liberatore,BetMGM,586,0.2,0.072,0.0543,67,B,WATCH,6.0,2.0,6.0,0.0,NO,,
2026-05-31,LOCK,Josh Naylor,Seattle Mariners,Merrill Kelly,DraftKings,495,0.2219,0.0711,0.0539,77,B,WATCH,3.0,3.0,2.0,0.0,NO,,
2026-05-31,LOCK,James Wood,Washington Nationals,Griffin Canning,BetMGM,531,0.2118,0.0715,0.0534,71,B,WATCH,1.0,4.0,5.0,0.0,NO,,
2026-05-31,LOCK,Kyle Manzardo,Cleveland Guardians,Ranger Suarez,DraftKings,657,0.1853,0.072,0.0532,60,B,WATCH,6.0,2.0,6.0,0.0,NO,,
2026-05-31,LOCK,Nick Kurtz,Athletics,Will Warren,DraftKings,528,0.2118,0.0704,0.0526,76,B,WATCH,3.0,3.0,2.0,0.0,NO,,
2026-05-31,LOCK,Daniel Susac,San Francisco Giants,Tanner Gordon,BetMGM,575,0.2006,0.0702,0.0524,69,B,WATCH,1.0,3.0,5.0,0.0,NO,,
2026-05-31,LOCK,Sal Stewart,Cincinnati Reds,Spencer Strider,BetMGM,448,0.2346,0.0701,0.0522,85,B,WATCH,4.0,4.0,1.0,0.0,NO,,
2026-05-31,LOCK,Luis García Jr.,Washington Nationals,Griffin Canning,BetMGM,496,0.2197,0.0715,0.0519,75,B,WATCH,2.0,5.0,4.0,0.0,NO,,
2026-05-31,LOCK,David Fry,Cleveland Guardians,Ranger Suarez,BetMGM,568,0.2012,0.072,0.0515,69,B,WATCH,5.0,3.0,3.0,0.0,NO,,
2026-05-31,LOCK,Tristan Gray,Minnesota Twins,Braxton Ashcraft,DraftKings,575,0.1993,0.0714,0.0512,69,B,WATCH,5.0,2.0,3.0,0.0,NO,,
2026-05-31,LOCK,Masataka Yoshida,Boston Red Sox,Tanner Bibee,DraftKings,468,0.2272,0.0704,0.0511,82,B,WATCH,4.0,3.0,1.0,0.0,NO,,
2026-05-31,LOCK,CJ Abrams,Washington Nationals,Griffin Canning,DraftKings,431,0.2393,0.0715,0.051,84,B,WATCH,4.0,6.0,1.0,0.0,NO,,
2026-05-31,LOCK,Cole Young,Seattle Mariners,Merrill Kelly,BetMGM,460,0.2295,0.0711,0.0509,80,B,WATCH,4.0,4.0,1.0,0.0,NO,,
2026-05-31,LOCK,Carson Kelly,Chicago Cubs,Matthew Liberatore,DraftKings,545,0.2058,0.072,0.0507,69,B,WATCH,1.0,3.0,5.0,0.0,NO,,
2026-05-31,LOCK,Freddie Freeman,Los Angeles Dodgers,Andrew Painter,DraftKings,515,0.2124,0.0706,0.0498,76,B,WATCH,3.0,2.0,2.0,0.0,NO,,
2026-05-31,LOCK,Masyn Winn,St. Louis Cardinals,Jordan Wicks,FanDuel,543,0.2054,0.0713,0.0498,70,B,WATCH,6.0,5.0,5.0,0.0,NO,,
2026-05-31,LOCK,Luke Keaschall,Minnesota Twins,Braxton Ashcraft,DraftKings,507,0.2133,0.0714,0.0486,76,B,WATCH,4.0,3.0,1.0,0.0,NO,,
2026-05-31,LOCK,Alex Jackson,Minnesota Twins,Braxton Ashcraft,DraftKings,611,0.1889,0.0714,0.0482,63,B,WATCH,1.0,4.0,5.0,0.0,NO,,
2026-05-31,LOCK,Gavin Sheets,San Diego Padres,Zack Littell,DraftKings,497,0.215,0.07,0.0475,76,B,WATCH,2.0,2.0,4.0,0.0,NO,,
2026-05-31,LOCK,Chase DeLauter,Cleveland Guardians,Ranger Suarez,FanDuel,518,0.2083,0.072,0.0464,70,B,WATCH,3.0,4.0,2.0,0.0,NO,,
2026-05-31,LOCK,Shea Langeliers,Athletics,Will Warren,BetMGM,545,0.201,0.0704,0.046,69,B,WATCH,2.0,4.0,4.0,0.0,NO,,
2026-05-31,LOCK,Dalton Rushing,Los Angeles Dodgers,Andrew Painter,FanDuel,571,0.1944,0.0706,0.0454,66,B,WATCH,1.0,3.0,5.0,0.0,NO,,
2026-05-31,LOCK,Josh Jung,Texas Rangers,Michael Wacha,DraftKings,527,0.2046,0.0717,0.0451,69,B,WATCH,2.0,5.0,4.0,0.0,NO,,
2026-05-31,LOCK,Endy Rodríguez,Pittsburgh Pirates,Zebby Matthews,FanDuel,566,0.1951,0.0709,0.045,66,B,WATCH,1.0,2.0,5.0,0.0,NO,,
2026-05-31,LOCK,Michael Massey,Kansas City Royals,Jack Leiter,BetMGM,640,0.1793,0.0706,0.0442,56,B,WATCH,7.0,3.0,7.0,0.0,NO,,
2026-05-31,LOCK,Ketel Marte,Arizona Diamondbacks,Bryce Miller,DraftKings,478,0.2171,0.0699,0.0441,78,B,WATCH,4.0,3.0,1.0,0.0,NO,,
2026-05-31,LOCK,Cam Smith,Houston Astros,Jacob Misiorowski,DraftKings,617,0.1836,0.0714,0.0441,60,B,WATCH,6.0,2.0,6.0,0.0,NO,,
2026-05-31,LOCK,Jorbit Vivas,Washington Nationals,Griffin Canning,DraftKings,638,0.1785,0.0715,0.043,54,C,WATCH,8.0,7.0,8.0,0.0,NO,,
2026-05-31,LOCK,Sal Frelick,Milwaukee Brewers,Tatsuya Imai,BetMGM,621,0.1815,0.0714,0.0428,57,B,WATCH,7.0,2.0,6.0,0.0,NO,,
2026-05-31,LOCK,Mauricio Dubón,Atlanta Braves,Nick Lodolo,BetMGM,461,0.2209,0.0706,0.0426,76,B,WATCH,5.0,3.0,3.0,0.0,NO,,
2026-05-31,LOCK,Isaac Collins,Kansas City Royals,Jack Leiter,BetMGM,550,0.1961,0.0706,0.0423,64,B,WATCH,6.0,4.0,6.0,0.0,NO,,
2026-05-31,LOCK,Braxton Fulford,Colorado Rockies,Robbie Ray,BetMGM,623,0.1798,0.072,0.0415,54,C,WATCH,8.0,7.0,8.0,0.0,NO,,
2026-05-31,LOCK,Oswald Peraza,Los Angeles Angels,Shane McClanahan,BetMGM,595,0.1853,0.072,0.0414,59,B,WATCH,6.0,2.0,6.0,0.0,NO,,
2026-05-31,LOCK,Paul Goldschmidt,New York Yankees,Jacob Lopez,DraftKings,394,0.2434,0.0727,0.041,84,B,WATCH,4.0,4.0,1.0,0.0,NO,,
2026-05-31,LOCK,Vinnie Pasquantino,Kansas City Royals,Jack Leiter,FanDuel,456,0.2204,0.0706,0.0406,74,B,WATCH,3.0,5.0,2.0,0.0,NO,,
2026-05-31,LOCK,Chadwick Tromp,Atlanta Braves,Nick Lodolo,DraftKings,661,0.1705,0.0706,0.0391,51,C,WATCH,9.0,4.0,9.0,0.0,NO,,
2026-05-31,LOCK,Ian Happ,Chicago Cubs,Matthew Liberatore,BetMGM,643,0.1734,0.072,0.0388,52,C,WATCH,8.0,4.0,8.0,0.0,NO,,
2026-05-31,LOCK,Alec Bohm,Philadelphia Phillies,Yoshinobu Yamamoto,BetMGM,648,0.1723,0.0704,0.0386,54,C,WATCH,7.0,2.0,7.0,0.0,NO,,
2026-05-31,LOCK,Darell Hernaiz,Athletics,Will Warren,FanDuel,648,0.1723,0.0704,0.0386,53,C,WATCH,7.0,5.0,7.0,0.0,NO,,
2026-05-31,LOCK,Miguel Amaya,Chicago Cubs,Matthew Liberatore,FanDuel,471,0.2134,0.072,0.0382,71,B,WATCH,2.0,5.0,4.0,0.0,NO,,
2026-05-31,LOCK,Nico Hoerner,Chicago Cubs,Matthew Liberatore,BetMGM,413,0.2324,0.072,0.0375,81,B,WATCH,4.0,6.0,1.0,0.0,NO,,
2026-05-31,LOCK,Zack Gelof,Athletics,Will Warren,BetMGM,557,0.1885,0.0704,0.0363,61,B,WATCH,6.0,6.0,6.0,0.0,NO,,
2026-05-31,LOCK,Jesús Sánchez,Toronto Blue Jays,Kyle Bradish,FanDuel,545,0.1896,0.0709,0.0345,61,B,WATCH,6.0,3.0,6.0,0.0,NO,,
2026-05-31,LOCK,Keibert Ruiz,Washington Nationals,Griffin Canning,DraftKings,624,0.1726,0.0715,0.0345,50,C,WATCH,9.0,8.0,9.0,0.0,NO,,
2026-05-31,LOCK,Austin Riley,Atlanta Braves,Nick Lodolo,DraftKings,490,0.2035,0.0706,0.034,65,B,WATCH,6.0,5.0,6.0,0.0,NO,,
2026-05-31,LOCK,Spencer Steer,Cincinnati Reds,Spencer Strider,FanDuel,564,0.1846,0.0701,0.034,58,B,WATCH,7.0,5.0,7.0,0.0,NO,,
2026-05-31,LOCK,Manny Machado,San Diego Padres,Zack Littell,BetMGM,418,0.2266,0.07,0.0335,80,B,WATCH,3.0,3.0,2.0,0.0,NO,,
2026-05-31,LOCK,Dansby Swanson,Chicago Cubs,Matthew Liberatore,FanDuel,566,0.1829,0.072,0.0327,56,B,WATCH,7.0,7.0,7.0,0.0,NO,,
2026-05-31,LOCK,Colton Cowser,Baltimore Orioles,Spencer Miles,BetMGM,634,0.1689,0.0718,0.0326,50,C,WATCH,7.0,3.0,7.0,0.0,NO,,
2026-05-31,LOCK,Brett Baty,New York Mets,John King,DraftKings,572,0.1801,0.0709,0.0313,55,B,WATCH,7.0,3.0,7.0,0.0,NO,,
2026-05-31,LOCK,Marcus Semien,New York Mets,John King,BetMGM,615,0.1707,0.0709,0.0308,50,C,WATCH,8.0,4.0,8.0,0.0,NO,,
2026-05-31,LOCK,Chad Stevens,Colorado Rockies,Robbie Ray,FanDuel,596,0.1739,0.072,0.0302,50,C,WATCH,9.0,8.0,9.0,0.0,NO,,
2026-05-31,LOCK,Eric Haase,San Francisco Giants,Tanner Gordon,DraftKings,462,0.208,0.0702,0.0301,70,B,WATCH,2.0,4.0,4.0,0.0,NO,,
2026-05-31,LOCK,Patrick Wisdom,Seattle Mariners,Merrill Kelly,BetMGM,496,0.1975,0.0711,0.0297,64,B,WATCH,6.0,5.0,6.0,0.0,NO,,
2026-05-31,LOCK,Kyle Higashioka,Texas Rangers,Michael Wacha,DraftKings,585,0.1754,0.0717,0.0294,50,C,WATCH,7.0,6.0,7.0,0.0,NO,,
2026-05-31,LOCK,Kazuma Okamoto,Toronto Blue Jays,Kyle Bradish,FanDuel,423,0.2203,0.0709,0.0291,76,B,WATCH,4.0,4.0,1.0,0.0,NO,,
2026-05-31,LOCK,José Caballero,New York Yankees,Jacob Lopez,DraftKings,554,0.1816,0.0727,0.0287,53,C,WATCH,8.0,5.0,8.0,0.0,NO,,
2026-05-31,LOCK,J.P. Crawford,Seattle Mariners,Merrill Kelly,FanDuel,558,0.1806,0.0711,0.0286,55,B,WATCH,7.0,6.0,7.0,0.0,NO,,
2026-05-31,LOCK,Jorge Soler,Los Angeles Angels,Shane McClanahan,DraftKings,437,0.2146,0.0718,0.0284,97,B,WATCH,4.0,3.0,1.0,0.0,NO,,
2026-05-31,LOCK,Nick Loftin,Kansas City Royals,Jack Leiter,DraftKings,603,0.17,0.0706,0.0277,49,C,WATCH,8.0,6.0,8.0,0.0,NO,,
2026-05-31,LOCK,Michael Busch,Chicago Cubs,Matthew Liberatore,DraftKings,406,0.2248,0.072,0.0272,74,B,WATCH,3.0,8.0,2.0,0.0,NO,,
2026-05-31,LOCK,Alex Freeland,Los Angeles Dodgers,Andrew Painter,FanDuel,419,0.2196,0.0706,0.0269,75,B,WATCH,4.0,4.0,1.0,0.0,NO,,
2026-05-31,LOCK,Fernando Tatis Jr.,San Diego Padres,Zack Littell,FanDuel,454,0.2074,0.07,0.0269,70,B,WATCH,1.0,4.0,5.0,0.0,NO,,
2026-05-31,LOCK,Alika Williams,Athletics,Will Warren,DraftKings,420,0.219,0.0704,0.0267,76,B,WATCH,4.0,7.0,1.0,0.0,NO,,
2026-05-31,LOCK,Bobby Witt Jr.,Kansas City Royals,Jack Leiter,BetMGM,448,0.2092,0.0706,0.0267,69,B,WATCH,2.0,7.0,4.0,0.0,NO,,
2026-05-31,LOCK,P.J. Higgins,Cincinnati Reds,Spencer Strider,FanDuel,600,0.1692,0.0701,0.0264,50,C,WATCH,9.0,6.0,8.0,0.0,NO,,
2026-05-31,LOCK,Leody Taveras,Baltimore Orioles,Spencer Miles,DraftKings,530,0.1847,0.0718,0.026,57,B,WATCH,6.0,4.0,6.0,0.0,NO,,
2026-05-31,LOCK,Christopher Morel,Miami Marlins,Nolan McLean,BetMGM,434,0.2128,0.0708,0.0256,72,B,WATCH,3.0,4.0,2.0,0.0,NO,,
2026-05-31,LOCK,Tristan Peters,Chicago White Sox,Keider Montero,BetMGM,579,0.1728,0.0706,0.0255,51,C,WATCH,7.0,2.0,6.0,0.0,NO,,
2026-05-31,LOCK,Joe Mack,Miami Marlins,Nolan McLean,DraftKings,489,0.1948,0.0708,0.025,62,B,WATCH,1.0,5.0,5.0,0.0,NO,,
2026-05-31,LOCK,A.J. Ewing,New York Mets,John King,DraftKings,479,0.1969,0.0709,0.0242,62,B,WATCH,6.0,5.0,6.0,0.0,NO,,
2026-05-31,LOCK,Garrett Stubbs,Philadelphia Phillies,Yoshinobu Yamamoto,BetMGM,488,0.1938,0.0704,0.0238,63,B,WATCH,1.0,4.0,5.0,0.0,NO,,
2026-05-31,LOCK,Sam Antonacci,Chicago White Sox,Keider Montero,DraftKings,484,0.1944,0.0706,0.0231,62,B,WATCH,1.0,3.0,5.0,0.0,NO,,
2026-05-31,LOCK,Ben Rice,New York Yankees,Jacob Lopez,DraftKings,370,0.2355,0.0727,0.0227,76,B,WATCH,3.0,6.0,2.0,0.0,NO,,
2026-05-31,LOCK,Rikuu Nishida,Chicago White Sox,Keider Montero,BetMGM,632,0.1584,0.0706,0.0218,43,C,WATCH,9.0,4.0,8.0,0.0,NO,,
2026-05-31,LOCK,Jake McCarthy,Colorado Rockies,Robbie Ray,FanDuel,495,0.1897,0.072,0.0216,57,B,WATCH,7.0,9.0,7.0,0.0,NO,,
2026-05-31,LOCK,Andrew Vaughn,Milwaukee Brewers,Tatsuya Imai,DraftKings,378,0.2306,0.0714,0.0214,79,B,WATCH,4.0,3.0,1.0,0.0,NO,,
2026-05-31,LOCK,Junior Caminero,Tampa Bay Rays,Jack Kochanowicz,DraftKings,421,0.2133,0.0714,0.0214,73,B,WATCH,4.0,2.0,1.0,0.0,NO,,
2026-05-31,LOCK,Nathaniel Lowe,Cincinnati Reds,Spencer Strider,FanDuel,451,0.2019,0.0701,0.0205,65,B,WATCH,6.0,7.0,6.0,0.0,NO,,
2026-05-31,LOCK,Nick Allen,Houston Astros,Jacob Misiorowski,BetMGM,620,0.1591,0.0714,0.0202,44,C,WATCH,8.0,3.0,8.0,0.0,NO,,
2026-05-31,LOCK,Brandon Valenzuela,Toronto Blue Jays,Kyle Bradish,BetMGM,620,0.1589,0.0709,0.02,43,C,WATCH,9.0,5.0,9.0,0.0,NO,,
2026-05-31,LOCK,Isaac Paredes,Houston Astros,Jacob Misiorowski,BetMGM,457,0.1993,0.0714,0.0198,63,B,WATCH,5.0,4.0,3.0,0.0,NO,,
2026-05-31,LOCK,Christian Vázquez,Houston Astros,Jacob Misiorowski,FanDuel,646,0.1539,0.0714,0.0198,41,C,WATCH,9.0,5.0,9.0,0.0,NO,,
2026-05-31,LOCK,Jhonny Pereda,Seattle Mariners,Merrill Kelly,BetMGM,444,0.2031,0.0711,0.0193,65,B,WATCH,1.0,7.0,5.0,0.0,NO,,
2026-05-31,LOCK,Nick Gonzales,Pittsburgh Pirates,Zebby Matthews,DraftKings,487,0.1897,0.0709,0.0193,60,B,WATCH,6.0,3.0,6.0,0.0,NO,,
2026-05-31,LOCK,Daulton Varsho,Toronto Blue Jays,Kyle Bradish,FanDuel,416,0.213,0.0709,0.0192,71,B,WATCH,3.0,6.0,2.0,0.0,NO,,
2026-05-31,LOCK,Ozzie Albies,Atlanta Braves,Nick Lodolo,BetMGM,360,0.2364,0.0706,0.019,79,B,WATCH,4.0,6.0,1.0,0.0,NO,,
2026-05-31,LOCK,Chandler Simpson,Tampa Bay Rays,Jack Kochanowicz,BetMGM,452,0.1993,0.0714,0.0182,65,B,WATCH,5.0,3.0,3.0,0.0,NO,,
2026-05-31,LOCK,Gunnar Henderson,Baltimore Orioles,Spencer Miles,BetMGM,459,0.197,0.0718,0.0181,63,B,WATCH,2.0,5.0,4.0,0.0,NO,,
2026-05-31,LOCK,Bryce Harper,Philadelphia Phillies,Yoshinobu Yamamoto,FanDuel,370,0.2308,0.0715,0.018,99,B,WATCH,4.0,5.0,1.0,0.0,NO,,
2026-05-31,LOCK,Alex Call,Los Angeles Dodgers,Andrew Painter,DraftKings,612,0.1584,0.0706,0.018,44,C,WATCH,9.0,5.0,8.0,0.0,NO,,
2026-05-31,LOCK,Riley Greene,Detroit Tigers,Sean Burke,BetMGM,447,0.2006,0.0718,0.0178,63,B,WATCH,5.0,3.0,3.0,0.0,NO,,
2026-05-31,LOCK,Mookie Betts,Los Angeles Dodgers,Andrew Painter,BetMGM,543,0.1732,0.0719,0.0177,68,B,WATCH,8.0,6.0,6.0,0.0,NO,,
2026-05-31,LOCK,Garrett Mitchell,Milwaukee Brewers,Tatsuya Imai,FanDuel,415,0.2117,0.0714,0.0175,69,B,WATCH,2.0,4.0,4.0,0.0,NO,,
2026-05-31,LOCK,Elly De La Cruz,Cincinnati Reds,Spencer Strider,FanDuel,404,0.2154,0.0701,0.017,71,B,WATCH,2.0,8.0,4.0,0.0,NO,,
2026-05-31,LOCK,Yandy Díaz,Tampa Bay Rays,Jack Kochanowicz,DraftKings,482,0.1889,0.0714,0.017,59,B,WATCH,1.0,4.0,5.0,0.0,NO,,
2026-05-31,LOCK,Jarren Duran,Boston Red Sox,Tanner Bibee,BetMGM,443,0.2011,0.0704,0.0169,65,B,WATCH,1.0,4.0,5.0,0.0,NO,,
2026-05-31,LOCK,Wenceel Pérez,Detroit Tigers,Sean Burke,BetMGM,557,0.1689,0.0718,0.0167,48,C,WATCH,7.0,4.0,7.0,0.0,NO,,
2026-05-31,LOCK,Jonathan Aranda,Tampa Bay Rays,Jack Kochanowicz,DraftKings,458,0.1959,0.0714,0.0166,63,B,WATCH,2.0,5.0,4.0,0.0,NO,,
2026-05-31,LOCK,Nicky Lopez,Texas Rangers,Michael Wacha,FanDuel,568,0.1663,0.0717,0.0166,46,C,WATCH,8.0,7.0,8.0,0.0,NO,,
2026-05-31,LOCK,Bo Bichette,New York Mets,John King,DraftKings,415,0.2101,0.0709,0.0159,68,B,WATCH,2.0,6.0,4.0,0.0,NO,,
2026-05-31,LOCK,Willy Adames,San Francisco Giants,Tanner Gordon,BetMGM,516,0.1783,0.0702,0.0159,54,C,WATCH,7.0,5.0,7.0,0.0,NO,,
2026-05-31,LOCK,Thomas Saggese,St. Louis Cardinals,Jordan Wicks,DraftKings,516,0.178,0.0713,0.0156,52,C,WATCH,8.0,6.0,7.0,0.0,NO,,
2026-05-31,LOCK,Xander Bogaerts,San Diego Padres,Zack Littell,FanDuel,357,0.2342,0.07,0.0154,81,B,WATCH,4.0,5.0,1.0,0.0,NO,,
2026-05-31,LOCK,Ty France,San Diego Padres,Zack Littell,FanDuel,437,0.2016,0.07,0.0154,65,B,WATCH,6.0,6.0,6.0,0.0,NO,,
2026-05-31,LOCK,Rafael Marchán,Philadelphia Phillies,Yoshinobu Yamamoto,BetMGM,409,0.2118,0.0704,0.0153,70,B,WATCH,3.0,6.0,2.0,0.0,NO,,
2026-05-31,LOCK,Spencer Horwitz,Pittsburgh Pirates,Zebby Matthews,BetMGM,405,0.2132,0.0709,0.0152,72,B,WATCH,3.0,4.0,2.0,0.0,NO,,
2026-05-31,LOCK,Colson Montgomery,Chicago White Sox,Keider Montero,DraftKings,388,0.2196,0.0706,0.0147,77,B,WATCH,4.0,5.0,1.0,0.0,NO,,
2026-05-31,LOCK,Wilyer Abreu,Boston Red Sox,Tanner Bibee,BetMGM,387,0.2197,0.0704,0.0144,74,B,WATCH,3.0,5.0,2.0,0.0,NO,,
2026-05-31,LOCK,Blaze Alexander,Baltimore Orioles,Spencer Miles,FanDuel,584,0.1601,0.0718,0.0139,43,C,WATCH,8.0,6.0,8.0,0.0,NO,,
2026-05-31,LOCK,Jake Meyers,Houston Astros,Jacob Misiorowski,FanDuel,549,0.1679,0.0714,0.0138,47,C,WATCH,7.0,6.0,7.0,0.0,NO,,
2026-05-31,LOCK,Andrew Benintendi,Chicago White Sox,Keider Montero,DraftKings,403,0.2124,0.0706,0.0136,70,B,WATCH,3.0,6.0,2.0,0.0,NO,,
2026-05-31,LOCK,Logan O'Hoppe,Los Angeles Angels,Shane McClanahan,BetMGM,592,0.1581,0.0709,0.0136,53,C,WATCH,8.0,4.0,8.0,0.0,NO,,
2026-05-31,LOCK,Victor Scott II,St. Louis Cardinals,Jordan Wicks,DraftKings,530,0.1721,0.0713,0.0134,49,C,WATCH,9.0,7.0,8.0,0.0,NO,,
2026-05-31,LOCK,Henry Davis,Pittsburgh Pirates,Zebby Matthews,FanDuel,429,0.2024,0.0709,0.0133,66,B,WATCH,2.0,5.0,4.0,0.0,NO,,
2026-05-31,LOCK,Joc Pederson,Texas Rangers,Michael Wacha,FanDuel,442,0.1973,0.0717,0.0128,61,B,WATCH,1.0,8.0,5.0,0.0,NO,,
2026-05-31,LOCK,Carson Benge,New York Mets,John King,FanDuel,426,0.2026,0.0709,0.0125,64,B,WATCH,1.0,7.0,5.0,0.0,NO,,
2026-05-31,LOCK,Nolan Arenado,Arizona Diamondbacks,Bryce Miller,DraftKings,425,0.2029,0.0699,0.0124,64,B,WATCH,5.0,4.0,3.0,0.0,NO,,
2026-05-31,LOCK,Trea Turner,Philadelphia Phillies,Yoshinobu Yamamoto,DraftKings,562,0.1633,0.0704,0.0123,46,C,WATCH,8.0,7.0,8.0,0.0,NO,,
2026-05-31,LOCK,Trevor Larnach,Minnesota Twins,Braxton Ashcraft,BetMGM,606,0.1539,0.0714,0.0122,40,C,WATCH,9.0,5.0,9.0,0.0,NO,,
2026-05-31,LOCK,Ildemaro Vargas,Arizona Diamondbacks,Bryce Miller,DraftKings,405,0.21,0.0699,0.012,70,B,WATCH,3.0,5.0,2.0,0.0,NO,,
2026-05-31,LOCK,Austin Hedges,Cleveland Guardians,Ranger Suarez,FanDuel,572,0.1606,0.072,0.0118,42,C,WATCH,8.0,5.0,7.0,0.0,NO,,
2026-05-31,LOCK,Jorge Mateo,Atlanta Braves,Nick Lodolo,BetMGM,473,0.186,0.0706,0.0115,55,B,WATCH,7.0,7.0,7.0,0.0,NO,,
2026-05-31,LOCK,Jackson Holliday,Baltimore Orioles,Spencer Miles,FanDuel,598,0.1548,0.0718,0.0115,38,D,WATCH,9.0,7.0,9.0,0.0,NO,,
2026-05-31,LOCK,Jake Bauers,Milwaukee Brewers,Tatsuya Imai,FanDuel,389,0.2155,0.0714,0.011,70,B,WATCH,5.0,5.0,3.0,0.0,NO,,
2026-05-31,LOCK,Javier Sanoja,Miami Marlins,Nolan McLean,BetMGM,457,0.1894,0.0708,0.0098,58,B,WATCH,6.0,6.0,6.0,0.0,NO,,
2026-05-31,LOCK,Henry Bolte,Athletics,Will Warren,BetMGM,575,0.1579,0.0704,0.0098,42,C,WATCH,9.0,8.0,9.0,0.0,NO,,
2026-05-31,LOCK,Zach Neto,Los Angeles Angels,Shane McClanahan,DraftKings,448,0.1922,0.0726,0.0097,62,B,WATCH,1.0,5.0,5.0,0.0,NO,,
2026-05-31,LOCK,Drew Gilbert,San Francisco Giants,Tanner Gordon,BetMGM,548,0.1634,0.0702,0.0091,45,C,WATCH,9.0,6.0,9.0,0.0,NO,,
2026-05-31,LOCK,Hunter Feduccia,Tampa Bay Rays,Jack Kochanowicz,DraftKings,563,0.1591,0.0714,0.0083,42,C,WATCH,8.0,6.0,7.0,0.0,NO,,
2026-05-31,LOCK,Victor Caratini,Minnesota Twins,Braxton Ashcraft,FanDuel,432,0.1959,0.0714,0.0079,62,B,WATCH,2.0,6.0,4.0,0.0,NO,,
2026-05-31,LOCK,Drew Romo,Chicago White Sox,Keider Montero,BetMGM,540,0.1638,0.0706,0.0075,44,C,WATCH,8.0,7.0,7.0,0.0,NO,,
2026-05-31,LOCK,Pete Crow-Armstrong,Chicago Cubs,Matthew Liberatore,FanDuel,521,0.1677,0.072,0.0066,45,C,WATCH,9.0,9.0,9.0,0.0,NO,,
2026-05-31,LOCK,Taylor Ward,Baltimore Orioles,Spencer Miles,DraftKings,441,0.1905,0.072,0.0057,65,B,WATCH,1.0,8.0,5.0,0.0,NO,,
2026-05-31,LOCK,J.T. Realmuto,Philadelphia Phillies,Yoshinobu Yamamoto,BetMGM,412,0.201,0.0704,0.0057,65,B,WATCH,2.0,8.0,4.0,0.0,NO,,
2026-05-31,LOCK,Ha-Seong Kim,Atlanta Braves,Nick Lodolo,BetMGM,484,0.1763,0.0706,0.0051,50,C,WATCH,8.0,8.0,8.0,0.0,NO,,
2026-05-31,LOCK,Randy Arozarena,Seattle Mariners,Merrill Kelly,BetMGM,502,0.1712,0.0711,0.005,48,C,WATCH,8.0,8.0,8.0,0.0,NO,,
2026-05-31,LOCK,Kyle Isbel,Kansas City Royals,Jack Leiter,BetMGM,525,0.1644,0.0706,0.0044,44,C,WATCH,9.0,8.0,9.0,0.0,NO,,
2026-05-31,LOCK,José Ramírez,Cleveland Guardians,Ranger Suarez,DraftKings,416,0.1977,0.072,0.0039,61,B,WATCH,2.0,6.0,4.0,0.0,NO,,
2026-05-31,LOCK,Matt Olson,Atlanta Braves,Nick Lodolo,DraftKings,341,0.2286,0.0706,0.0019,75,B,WATCH,3.0,9.0,2.0,0.0,NO,,
2026-05-31,LOCK,Jeremy Peña,Houston Astros,Jacob Misiorowski,BetMGM,435,0.1889,0.0714,0.0019,57,B,WATCH,1.0,7.0,5.0,0.0,NO,,
2026-05-31,LOCK,Jared Triolo,Pittsburgh Pirates,Zebby Matthews,BetMGM,389,0.206,0.0709,0.0015,66,B,WATCH,5.0,6.0,3.0,0.0,NO,,
2026-05-31,LOCK,Julio Rodríguez,Seattle Mariners,Merrill Kelly,FanDuel,507,0.1655,0.0711,0.0008,44,C,WATCH,9.0,9.0,9.0,0.0,NO,,
2026-05-31,LOCK,Jac Caglianone,Kansas City Royals,Jack Leiter,DraftKings,371,0.2129,0.0706,0.0006,68,B,WATCH,5.0,9.0,3.0,0.0,NO,,
2026-05-31,LOCK,Will Smith,Los Angeles Dodgers,Andrew Painter,BetMGM,397,0.2016,0.0706,0.0004,64,B,WATCH,2.0,7.0,4.0,0.0,NO,,
2026-05-31,LOCK,Austin Wells,New York Yankees,Jacob Lopez,FanDuel,364,0.2155,0.0727,-0.0,66,B,WATCH,1.0,7.0,5.0,0.0,NO,,
2026-05-31,LOCK,Taylor Trammell,Houston Astros,Jacob Misiorowski,FanDuel,363,0.2133,0.0714,-0.0026,70,C,WATCH,4.0,8.0,1.0,0.0,NO,,
2026-05-31,LOCK,Pete Alonso,Baltimore Orioles,Spencer Miles,BetMGM,359,0.2146,0.0718,-0.0033,70,C,WATCH,4.0,9.0,1.0,0.0,NO,,
2026-05-31,LOCK,Freddy Fermin,San Diego Padres,Zack Littell,BetMGM,478,0.169,0.07,-0.004,47,C,WATCH,9.0,7.0,9.0,0.0,NO,,
2026-05-31,LOCK,Christian Yelich,Milwaukee Brewers,Tatsuya Imai,FanDuel,380,0.2042,0.0714,-0.0042,63,C,WATCH,1.0,6.0,5.0,0.0,NO,,
2026-05-31,LOCK,Luis Arraez,San Francisco Giants,Tanner Gordon,BetMGM,363,0.2117,0.0702,-0.0043,66,C,WATCH,5.0,7.0,3.0,0.0,NO,,
2026-05-31,LOCK,Mickey Gasper,Boston Red Sox,Tanner Bibee,FanDuel,369,0.2086,0.0704,-0.0047,66,C,WATCH,2.0,6.0,4.0,0.0,NO,,
2026-05-31,LOCK,Matt Chapman,San Francisco Giants,Tanner Gordon,BetMGM,399,0.195,0.0702,-0.0054,59,C,WATCH,6.0,8.0,6.0,0.0,NO,,
2026-05-31,LOCK,Vaughn Grissom,Los Angeles Angels,Shane McClanahan,BetMGM,367,0.2083,0.072,-0.0059,65,C,WATCH,3.0,6.0,2.0,0.0,NO,,
2026-05-31,LOCK,José Tena,Washington Nationals,Griffin Canning,BetMGM,415,0.1883,0.0715,-0.0059,53,C,WATCH,7.0,9.0,7.0,0.0,NO,,
2026-05-31,LOCK,Marcelo Mayer,Boston Red Sox,Tanner Bibee,DraftKings,441,0.1788,0.0704,-0.0061,51,C,WATCH,7.0,7.0,7.0,0.0,NO,,
2026-05-31,LOCK,Jo Adell,Los Angeles Angels,Shane McClanahan,DraftKings,382,0.2008,0.0719,-0.0067,78,C,WATCH,5.0,7.0,3.0,0.0,NO,,
2026-05-31,LOCK,Tyler Soderstrom,Athletics,Will Warren,DraftKings,487,0.1633,0.0704,-0.007,43,C,WATCH,8.0,9.0,8.0,0.0,NO,,
2026-05-31,LOCK,Spencer Torkelson,Detroit Tigers,Sean Burke,BetMGM,363,0.2076,0.0718,-0.0084,65,C,WATCH,3.0,5.0,2.0,0.0,NO,,
2026-05-31,LOCK,Jorge Barrosa,Arizona Diamondbacks,Bryce Miller,BetMGM,486,0.162,0.0699,-0.0087,42,C,WATCH,8.0,6.0,8.0,0.0,NO,,
2026-05-31,LOCK,Vladimir Guerrero Jr.,Toronto Blue Jays,Kyle Bradish,DraftKings,374,0.2022,0.0709,-0.0088,62,C,WATCH,2.0,7.0,4.0,0.0,NO,,
2026-05-31,LOCK,Zach McKinstry,Detroit Tigers,Sean Burke,FanDuel,486,0.1601,0.0718,-0.0105,40,C,WATCH,8.0,6.0,8.0,0.0,NO,,
2026-05-31,LOCK,Luis Torrens,New York Mets,John King,DraftKings,469,0.1651,0.0709,-0.0107,42,C,WATCH,9.0,8.0,9.0,0.0,NO,,
2026-05-31,LOCK,Chase Meidroth,Chicago White Sox,Keider Montero,DraftKings,363,0.2052,0.0706,-0.0108,64,C,WATCH,5.0,8.0,3.0,0.0,NO,,
2026-05-31,LOCK,Tim Tawa,Arizona Diamondbacks,Bryce Miller,DraftKings,448,0.1709,0.0699,-0.0116,47,C,WATCH,7.0,7.0,7.0,0.0,NO,,
2026-05-31,LOCK,Travis Bazzana,Cleveland Guardians,Ranger Suarez,FanDuel,389,0.1906,0.072,-0.0139,55,C,WATCH,1.0,7.0,5.0,0.0,NO,,
2026-05-31,LOCK,Jake Mangum,Pittsburgh Pirates,Zebby Matthews,BetMGM,476,0.159,0.0709,-0.0146,40,C,WATCH,9.0,7.0,9.0,0.0,NO,,
2026-05-31,LOCK,Ryan Waldschmidt,Arizona Diamondbacks,Bryce Miller,DraftKings,484,0.1566,0.0699,-0.0146,39,D,WATCH,9.0,8.0,9.0,0.0,NO,,
2026-05-31,LOCK,Cedric Mullins,Tampa Bay Rays,Jack Kochanowicz,DraftKings,446,0.1679,0.0714,-0.0153,44,C,WATCH,7.0,7.0,6.0,0.0,NO,,
2026-05-31,LOCK,Brayan Rocchio,Cleveland Guardians,Ranger Suarez,BetMGM,482,0.1553,0.072,-0.0165,36,D,WATCH,9.0,8.0,8.0,0.0,NO,,
2026-05-31,LOCK,Colt Keith,Detroit Tigers,Sean Burke,BetMGM,384,0.19,0.0718,-0.0166,55,C,WATCH,1.0,7.0,5.0,0.0,NO,,
2026-05-31,LOCK,José Fermín,St. Louis Cardinals,Jordan Wicks,BetMGM,389,0.1878,0.0713,-0.0167,53,C,WATCH,7.0,8.0,6.0,0.0,NO,,
2026-05-31,LOCK,Nick Madrigal,Los Angeles Angels,Shane McClanahan,FanDuel,476,0.1553,0.072,-0.0183,36,D,WATCH,9.0,8.0,9.0,0.0,NO,,
2026-05-31,LOCK,Miguel Rojas,Los Angeles Dodgers,Andrew Painter,BetMGM,420,0.1728,0.0706,-0.0195,47,C,WATCH,7.0,8.0,7.0,0.0,NO,,
2026-05-31,LOCK,Brooks Lee,Minnesota Twins,Braxton Ashcraft,FanDuel,392,0.1836,0.0714,-0.0196,52,C,WATCH,6.0,7.0,6.0,0.0,NO,,
2026-05-31,LOCK,David Hamilton,Milwaukee Brewers,Tatsuya Imai,DraftKings,421,0.172,0.0714,-0.0199,45,C,WATCH,8.0,7.0,7.0,0.0,NO,,
2026-05-31,LOCK,Anthony Volpe,New York Yankees,Jacob Lopez,FanDuel,369,0.1916,0.0727,-0.0217,52,C,WATCH,7.0,8.0,7.0,0.0,NO,,
2026-05-31,LOCK,Geraldo Perdomo,Arizona Diamondbacks,Bryce Miller,DraftKings,379,0.1869,0.0699,-0.0219,54,C,WATCH,6.0,9.0,6.0,0.0,NO,,
2026-05-31,LOCK,Will Brennan,San Francisco Giants,Tanner Gordon,FanDuel,423,0.169,0.0702,-0.0222,44,C,WATCH,8.0,9.0,8.0,0.0,NO,,
2026-05-31,LOCK,Matt Vierling,Detroit Tigers,Sean Burke,FanDuel,380,0.1848,0.0718,-0.0236,49,C,WATCH,6.0,8.0,6.0,0.0,NO,,
2026-05-31,LOCK,Jose Siri,Los Angeles Angels,Shane McClanahan,DraftKings,414,0.1694,0.072,-0.0251,43,C,WATCH,7.0,9.0,7.0,0.0,NO,,
2026-05-31,LOCK,Konnor Griffin,Pittsburgh Pirates,Zebby Matthews,BetMGM,403,0.1734,0.0709,-0.0254,46,C,WATCH,7.0,8.0,7.0,0.0,NO,,
2026-05-31,LOCK,Joey Ortiz,Milwaukee Brewers,Tatsuya Imai,FanDuel,418,0.1664,0.0714,-0.0267,41,C,WATCH,9.0,8.0,8.0,0.0,NO,,
2026-05-31,LOCK,Charles McAdoo,Toronto Blue Jays,Kyle Bradish,BetMGM,396,0.1733,0.0709,-0.0283,43,C,WATCH,7.0,8.0,7.0,0.0,NO,,
2026-05-31,LOCK,Heriberto Hernández,Miami Marlins,Nolan McLean,FanDuel,430,0.1587,0.0708,-0.03,37,D,WATCH,9.0,7.0,7.0,0.0,NO,,
2026-05-31,LOCK,Carlos Narváez,Boston Red Sox,Tanner Bibee,FanDuel,412,0.1639,0.0704,-0.0314,40,C,WATCH,9.0,8.0,9.0,0.0,NO,,
2026-05-31,LOCK,Bryan Reynolds,Pittsburgh Pirates,Zebby Matthews,DraftKings,408,0.1644,0.0709,-0.0324,41,C,WATCH,8.0,9.0,8.0,0.0,NO,,
2026-05-31,LOCK,Nick Castellanos,San Diego Padres,Zack Littell,FanDuel,361,0.1843,0.07,-0.0326,51,C,WATCH,7.0,8.0,7.0,0.0,NO,,
2026-05-31,LOCK,Otto Lopez,Miami Marlins,Nolan McLean,DraftKings,473,0.1415,0.0707,-0.033,23,D,WATCH,8.0,8.0,8.0,0.0,NO,,
2026-05-31,LOCK,Jake Rogers,Detroit Tigers,Sean Burke,FanDuel,424,0.1548,0.0718,-0.036,34,D,WATCH,9.0,9.0,9.0,0.0,NO,,
2026-05-31,LOCK,Max Schuemann,New York Yankees,Jacob Lopez,BetMGM,362,0.1756,0.0727,-0.0408,42,C,WATCH,9.0,9.0,9.0,0.0,NO,,
2026-05-31,LOCK,Andrés Giménez,Toronto Blue Jays,Kyle Bradish,BetMGM,387,0.1643,0.0709,-0.041,39,D,WATCH,8.0,9.0,8.0,0.0,NO,,
2026-05-31,LOCK,Connor Wong,Boston Red Sox,Tanner Bibee,BetMGM,374,0.1695,0.0704,-0.0415,42,C,WATCH,8.0,9.0,8.0,0.0,NO,,
2026-05-31,LOCK,Sung-Mun Song,San Diego Padres,Zack Littell,FanDuel,361,0.1747,0.07,-0.0422,45,C,WATCH,8.0,9.0,8.0,0.0,NO,,
2026-05-31,LOCK,Yordan Alvarez,Houston Astros,Jacob Misiorowski,FanDuel,317,0.1959,0.0714,-0.044,55,C,WATCH,2.0,9.0,4.0,0.0,NO,,
2026-05-31,LOCK,Orlando Arcia,Minnesota Twins,Braxton Ashcraft,FanDuel,372,0.1679,0.0714,-0.044,41,C,WATCH,7.0,8.0,7.0,0.0,NO,,
2026-05-31,LOCK,Taylor Walls,Tampa Bay Rays,Jack Kochanowicz,BetMGM,375,0.1539,0.0714,-0.0566,32,D,WATCH,9.0,8.0,8.0,0.0,NO,,
2026-05-31,LOCK,Austin Martin,Minnesota Twins,Braxton Ashcraft,DraftKings,360,0.1591,0.0714,-0.0583,34,D,WATCH,8.0,9.0,8.0,0.0,NO,,
2026-05-31,LOCK,Brandon Marsh,Philadelphia Phillies,Yoshinobu Yamamoto,DraftKings,360,0.1579,0.0704,-0.0595,35,D,WATCH,9.0,9.0,9.0,0.0,NO,,
2026-05-31,LOCK,Juan Soto,New York Mets,John King,FanDuel,260,0.2172,0.0696,-0.0606,99,C,WATCH,3.0,9.0,2.0,0.0,NO,,
2026-05-31,MANUAL,TJ Rumfield,Colorado Rockies,Robbie Ray,FanDuel,606,0.2408,0.0719,0.0992,91,B,TIER 1 💎,4.0,1.0,1.0,1.0,YES 🔥,,
2026-05-31,MANUAL,Curtis Mead,Washington Nationals,Griffin Canning,DraftKings,633,0.2315,0.0715,0.095,84,B,TIER 1 💎,3.0,1.0,2.0,1.0,YES 🔥,,
2026-05-31,MANUAL,JJ Bleday,Cincinnati Reds,Spencer Strider,BetMGM,651,0.2269,0.0701,0.0938,86,B,TIER 1 💎,3.0,1.0,2.0,1.0,YES 🔥,,
2026-05-31,MANUAL,Matt McLain,Cincinnati Reds,Spencer Strider,FanDuel,637,0.2281,0.0707,0.0924,84,B,TIER 1 💎,4.0,1.0,1.0,1.0,YES 🔥,,
2026-05-31,MANUAL,Ozzie Albies,Atlanta Braves,Nick Lodolo,DraftKings,631,0.2288,0.0709,0.092,84,B,TIER 1 💎,4.0,1.0,1.0,1.0,YES 🔥,,
2026-05-31,MANUAL,Hao-Yu  Lee,Detroit Tigers,Sean Burke,BetMGM,605,0.2335,0.0723,0.0917,87,B,TIER 1 💎,4.0,1.0,1.0,1.0,YES 🔥,,
2026-05-31,MANUAL,Jackson Holliday,Baltimore Orioles,Spencer Miles,DraftKings,618,0.2298,0.0712,0.0906,84,B,TIER 1 💎,4.0,1.0,1.0,1.0,YES 🔥,,
2026-05-31,MANUAL,Eric Wagaman,New York Mets,Janson Junk,BetMGM,663,0.2213,0.0709,0.0903,80,B,TIER 1 💎,3.0,1.0,2.0,1.0,YES 🔥,,
2026-05-31,MANUAL,Pedro Pagés,St. Louis Cardinals,Jordan Wicks,DraftKings,665,0.219,0.0713,0.0883,81,B,TIER 1 💎,2.0,1.0,4.0,1.0,YES 🔥,,
2026-05-31,MANUAL,Jake Burger,Texas Rangers,Michael Wacha,FanDuel,642,0.2225,0.0713,0.0877,80,B,TIER 1 💎,3.0,1.0,2.0,1.0,YES 🔥,,
2026-05-31,MANUAL,Nico Hoerner,Chicago Cubs,Matthew Liberatore,FanDuel,578,0.2324,0.072,0.0849,86,B,TIER 1 💎,4.0,1.0,1.0,1.0,YES 🔥,,
2026-05-31,MANUAL,JJ Bleday,Cincinnati Reds,Spencer Strider,DraftKings,603,0.2269,0.0701,0.0847,85,B,TIER 1 💎,3.0,1.0,2.0,1.0,YES 🔥,,
2026-05-31,MANUAL,Mauricio Dubón,Atlanta Braves,Nick Lodolo,DraftKings,631,0.2209,0.0706,0.0841,81,B,TIER 1 💎,5.0,1.0,3.0,1.0,YES 🔥,,
2026-05-31,MANUAL,Jackson Merrill,San Diego Padres,Zack Littell,DraftKings,639,0.2189,0.07,0.0836,82,B,TIER 1 💎,5.0,1.0,3.0,1.0,YES 🔥,,
2026-05-31,MANUAL,Jazz Chisholm Jr.,New York Yankees,Jacob Lopez,DraftKings,594,0.2275,0.0727,0.0834,79,B,TIER 1 💎,5.0,1.0,3.0,1.0,YES 🔥,,
2026-05-31,MANUAL,Ben Williamson,Tampa Bay Rays,Jack Kochanowicz,DraftKings,585,0.2288,0.0709,0.0828,85,B,TIER 1 💎,4.0,1.0,1.0,1.0,YES 🔥,,
2026-05-31,MANUAL,Connor Norby,Miami Marlins,Nolan McLean,DraftKings,627,0.22,0.0708,0.0825,80,B,TIER 1 💎,4.0,1.0,1.0,1.0,YES 🔥,,
2026-05-31,MANUAL,Vinnie Pasquantino,Kansas City Royals,Jack Leiter,DraftKings,618,0.2213,0.0709,0.0821,79,B,TIER 1 💎,3.0,1.0,2.0,1.0,YES 🔥,,
2026-05-31,MANUAL,Alex Freeland,Los Angeles Dodgers,Andrew Painter,BetMGM,580,0.228,0.0706,0.0809,83,B,TIER 1 💎,4.0,1.0,1.0,1.0,YES 🔥,,
2026-05-31,MANUAL,Ezequiel Duran,Texas Rangers,Michael Wacha,DraftKings,605,0.2225,0.0716,0.0807,82,B,TIER 1 💎,4.0,1.0,1.0,1.0,YES 🔥,,
2026-05-31,MANUAL,Isaac Paredes,Houston Astros,Jacob Misiorowski,DraftKings,569,0.2288,0.0709,0.0794,83,B,TIER 1 💎,4.0,1.0,1.0,1.0,YES 🔥,,
2026-05-31,MANUAL,Chase Meidroth,Chicago White Sox,Keider Montero,FanDuel,602,0.2213,0.0709,0.0789,81,B,TIER 1 💎,3.0,1.0,2.0,1.0,YES 🔥,,
2026-05-31,MANUAL,Jake Burger,Texas Rangers,Michael Wacha,BetMGM,592,0.2229,0.0717,0.0784,80,B,TIER 1 💎,4.0,1.0,1.0,1.0,YES 🔥,,
2026-05-31,MANUAL,Kazuma Okamoto,Toronto Blue Jays,Kyle Bradish,BetMGM,602,0.2203,0.0709,0.0778,82,B,TIER 1 💎,4.0,1.0,1.0,1.0,YES 🔥,,
2026-05-31,MANUAL,Jesus Rodriguez,San Francisco Giants,Tanner Gordon,DraftKings,607,0.2191,0.0702,0.0777,82,B,TIER 1 💎,3.0,1.0,2.0,1.0,YES 🔥,,
2026-05-31,MANUAL,Eric Wagaman,New York Mets,John King,BetMGM,592,0.2213,0.0709,0.0768,79,B,TIER 1 💎,3.0,1.0,2.0,1.0,YES 🔥,,
2026-05-31,MANUAL,Isaac Paredes,Houston Astros,Jacob Misiorowski,FanDuel,628,0.2133,0.0714,0.076,77,B,TIER 1 💎,4.0,1.0,1.0,1.0,YES 🔥,,
2026-05-31,MANUAL,Donovan Walton,Los Angeles Angels,Shane McClanahan,FanDuel,552,0.2288,0.0709,0.0755,84,B,TIER 1 💎,4.0,1.0,1.0,1.0,YES 🔥,,
2026-05-31,MANUAL,Pedro Ramírez,Chicago Cubs,Matthew Liberatore,BetMGM,604,0.2172,0.072,0.0751,78,B,TIER 1 💎,5.0,1.0,3.0,1.0,YES 🔥,,
2026-05-31,MANUAL,Salvador Perez,Kansas City Royals,Jack Leiter,FanDuel,550,0.2279,0.0706,0.074,84,B,TIER 1 💎,4.0,1.0,1.0,1.0,YES 🔥,,
2026-05-31,MANUAL,Mitch Garver,Seattle Mariners,Merrill Kelly,FanDuel,631,0.2107,0.0711,0.0739,76,B,TIER 1 💎,2.0,1.0,4.0,1.0,YES 🔥,,
2026-05-31,MANUAL,Jackson Merrill,San Diego Padres,Zack Littell,FanDuel,585,0.2189,0.07,0.0729,81,B,TIER 1 💎,5.0,1.0,3.0,1.0,YES 🔥,,
2026-05-31,MANUAL,Adley Rutschman,Baltimore Orioles,Spencer Miles,FanDuel,626,0.2099,0.0726,0.0722,75,B,TIER 2 🔥,3.0,1.0,2.0,0.5,YES 🔥,,
2026-05-31,MANUAL,Connor Wong,Boston Red Sox,Tanner Bibee,FanDuel,614,0.2107,0.0711,0.0707,74,B,TIER 1 💎,2.0,1.0,4.0,1.0,YES 🔥,,
2026-05-31,MANUAL,Ceddanne Rafaela,Boston Red Sox,Tanner Bibee,DraftKings,620,0.2086,0.0704,0.0697,75,B,TIER 2 🔥,2.0,1.0,4.0,0.5,YES 🔥,,
2026-05-31,MANUAL,Michael Harris II,Atlanta Braves,Nick Lodolo,DraftKings,574,0.217,0.0706,0.0687,77,B,TIER 1 💎,2.0,1.0,4.0,1.0,YES 🔥,,
2026-05-31,MANUAL,Shea Langeliers,Athletics,Will Warren,DraftKings,603,0.2101,0.0709,0.0678,74,B,TIER 1 💎,2.0,1.0,4.0,1.0,YES 🔥,,
2026-05-31,MANUAL,Tyler Freeman,Colorado Rockies,Robbie Ray,DraftKings,551,0.2213,0.072,0.0677,77,B,TIER 1 💎,2.0,2.0,4.0,1.0,YES 🔥,,
2026-05-31,MANUAL,Jorge Soler,Los Angeles Angels,Shane McClanahan,BetMGM,580,0.2146,0.0718,0.0676,99,A,TIER 1 💎,4.0,1.0,1.0,1.0,YES 🔥,,
2026-05-31,MANUAL,Ernie Clement,Toronto Blue Jays,Kyle Bradish,FanDuel,623,0.2058,0.0709,0.0675,73,B,TIER 2 🔥,5.0,1.0,3.0,0.5,YES 🔥,,
2026-05-31,MANUAL,Salvador Perez,Kansas City Royals,Jack Leiter,BetMGM,605,0.2092,0.0706,0.0674,74,B,TIER 2 🔥,2.0,1.0,4.0,0.5,YES 🔥,,
2026-05-31,MANUAL,Kerry Carpenter,Detroit Tigers,Sean Burke,BetMGM,575,0.2147,0.0718,0.0665,78,B,TIER 1 💎,4.0,1.0,1.0,1.0,YES 🔥,,
2026-05-31,MANUAL,Christopher Morel,Miami Marlins,Nolan McLean,DraftKings,583,0.2128,0.0708,0.0664,77,B,TIER 1 💎,3.0,1.0,2.0,1.0,YES 🔥,,
2026-05-31,MANUAL,Patrick Bailey,Cleveland Guardians,Ranger Suarez,BetMGM,596,0.2101,0.0709,0.0664,74,B,TIER 1 💎,2.0,1.0,4.0,1.0,YES 🔥,,
2026-05-31,MANUAL,Brandon Lowe,Pittsburgh Pirates,Zebby Matthews,FanDuel,546,0.2204,0.0709,0.0656,79,B,TIER 1 💎,4.0,1.0,1.0,1.0,YES 🔥,,
2026-05-31,MANUAL,Alex Freeland,Los Angeles Dodgers,Andrew Painter,DraftKings,548,0.2196,0.0706,0.0653,79,B,TIER 1 💎,4.0,1.0,1.0,1.0,YES 🔥,,
2026-05-31,MANUAL,Gabriel Moreno,Arizona Diamondbacks,Bryce Miller,DraftKings,645,0.1993,0.0699,0.0651,71,B,TIER 2 🔥,2.0,1.0,4.0,0.5,YES 🔥,,
2026-05-31,MANUAL,Luis Arraez,San Francisco Giants,Tanner Gordon,FanDuel,572,0.2117,0.0702,0.0629,74,B,TIER 1 💎,5.0,1.0,3.0,1.0,YES 🔥,,
2026-05-31,MANUAL,Jeff McNeil,Athletics,Will Warren,FanDuel,604,0.2046,0.0704,0.0626,73,B,TIER 2 🔥,5.0,1.0,3.0,0.5,YES 🔥,,
2026-05-31,MANUAL,Edgar Quero,Chicago White Sox,Keider Montero,BetMGM,617,0.2016,0.0706,0.0621,71,B,TIER 2 🔥,2.0,1.0,4.0,0.5,YES 🔥,,
2026-05-31,MANUAL,Adley Rutschman,Baltimore Orioles,Spencer Miles,BetMGM,582,0.2076,0.0718,0.0609,74,B,TIER 2 🔥,3.0,1.0,2.0,0.5,YES 🔥,,
2026-05-31,MANUAL,Brice Turang,Milwaukee Brewers,Tatsuya Imai,BetMGM,516,0.2231,0.0714,0.0607,78,B,TIER 1 💎,3.0,1.0,2.0,1.0,YES 🔥,,
2026-05-31,MANUAL,Zach McKinstry,Detroit Tigers,Sean Burke,DraftKings,614,0.2006,0.0718,0.0605,70,B,TIER 2 🔥,5.0,1.0,3.0,0.5,YES 🔥,,
2026-05-31,MANUAL,Isiah Kiner-Falefa,Boston Red Sox,Tanner Bibee,BetMGM,557,0.2123,0.0704,0.0601,76,B,TIER 1 💎,5.0,1.0,3.0,1.0,YES 🔥,,
2026-05-31,MANUAL,Max Muncy,Los Angeles Dodgers,Andrew Painter,BetMGM,584,0.2052,0.0706,0.059,71,B,TIER 2 🔥,5.0,1.0,3.0,0.5,YES 🔥,,
2026-05-31,MANUAL,Jared Triolo,Pittsburgh Pirates,Zebby Matthews,DraftKings,545,0.2138,0.0709,0.0588,75,B,TIER 1 💎,5.0,1.0,3.0,1.0,YES 🔥,,
2026-05-31,MANUAL,Kody Clemens,Minnesota Twins,Braxton Ashcraft,FanDuel,574,0.2063,0.0714,0.058,73,B,TIER 2 🔥,3.0,1.0,2.0,0.5,YES 🔥,,
2026-05-31,MANUAL,Christian Walker,Houston Astros,Jacob Misiorowski,BetMGM,572,0.2063,0.0714,0.0575,71,B,TIER 2 🔥,3.0,1.0,2.0,0.5,YES 🔥,,
2026-05-31,MANUAL,Rhys Hoskins,Cleveland Guardians,Ranger Suarez,DraftKings,533,0.2153,0.072,0.0573,75,B,TIER 1 💎,4.0,1.0,1.0,1.0,YES 🔥,,
2026-05-31,MANUAL,Mark Vientos,New York Mets,John King,DraftKings,538,0.2138,0.0709,0.0571,75,B,TIER 1 💎,5.0,1.0,3.0,1.0,YES 🔥,,
2026-05-31,MANUAL,Gavin Sheets,San Diego Padres,Zack Littell,FanDuel,507,0.2213,0.0709,0.0566,78,B,TIER 1 💎,3.0,1.0,2.0,1.0,YES 🔥,,
2026-05-31,MANUAL,Mike Trout,Los Angeles Angels,Shane McClanahan,DraftKings,598,0.1982,0.0722,0.0549,88,A,TIER 2 🔥,2.0,1.0,4.0,0.5,YES 🔥,,
2026-05-31,MANUAL,Jake Bauers,Milwaukee Brewers,Tatsuya Imai,BetMGM,485,0.2231,0.0714,0.0521,79,B,TIER 1 💎,3.0,2.0,2.0,1.0,YES 🔥,,
2026-05-31,MANUAL,Colt Emerson,Seattle Mariners,Merrill Kelly,DraftKings,513,0.2144,0.0711,0.0513,75,B,TIER 1 💎,5.0,2.0,3.0,1.0,YES 🔥,,
2026-05-31,MANUAL,Miguel Vargas,Chicago White Sox,Keider Montero,FanDuel,558,0.2016,0.0706,0.0496,69,B,TIER 2 🔥,2.0,1.0,4.0,0.5,YES 🔥,,
2026-05-31,MANUAL,Brice Turang,Milwaukee Brewers,Tatsuya Imai,DraftKings,446,0.2299,0.0712,0.0468,79,B,TIER 1 💎,4.0,3.0,1.0,1.0,YES 🔥,,
2026-05-31,MANUAL,Tristan Gray,Minnesota Twins,Braxton Ashcraft,FanDuel,547,0.1993,0.0714,0.0448,68,B,TIER 2 🔥,5.0,1.0,3.0,0.5,YES 🔥,,
2026-05-31,MANUAL,Spencer Horwitz,Pittsburgh Pirates,Zebby Matthews,DraftKings,493,0.2132,0.0709,0.0446,75,B,TIER 1 💎,3.0,2.0,2.0,1.0,YES 🔥,,
2026-05-31,MANUAL,J.T. Realmuto,Philadelphia Phillies,Yoshinobu Yamamoto,DraftKings,535,0.201,0.0704,0.0435,69,B,TIER 2 🔥,2.0,1.0,4.0,0.5,YES 🔥,,
2026-05-31,MANUAL,Richie Palacios,Tampa Bay Rays,Jack Kochanowicz,DraftKings,490,0.2063,0.0714,0.0369,71,B,TIER 2 🔥,3.0,1.0,2.0,0.5,YES 🔥,,
2026-05-31,MANUAL,Bryson Stott,Philadelphia Phillies,Yoshinobu Yamamoto,FanDuel,460,0.2046,0.0704,0.026,67,B,TIER 2 🔥,5.0,3.0,3.0,0.5,YES 🔥,,
2026-05-31,MANUAL,Ildemaro Vargas,Arizona Diamondbacks,Bryce Miller,BetMGM,648,0.2213,0.0709,0.0876,82,B,WATCH,3.0,2.0,2.0,0.0,NO,,
2026-05-31,MANUAL,Manny Machado,San Diego Padres,Zack Littell,DraftKings,596,0.2266,0.07,0.0829,86,B,WATCH,3.0,2.0,2.0,0.0,NO,,
2026-05-31,MANUAL,Daylen Lile,Washington Nationals,Griffin Canning,FanDuel,609,0.2236,0.0715,0.0826,80,B,WATCH,5.0,2.0,3.0,0.0,NO,,
2026-05-31,MANUAL,Andrés Chaparro,Washington Nationals,Griffin Canning,DraftKings,561,0.2315,0.0715,0.0802,82,B,WATCH,3.0,2.0,2.0,0.0,NO,,
2026-05-31,MANUAL,Paul Goldschmidt,New York Yankees,Jacob Lopez,FanDuel,562,0.2298,0.0712,0.0787,85,B,WATCH,4.0,2.0,1.0,0.0,NO,,
2026-05-31,MANUAL,Brandon Nimmo,Texas Rangers,Michael Wacha,DraftKings,625,0.2156,0.0717,0.0777,78,B,WATCH,3.0,2.0,2.0,0.0,NO,,
2026-05-31,MANUAL,Jared Young,New York Mets,Janson Junk,BetMGM,560,0.2288,0.0709,0.0773,87,B,WATCH,4.0,2.0,1.0,0.0,NO,,
2026-05-31,MANUAL,J.C. Escarra,New York Yankees,Jacob Lopez,DraftKings,583,0.2235,0.0727,0.0771,79,B,WATCH,2.0,2.0,4.0,0.0,NO,,
2026-05-31,MANUAL,Nolan Gorman,St. Louis Cardinals,Jordan Wicks,DraftKings,631,0.2138,0.0709,0.077,77,B,WATCH,5.0,2.0,3.0,0.0,NO,,
2026-05-31,MANUAL,Luis García Jr.,Washington Nationals,Griffin Canning,DraftKings,580,0.2236,0.0715,0.0765,80,B,WATCH,5.0,3.0,3.0,0.0,NO,,
2026-05-31,MANUAL,Sandy León,Atlanta Braves,Nick Lodolo,FanDuel,640,0.2101,0.0709,0.0749,75,B,WATCH,2.0,2.0,4.0,0.0,NO,,
2026-05-31,MANUAL,Nolan Gorman,St. Louis Cardinals,Jordan Wicks,BetMGM,575,0.223,0.0713,0.0748,81,B,WATCH,5.0,2.0,3.0,0.0,NO,,
2026-05-31,MANUAL,Ezequiel Duran,Texas Rangers,Michael Wacha,BetMGM,649,0.2083,0.0717,0.0748,74,B,WATCH,5.0,3.0,3.0,0.0,NO,,
2026-05-31,MANUAL,Kyle Karros,Colorado Rockies,Robbie Ray,BetMGM,647,0.2074,0.072,0.0736,72,B,WATCH,6.0,1.0,6.0,0.0,NO,,
2026-05-31,MANUAL,Oswald Peraza,Los Angeles Angels,Shane McClanahan,DraftKings,611,0.2138,0.0709,0.0732,76,B,WATCH,5.0,2.0,3.0,0.0,NO,,
2026-05-31,MANUAL,JJ Wetherholt,St. Louis Cardinals,Jordan Wicks,DraftKings,502,0.2386,0.0713,0.0725,86,B,WATCH,4.0,3.0,1.0,0.0,NO,,
2026-05-31,MANUAL,Richie Palacios,Tampa Bay Rays,Jack Kochanowicz,BetMGM,603,0.2138,0.0709,0.0716,76,B,WATCH,5.0,2.0,3.0,0.0,NO,,
2026-05-31,MANUAL,Adley Rutschman,Baltimore Orioles,Spencer Miles,DraftKings,653,0.2035,0.0712,0.0707,71,B,WATCH,1.0,2.0,5.0,0.0,NO,,
2026-05-31,MANUAL,Rafael Devers,San Francisco Giants,Tanner Gordon,FanDuel,530,0.2288,0.0709,0.0701,82,B,WATCH,4.0,2.0,1.0,0.0,NO,,
2026-05-31,MANUAL,J.C. Escarra,New York Yankees,Jacob Lopez,FanDuel,551,0.2235,0.0727,0.0699,78,B,WATCH,2.0,2.0,4.0,0.0,NO,,
2026-05-31,MANUAL,Jared Young,New York Mets,John King,BetMGM,528,0.2288,0.0709,0.0696,87,B,WATCH,4.0,3.0,1.0,0.0,NO,,
2026-05-31,MANUAL,Miguel Vargas,Chicago White Sox,Keider Montero,BetMGM,527,0.2288,0.0709,0.0693,84,B,WATCH,4.0,2.0,1.0,0.0,NO,,
2026-05-31,MANUAL,Tyler Stephenson,Cincinnati Reds,Spencer Strider,DraftKings,613,0.2094,0.0707,0.0691,74,B,WATCH,2.0,3.0,4.0,0.0,NO,,
2026-05-31,MANUAL,Justin Foscue,Texas Rangers,Michael Wacha,BetMGM,584,0.215,0.0713,0.0688,76,B,WATCH,5.0,4.0,3.0,0.0,NO,,
2026-05-31,MANUAL,Colt Emerson,Seattle Mariners,Merrill Kelly,BetMGM,585,0.2144,0.0711,0.0684,77,B,WATCH,5.0,2.0,3.0,0.0,NO,,
2026-05-31,MANUAL,Xavier Edwards,Miami Marlins,Nolan McLean,BetMGM,618,0.2072,0.0713,0.0679,94,A,WATCH,5.0,2.0,3.0,0.0,NO,,
2026-05-31,MANUAL,Keibert Ruiz,Washington Nationals,Griffin Canning,FanDuel,559,0.2197,0.0715,0.0679,77,B,WATCH,2.0,4.0,4.0,0.0,NO,,
2026-05-31,MANUAL,Ezequiel Tovar,Colorado Rockies,Robbie Ray,DraftKings,534,0.2252,0.072,0.0675,79,B,WATCH,5.0,3.0,3.0,0.0,NO,,
2026-05-31,MANUAL,Samuel Basallo,Baltimore Orioles,Spencer Miles,BetMGM,597,0.211,0.0712,0.0675,72,B,WATCH,2.0,3.0,4.0,0.0,NO,,
2026-05-31,MANUAL,Jonathan Aranda,Tampa Bay Rays,Jack Kochanowicz,FanDuel,549,0.2213,0.0709,0.0672,80,B,WATCH,3.0,3.0,2.0,0.0,NO,,
2026-05-31,MANUAL,Pedro Pagés,St. Louis Cardinals,Jordan Wicks,FanDuel,557,0.219,0.0713,0.0668,78,B,WATCH,2.0,2.0,4.0,0.0,NO,,
2026-05-31,MANUAL,Eugenio Suárez,Cincinnati Reds,Spencer Strider,FanDuel,554,0.2192,0.0701,0.0663,77,B,WATCH,5.0,2.0,3.0,0.0,NO,,
2026-05-31,MANUAL,Vladimir Guerrero Jr.,Toronto Blue Jays,Kyle Bradish,BetMGM,636,0.2022,0.0709,0.0663,71,B,WATCH,2.0,3.0,4.0,0.0,NO,,
2026-05-31,MANUAL,Jeremiah Jackson,Baltimore Orioles,Spencer Miles,BetMGM,573,0.2148,0.0712,0.0662,76,B,WATCH,5.0,4.0,3.0,0.0,NO,,
2026-05-31,MANUAL,Mitch Garver,Seattle Mariners,Merrill Kelly,DraftKings,593,0.2101,0.0709,0.0658,74,B,WATCH,2.0,2.0,4.0,0.0,NO,,
2026-05-31,MANUAL,Jacob Young,Washington Nationals,Griffin Canning,DraftKings,613,0.206,0.0715,0.0657,70,B,WATCH,6.0,3.0,6.0,0.0,NO,,
2026-05-31,MANUAL,Ozzie Albies,Atlanta Braves,Nick Lodolo,FanDuel,485,0.2364,0.0706,0.0655,84,B,WATCH,4.0,2.0,1.0,0.0,NO,,
2026-05-31,MANUAL,Ronald Acuña Jr.,Atlanta Braves,Nick Lodolo,BetMGM,589,0.2093,0.0706,0.0641,73,B,WATCH,1.0,2.0,5.0,0.0,NO,,
2026-05-31,MANUAL,Luis Torrens,New York Mets,Janson Junk,DraftKings,581,0.2101,0.0709,0.0632,73,B,WATCH,2.0,3.0,4.0,0.0,NO,,
2026-05-31,MANUAL,Drew Millas,Washington Nationals,Griffin Canning,DraftKings,573,0.2118,0.0715,0.0632,72,B,WATCH,1.0,5.0,5.0,0.0,NO,,
2026-05-31,MANUAL,Carter Jensen,Kansas City Royals,Jack Leiter,BetMGM,621,0.2017,0.0706,0.063,70,B,WATCH,1.0,2.0,5.0,0.0,NO,,
2026-05-31,MANUAL,Willson Contreras,Boston Red Sox,Tanner Bibee,BetMGM,499,0.2296,0.0711,0.0626,81,B,WATCH,4.0,3.0,1.0,0.0,NO,,
2026-05-31,MANUAL,Austin Wells,New York Yankees,Jacob Lopez,DraftKings,553,0.2155,0.0727,0.0624,73,B,WATCH,1.0,3.0,5.0,0.0,NO,,
2026-05-31,MANUAL,TJ Rumfield,Colorado Rockies,Robbie Ray,DraftKings,485,0.2331,0.072,0.0622,83,B,WATCH,3.0,4.0,2.0,0.0,NO,,
2026-05-31,MANUAL,Brett Sullivan,Colorado Rockies,Robbie Ray,FanDuel,578,0.2095,0.0707,0.062,73,B,WATCH,2.0,3.0,4.0,0.0,NO,,
2026-05-31,MANUAL,Sal Stewart,Cincinnati Reds,Spencer Strider,FanDuel,479,0.2346,0.0701,0.0619,86,B,WATCH,4.0,2.0,1.0,0.0,NO,,
2026-05-31,MANUAL,Ronald Acuña Jr.,Atlanta Braves,Nick Lodolo,DraftKings,578,0.2093,0.0706,0.0618,73,B,WATCH,1.0,3.0,5.0,0.0,NO,,
2026-05-31,MANUAL,Jo Adell,Los Angeles Angels,Shane McClanahan,BetMGM,619,0.2008,0.0719,0.0617,86,A,WATCH,5.0,2.0,3.0,0.0,NO,,
2026-05-31,MANUAL,Rafael Devers,San Francisco Giants,Tanner Gordon,BetMGM,505,0.2266,0.0702,0.0613,81,B,WATCH,4.0,2.0,1.0,0.0,NO,,
2026-05-31,MANUAL,Edouard Julien,Colorado Rockies,Robbie Ray,FanDuel,583,0.2072,0.0719,0.0608,70,B,WATCH,6.0,2.0,6.0,0.0,NO,,
2026-05-31,MANUAL,Alec Burleson,St. Louis Cardinals,Jordan Wicks,DraftKings,488,0.2308,0.0713,0.0607,83,B,WATCH,3.0,4.0,2.0,0.0,NO,,
2026-05-31,MANUAL,Willi Castro,Colorado Rockies,Robbie Ray,BetMGM,555,0.2134,0.072,0.0607,73,B,WATCH,1.0,5.0,5.0,0.0,NO,,
2026-05-31,MANUAL,Nathan Lukes,Toronto Blue Jays,Kyle Bradish,DraftKings,644,0.195,0.0709,0.0606,67,B,WATCH,1.0,2.0,5.0,0.0,NO,,
2026-05-31,MANUAL,Samuel Basallo,Baltimore Orioles,Spencer Miles,FanDuel,614,0.2005,0.0718,0.0605,68,B,WATCH,5.0,2.0,3.0,0.0,NO,,
2026-05-31,MANUAL,Ryan McMahon,New York Yankees,Jacob Lopez,DraftKings,570,0.2095,0.0727,0.0603,70,B,WATCH,6.0,3.0,6.0,0.0,NO,,
2026-05-31,MANUAL,Jeff McNeil,Athletics,Will Warren,DraftKings,592,0.2046,0.0704,0.0601,72,B,WATCH,5.0,2.0,3.0,0.0,NO,,
2026-05-31,MANUAL,Nicky Lopez,Texas Rangers,Michael Wacha,DraftKings,660,0.1915,0.0716,0.0599,64,B,WATCH,6.0,2.0,6.0,0.0,NO,,
2026-05-31,MANUAL,Travis Bazzana,Cleveland Guardians,Ranger Suarez,BetMGM,547,0.2138,0.0709,0.0593,75,B,WATCH,5.0,2.0,3.0,0.0,NO,,
2026-05-31,MANUAL,Carson Kelly,Chicago Cubs,Matthew Liberatore,FanDuel,583,0.2058,0.072,0.0593,70,B,WATCH,1.0,2.0,5.0,0.0,NO,,
2026-05-31,MANUAL,Kevin McGonigle,Detroit Tigers,Sean Burke,BetMGM,626,0.1971,0.0718,0.0593,68,B,WATCH,2.0,2.0,4.0,0.0,NO,,
2026-05-31,MANUAL,Aramis Garcia,Arizona Diamondbacks,Bryce Miller,DraftKings,652,0.1922,0.0699,0.0592,66,B,WATCH,1.0,2.0,5.0,0.0,NO,,
2026-05-31,MANUAL,William Contreras,Milwaukee Brewers,Tatsuya Imai,FanDuel,592,0.2036,0.0712,0.059,69,B,WATCH,1.0,1.0,5.0,0.0,NO,,
2026-05-31,MANUAL,Jhonny Pereda,Seattle Mariners,Merrill Kelly,DraftKings,593,0.2031,0.0711,0.0588,70,B,WATCH,1.0,1.0,5.0,0.0,NO,,
2026-05-31,MANUAL,Edouard Julien,Colorado Rockies,Robbie Ray,BetMGM,626,0.1964,0.0707,0.0586,66,B,WATCH,6.0,4.0,6.0,0.0,NO,,
2026-05-31,MANUAL,Blake Dunn,Cincinnati Reds,Spencer Strider,DraftKings,568,0.2077,0.0701,0.058,72,B,WATCH,1.0,3.0,5.0,0.0,NO,,
2026-05-31,MANUAL,Caleb Durbin,Boston Red Sox,Tanner Bibee,FanDuel,627,0.1955,0.0704,0.058,67,B,WATCH,6.0,2.0,6.0,0.0,NO,,
2026-05-31,MANUAL,Eugenio Suárez,Cincinnati Reds,Spencer Strider,BetMGM,518,0.2192,0.0701,0.0574,76,B,WATCH,5.0,3.0,3.0,0.0,NO,,
2026-05-31,MANUAL,Edmundo Sosa,Philadelphia Phillies,Yoshinobu Yamamoto,BetMGM,660,0.1884,0.0704,0.0569,64,B,WATCH,6.0,1.0,6.0,0.0,NO,,
2026-05-31,MANUAL,Elly De La Cruz,Cincinnati Reds,Spencer Strider,DraftKings,529,0.2154,0.0701,0.0564,76,B,WATCH,2.0,4.0,4.0,0.0,NO,,
2026-05-31,MANUAL,Liam Hicks,Miami Marlins,Nolan McLean,BetMGM,587,0.202,0.0708,0.0564,70,B,WATCH,2.0,3.0,4.0,0.0,NO,,
2026-05-31,MANUAL,Jared Young,New York Mets,John King,FanDuel,479,0.2288,0.0709,0.0561,85,B,WATCH,4.0,2.0,1.0,0.0,NO,,
2026-05-31,MANUAL,David Hamilton,Milwaukee Brewers,Tatsuya Imai,FanDuel,602,0.1985,0.0714,0.056,67,B,WATCH,6.0,1.0,6.0,0.0,NO,,
2026-05-31,MANUAL,Jonah Heim,Athletics,Will Warren,FanDuel,623,0.1938,0.0704,0.0555,66,B,WATCH,1.0,2.0,5.0,0.0,NO,,
2026-05-31,MANUAL,Christian Vázquez,Houston Astros,Jacob Misiorowski,DraftKings,579,0.2026,0.0709,0.0553,69,B,WATCH,1.0,2.0,5.0,0.0,NO,,
2026-05-31,MANUAL,David Hamilton,Milwaukee Brewers,Tatsuya Imai,BetMGM,601,0.1979,0.0712,0.0552,66,B,WATCH,6.0,2.0,6.0,0.0,NO,,
2026-05-31,MANUAL,Alejandro Osuna,Texas Rangers,Michael Wacha,DraftKings,631,0.1918,0.0717,0.055,63,B,WATCH,6.0,4.0,6.0,0.0,NO,,
2026-05-31,MANUAL,Braxton Fulford,Colorado Rockies,Robbie Ray,DraftKings,580,0.202,0.0707,0.0549,69,B,WATCH,1.0,5.0,5.0,0.0,NO,,
2026-05-31,MANUAL,Hunter Goodman,Colorado Rockies,Robbie Ray,BetMGM,436,0.241,0.072,0.0545,83,B,WATCH,4.0,6.0,1.0,0.0,NO,,
2026-05-31,MANUAL,Alex Bregman,Chicago Cubs,Matthew Liberatore,BetMGM,586,0.2,0.072,0.0543,67,B,WATCH,6.0,2.0,6.0,0.0,NO,,
2026-05-31,MANUAL,Josh Naylor,Seattle Mariners,Merrill Kelly,DraftKings,495,0.2219,0.0711,0.0539,77,B,WATCH,3.0,3.0,2.0,0.0,NO,,
2026-05-31,MANUAL,Nasim Nuñez,Washington Nationals,Griffin Canning,BetMGM,556,0.206,0.0715,0.0535,68,B,WATCH,6.0,6.0,6.0,0.0,NO,,
2026-05-31,MANUAL,James Wood,Washington Nationals,Griffin Canning,BetMGM,531,0.2118,0.0715,0.0534,71,B,WATCH,1.0,4.0,5.0,0.0,NO,,
2026-05-31,MANUAL,Kyle Manzardo,Cleveland Guardians,Ranger Suarez,DraftKings,657,0.1853,0.072,0.0532,60,B,WATCH,6.0,2.0,6.0,0.0,NO,,
2026-05-31,MANUAL,Endy Rodríguez,Pittsburgh Pirates,Zebby Matthews,DraftKings,602,0.1951,0.0709,0.0527,67,B,WATCH,1.0,1.0,5.0,0.0,NO,,
2026-05-31,MANUAL,Nick Kurtz,Athletics,Will Warren,DraftKings,528,0.2118,0.0704,0.0526,76,B,WATCH,3.0,3.0,2.0,0.0,NO,,
2026-05-31,MANUAL,Dillon Dingler,Detroit Tigers,Sean Burke,BetMGM,627,0.19,0.0718,0.0525,63,B,WATCH,1.0,2.0,5.0,0.0,NO,,
2026-05-31,MANUAL,Daniel Susac,San Francisco Giants,Tanner Gordon,BetMGM,575,0.2006,0.0702,0.0524,69,B,WATCH,1.0,3.0,5.0,0.0,NO,,
2026-05-31,MANUAL,Sal Stewart,Cincinnati Reds,Spencer Strider,BetMGM,448,0.2346,0.0701,0.0522,85,B,WATCH,4.0,4.0,1.0,0.0,NO,,
2026-05-31,MANUAL,Pedro Ramírez,Chicago Cubs,Matthew Liberatore,DraftKings,518,0.2138,0.0709,0.052,74,B,WATCH,5.0,3.0,3.0,0.0,NO,,
2026-05-31,MANUAL,Luis García Jr.,Washington Nationals,Griffin Canning,BetMGM,496,0.2197,0.0715,0.0519,75,B,WATCH,2.0,5.0,4.0,0.0,NO,,
2026-05-31,MANUAL,Sung-Mun Song,San Diego Padres,Zack Littell,DraftKings,516,0.2138,0.0709,0.0515,74,B,WATCH,5.0,2.0,3.0,0.0,NO,,
2026-05-31,MANUAL,David Fry,Cleveland Guardians,Ranger Suarez,BetMGM,568,0.2012,0.072,0.0515,69,B,WATCH,5.0,3.0,3.0,0.0,NO,,
2026-05-31,MANUAL,Tristan Gray,Minnesota Twins,Braxton Ashcraft,DraftKings,575,0.1993,0.0714,0.0512,69,B,WATCH,5.0,2.0,3.0,0.0,NO,,
2026-05-31,MANUAL,Masataka Yoshida,Boston Red Sox,Tanner Bibee,DraftKings,468,0.2272,0.0704,0.0511,82,B,WATCH,4.0,3.0,1.0,0.0,NO,,
2026-05-31,MANUAL,CJ Abrams,Washington Nationals,Griffin Canning,DraftKings,431,0.2393,0.0715,0.051,84,B,WATCH,4.0,6.0,1.0,0.0,NO,,
2026-05-31,MANUAL,Cole Young,Seattle Mariners,Merrill Kelly,BetMGM,460,0.2295,0.0711,0.0509,80,B,WATCH,4.0,4.0,1.0,0.0,NO,,
2026-05-31,MANUAL,Carson Kelly,Chicago Cubs,Matthew Liberatore,DraftKings,545,0.2058,0.072,0.0507,69,B,WATCH,1.0,3.0,5.0,0.0,NO,,
2026-05-31,MANUAL,Pedro Pagés,St. Louis Cardinals,Jordan Wicks,BetMGM,525,0.2101,0.0709,0.0501,72,B,WATCH,2.0,3.0,4.0,0.0,NO,,
2026-05-31,MANUAL,Jesús Sánchez,Toronto Blue Jays,Kyle Bradish,BetMGM,617,0.1896,0.0709,0.0501,63,B,WATCH,6.0,4.0,6.0,0.0,NO,,
2026-05-31,MANUAL,Max Muncy,Los Angeles Dodgers,Andrew Painter,DraftKings,544,0.2052,0.0706,0.0499,70,B,WATCH,5.0,2.0,3.0,0.0,NO,,
2026-05-31,MANUAL,Danny Jansen,Texas Rangers,Michael Wacha,FanDuel,580,0.197,0.0716,0.0499,66,B,WATCH,1.0,3.0,5.0,0.0,NO,,
2026-05-31,MANUAL,Freddie Freeman,Los Angeles Dodgers,Andrew Painter,DraftKings,515,0.2124,0.0706,0.0498,76,B,WATCH,3.0,2.0,2.0,0.0,NO,,
2026-05-31,MANUAL,Masyn Winn,St. Louis Cardinals,Jordan Wicks,FanDuel,543,0.2054,0.0713,0.0498,70,B,WATCH,6.0,5.0,5.0,0.0,NO,,
2026-05-31,MANUAL,Austin Wells,New York Yankees,Jacob Lopez,BetMGM,551,0.2034,0.0712,0.0498,68,B,WATCH,1.0,4.0,5.0,0.0,NO,,
2026-05-31,MANUAL,José Fermín,St. Louis Cardinals,Jordan Wicks,FanDuel,623,0.1878,0.0713,0.0494,61,B,WATCH,7.0,4.0,6.0,0.0,NO,,
2026-05-31,MANUAL,Will Smith,Los Angeles Dodgers,Andrew Painter,DraftKings,555,0.2016,0.0706,0.0489,70,B,WATCH,2.0,3.0,4.0,0.0,NO,,
2026-05-31,MANUAL,Luke Keaschall,Minnesota Twins,Braxton Ashcraft,DraftKings,507,0.2133,0.0714,0.0486,76,B,WATCH,4.0,3.0,1.0,0.0,NO,,
2026-05-31,MANUAL,Brooks Lee,Minnesota Twins,Braxton Ashcraft,DraftKings,573,0.1969,0.0709,0.0484,65,B,WATCH,6.0,5.0,6.0,0.0,NO,,
2026-05-31,MANUAL,Ty France,San Diego Padres,Zack Littell,DraftKings,552,0.2016,0.07,0.0482,69,B,WATCH,6.0,3.0,6.0,0.0,NO,,
2026-05-31,MANUAL,Alex Jackson,Minnesota Twins,Braxton Ashcraft,DraftKings,611,0.1889,0.0714,0.0482,63,B,WATCH,1.0,4.0,5.0,0.0,NO,,
2026-05-31,MANUAL,Freddie Freeman,Los Angeles Dodgers,Andrew Painter,FanDuel,508,0.2124,0.0706,0.0479,76,B,WATCH,3.0,4.0,2.0,0.0,NO,,
2026-05-31,MANUAL,Hunter Goodman,Colorado Rockies,Robbie Ray,DraftKings,440,0.2329,0.0719,0.0477,79,B,WATCH,3.0,3.0,2.0,0.0,NO,,
2026-05-31,MANUAL,Gavin Sheets,San Diego Padres,Zack Littell,DraftKings,497,0.215,0.07,0.0475,76,B,WATCH,2.0,2.0,4.0,0.0,NO,,
2026-05-31,MANUAL,Jorge Mateo,Atlanta Braves,Nick Lodolo,DraftKings,619,0.186,0.0706,0.0469,60,B,WATCH,7.0,5.0,7.0,0.0,NO,,
2026-05-31,MANUAL,Chase DeLauter,Cleveland Guardians,Ranger Suarez,FanDuel,518,0.2083,0.072,0.0464,70,B,WATCH,3.0,4.0,2.0,0.0,NO,,
2026-05-31,MANUAL,Jake Bauers,Milwaukee Brewers,Tatsuya Imai,DraftKings,467,0.2224,0.0712,0.046,77,B,WATCH,3.0,4.0,2.0,0.0,NO,,
2026-05-31,MANUAL,Shea Langeliers,Athletics,Will Warren,BetMGM,545,0.201,0.0704,0.046,69,B,WATCH,2.0,4.0,4.0,0.0,NO,,
2026-05-31,MANUAL,Bo Bichette,New York Mets,Janson Junk,FanDuel,646,0.1801,0.0709,0.046,56,B,WATCH,7.0,4.0,7.0,0.0,NO,,
2026-05-31,MANUAL,Dalton Rushing,Los Angeles Dodgers,Andrew Painter,FanDuel,571,0.1944,0.0706,0.0454,66,B,WATCH,1.0,3.0,5.0,0.0,NO,,
2026-05-31,MANUAL,Josh Jung,Texas Rangers,Michael Wacha,DraftKings,527,0.2046,0.0717,0.0451,69,B,WATCH,2.0,5.0,4.0,0.0,NO,,
2026-05-31,MANUAL,Endy Rodríguez,Pittsburgh Pirates,Zebby Matthews,FanDuel,566,0.1951,0.0709,0.045,66,B,WATCH,1.0,2.0,5.0,0.0,NO,,
2026-05-31,MANUAL,Alec Burleson,St. Louis Cardinals,Jordan Wicks,FanDuel,466,0.2213,0.0709,0.0447,77,B,WATCH,3.0,4.0,2.0,0.0,NO,,
2026-05-31,MANUAL,Michael Massey,Kansas City Royals,Jack Leiter,DraftKings,445,0.2279,0.0706,0.0444,80,B,WATCH,4.0,2.0,1.0,0.0,NO,,
2026-05-31,MANUAL,Michael Massey,Kansas City Royals,Jack Leiter,BetMGM,640,0.1793,0.0706,0.0442,56,B,WATCH,7.0,3.0,7.0,0.0,NO,,
2026-05-31,MANUAL,Ketel Marte,Arizona Diamondbacks,Bryce Miller,DraftKings,478,0.2171,0.0699,0.0441,78,B,WATCH,4.0,3.0,1.0,0.0,NO,,
2026-05-31,MANUAL,Cam Smith,Houston Astros,Jacob Misiorowski,DraftKings,617,0.1836,0.0714,0.0441,60,B,WATCH,6.0,2.0,6.0,0.0,NO,,
2026-05-31,MANUAL,Xander Bogaerts,San Diego Padres,Zack Littell,DraftKings,425,0.2342,0.07,0.0438,85,B,WATCH,4.0,4.0,1.0,0.0,NO,,
2026-05-31,MANUAL,Vinnie Pasquantino,Kansas City Royals,Jack Leiter,BetMGM,466,0.2204,0.0706,0.0437,75,B,WATCH,3.0,3.0,2.0,0.0,NO,,
2026-05-31,MANUAL,JJ Wetherholt,St. Louis Cardinals,Jordan Wicks,BetMGM,412,0.2386,0.0713,0.0433,83,B,WATCH,4.0,5.0,1.0,0.0,NO,,
2026-05-31,MANUAL,Jorbit Vivas,Washington Nationals,Griffin Canning,DraftKings,638,0.1785,0.0715,0.043,54,C,WATCH,8.0,7.0,8.0,0.0,NO,,
2026-05-31,MANUAL,Sal Frelick,Milwaukee Brewers,Tatsuya Imai,BetMGM,621,0.1815,0.0714,0.0428,57,B,WATCH,7.0,2.0,6.0,0.0,NO,,
2026-05-31,MANUAL,Kody Clemens,Minnesota Twins,Braxton Ashcraft,DraftKings,511,0.2063,0.0714,0.0427,71,B,WATCH,3.0,2.0,2.0,0.0,NO,,
2026-05-31,MANUAL,Mauricio Dubón,Atlanta Braves,Nick Lodolo,BetMGM,461,0.2209,0.0706,0.0426,76,B,WATCH,5.0,3.0,3.0,0.0,NO,,
2026-05-31,MANUAL,Rhys Hoskins,Cleveland Guardians,Ranger Suarez,FanDuel,479,0.2153,0.072,0.0426,73,B,WATCH,4.0,2.0,1.0,0.0,NO,,
2026-05-31,MANUAL,Henry Davis,Pittsburgh Pirates,Zebby Matthews,DraftKings,525,0.2024,0.0709,0.0424,69,B,WATCH,2.0,3.0,4.0,0.0,NO,,
2026-05-31,MANUAL,Isaac Collins,Kansas City Royals,Jack Leiter,BetMGM,550,0.1961,0.0706,0.0423,64,B,WATCH,6.0,4.0,6.0,0.0,NO,,
2026-05-31,MANUAL,Joe Mack,Miami Marlins,Nolan McLean,FanDuel,523,0.2026,0.0709,0.0421,67,B,WATCH,1.0,3.0,5.0,0.0,NO,,
2026-05-31,MANUAL,Jeff McNeil,Athletics,Will Warren,BetMGM,481,0.2138,0.0709,0.0417,73,B,WATCH,5.0,4.0,3.0,0.0,NO,,
2026-05-31,MANUAL,Braxton Fulford,Colorado Rockies,Robbie Ray,BetMGM,623,0.1798,0.072,0.0415,54,C,WATCH,8.0,7.0,8.0,0.0,NO,,
2026-05-31,MANUAL,Oswald Peraza,Los Angeles Angels,Shane McClanahan,BetMGM,595,0.1853,0.072,0.0414,59,B,WATCH,6.0,2.0,6.0,0.0,NO,,
2026-05-31,MANUAL,Konnor Griffin,Pittsburgh Pirates,Zebby Matthews,DraftKings,621,0.1801,0.0709,0.0414,56,B,WATCH,7.0,3.0,7.0,0.0,NO,,
2026-05-31,MANUAL,Paul Goldschmidt,New York Yankees,Jacob Lopez,DraftKings,394,0.2434,0.0727,0.041,84,B,WATCH,4.0,4.0,1.0,0.0,NO,,
2026-05-31,MANUAL,Mookie Betts,Los Angeles Dodgers,Andrew Painter,DraftKings,656,0.1732,0.0719,0.0409,71,B,WATCH,8.0,5.0,6.0,0.0,NO,,
2026-05-31,MANUAL,Vinnie Pasquantino,Kansas City Royals,Jack Leiter,FanDuel,456,0.2204,0.0706,0.0406,74,B,WATCH,3.0,5.0,2.0,0.0,NO,,
2026-05-31,MANUAL,Andrew Vaughn,Milwaukee Brewers,Tatsuya Imai,BetMGM,484,0.2117,0.0714,0.0405,72,B,WATCH,2.0,3.0,4.0,0.0,NO,,
2026-05-31,MANUAL,Ernie Clement,Toronto Blue Jays,Kyle Bradish,BetMGM,505,0.2058,0.0709,0.0405,70,B,WATCH,5.0,5.0,3.0,0.0,NO,,
2026-05-31,MANUAL,Jake Rogers,Detroit Tigers,Sean Burke,DraftKings,537,0.1971,0.0718,0.0401,66,B,WATCH,2.0,4.0,4.0,0.0,NO,,
2026-05-31,MANUAL,Jeremy Peña,Houston Astros,Jacob Misiorowski,FanDuel,597,0.1836,0.0714,0.0401,59,B,WATCH,6.0,2.0,6.0,0.0,NO,,
2026-05-31,MANUAL,William Contreras,Milwaukee Brewers,Tatsuya Imai,DraftKings,509,0.2042,0.0714,0.04,68,B,WATCH,1.0,4.0,5.0,0.0,NO,,
2026-05-31,MANUAL,Hunter Goodman,Colorado Rockies,Robbie Ray,FanDuel,453,0.2207,0.0707,0.0399,74,B,WATCH,3.0,6.0,2.0,0.0,NO,,
2026-05-31,MANUAL,Brett Sullivan,Colorado Rockies,Robbie Ray,BetMGM,451,0.2211,0.0719,0.0396,74,B,WATCH,2.0,4.0,4.0,0.0,NO,,
2026-05-31,MANUAL,Chadwick Tromp,Atlanta Braves,Nick Lodolo,DraftKings,661,0.1705,0.0706,0.0391,51,C,WATCH,9.0,4.0,9.0,0.0,NO,,
2026-05-31,MANUAL,Edmundo Sosa,Philadelphia Phillies,Yoshinobu Yamamoto,DraftKings,569,0.1884,0.0704,0.039,62,B,WATCH,6.0,2.0,6.0,0.0,NO,,
2026-05-31,MANUAL,Ian Happ,Chicago Cubs,Matthew Liberatore,BetMGM,643,0.1734,0.072,0.0388,52,C,WATCH,8.0,4.0,8.0,0.0,NO,,
2026-05-31,MANUAL,Alec Bohm,Philadelphia Phillies,Yoshinobu Yamamoto,BetMGM,648,0.1723,0.0704,0.0386,54,C,WATCH,7.0,2.0,7.0,0.0,NO,,
2026-05-31,MANUAL,Darell Hernaiz,Athletics,Will Warren,FanDuel,648,0.1723,0.0704,0.0386,53,C,WATCH,7.0,5.0,7.0,0.0,NO,,
2026-05-31,MANUAL,Rafael Marchán,Philadelphia Phillies,Yoshinobu Yamamoto,FanDuel,477,0.2118,0.0704,0.0385,72,B,WATCH,3.0,3.0,2.0,0.0,NO,,
2026-05-31,MANUAL,Chase DeLauter,Cleveland Guardians,Ranger Suarez,BetMGM,489,0.2083,0.072,0.0385,69,B,WATCH,3.0,3.0,2.0,0.0,NO,,
2026-05-31,MANUAL,Dillon Dingler,Detroit Tigers,Sean Burke,DraftKings,494,0.2067,0.0723,0.0384,67,B,WATCH,1.0,4.0,5.0,0.0,NO,,
2026-05-31,MANUAL,Miguel Amaya,Chicago Cubs,Matthew Liberatore,FanDuel,471,0.2134,0.072,0.0382,71,B,WATCH,2.0,5.0,4.0,0.0,NO,,
2026-05-31,MANUAL,Brandon Lowe,Pittsburgh Pirates,Zebby Matthews,BetMGM,424,0.2288,0.0709,0.038,78,B,WATCH,4.0,4.0,1.0,0.0,NO,,
2026-05-31,MANUAL,Gabriel Moreno,Arizona Diamondbacks,Bryce Miller,BetMGM,480,0.2101,0.0709,0.0377,70,B,WATCH,2.0,4.0,4.0,0.0,NO,,
2026-05-31,MANUAL,Blake Dunn,Cincinnati Reds,Spencer Strider,FanDuel,488,0.2077,0.0701,0.0376,70,B,WATCH,1.0,6.0,5.0,0.0,NO,,
2026-05-31,MANUAL,Justin Foscue,Texas Rangers,Michael Wacha,FanDuel,487,0.2079,0.0716,0.0376,70,B,WATCH,5.0,4.0,3.0,0.0,NO,,
2026-05-31,MANUAL,Nico Hoerner,Chicago Cubs,Matthew Liberatore,BetMGM,413,0.2324,0.072,0.0375,81,B,WATCH,4.0,6.0,1.0,0.0,NO,,
2026-05-31,MANUAL,Spencer Steer,Cincinnati Reds,Spencer Strider,BetMGM,600,0.1795,0.0707,0.0366,55,B,WATCH,7.0,5.0,7.0,0.0,NO,,
2026-05-31,MANUAL,Colton Cowser,Baltimore Orioles,Spencer Miles,DraftKings,645,0.1708,0.0726,0.0366,50,C,WATCH,7.0,3.0,7.0,0.0,NO,,
2026-05-31,MANUAL,Zack Gelof,Athletics,Will Warren,BetMGM,557,0.1885,0.0704,0.0363,61,B,WATCH,6.0,6.0,6.0,0.0,NO,,
2026-05-31,MANUAL,Gavin Sheets,San Diego Padres,Zack Littell,BetMGM,458,0.215,0.07,0.0358,74,B,WATCH,2.0,5.0,4.0,0.0,NO,,
2026-05-31,MANUAL,Nick Gonzales,Pittsburgh Pirates,Zebby Matthews,BetMGM,547,0.1897,0.0709,0.0351,62,B,WATCH,6.0,4.0,6.0,0.0,NO,,
2026-05-31,MANUAL,P.J. Higgins,Cincinnati Reds,Spencer Strider,DraftKings,645,0.1692,0.0701,0.035,51,C,WATCH,9.0,7.0,8.0,0.0,NO,,
2026-05-31,MANUAL,Braden Shewmake,Houston Astros,Jacob Misiorowski,DraftKings,458,0.2138,0.0709,0.0346,72,B,WATCH,5.0,5.0,3.0,0.0,NO,,
2026-05-31,MANUAL,Rodolfo Durán,San Diego Padres,Zack Littell,DraftKings,470,0.2101,0.0709,0.0346,70,B,WATCH,2.0,5.0,4.0,0.0,NO,,
2026-05-31,MANUAL,Jesús Sánchez,Toronto Blue Jays,Kyle Bradish,FanDuel,545,0.1896,0.0709,0.0345,61,B,WATCH,6.0,3.0,6.0,0.0,NO,,
2026-05-31,MANUAL,Keibert Ruiz,Washington Nationals,Griffin Canning,DraftKings,624,0.1726,0.0715,0.0345,50,C,WATCH,9.0,8.0,9.0,0.0,NO,,
2026-05-31,MANUAL,Isiah Kiner-Falefa,Boston Red Sox,Tanner Bibee,FanDuel,455,0.2145,0.0711,0.0343,72,B,WATCH,5.0,5.0,3.0,0.0,NO,,
2026-05-31,MANUAL,Austin Riley,Atlanta Braves,Nick Lodolo,DraftKings,490,0.2035,0.0706,0.034,65,B,WATCH,6.0,5.0,6.0,0.0,NO,,
2026-05-31,MANUAL,Spencer Steer,Cincinnati Reds,Spencer Strider,FanDuel,564,0.1846,0.0701,0.034,58,B,WATCH,7.0,5.0,7.0,0.0,NO,,
2026-05-31,MANUAL,Manny Machado,San Diego Padres,Zack Littell,BetMGM,418,0.2266,0.07,0.0335,80,B,WATCH,3.0,3.0,2.0,0.0,NO,,
2026-05-31,MANUAL,Dansby Swanson,Chicago Cubs,Matthew Liberatore,FanDuel,566,0.1829,0.072,0.0327,56,B,WATCH,7.0,7.0,7.0,0.0,NO,,
2026-05-31,MANUAL,Colton Cowser,Baltimore Orioles,Spencer Miles,BetMGM,634,0.1689,0.0718,0.0326,50,C,WATCH,7.0,3.0,7.0,0.0,NO,,
2026-05-31,MANUAL,Samuel Basallo,Baltimore Orioles,Spencer Miles,DraftKings,487,0.2028,0.0726,0.0325,65,B,WATCH,5.0,4.0,3.0,0.0,NO,,
2026-05-31,MANUAL,Mickey Gasper,Boston Red Sox,Tanner Bibee,BetMGM,412,0.2272,0.0704,0.0319,80,B,WATCH,4.0,4.0,1.0,0.0,NO,,
2026-05-31,MANUAL,Aramis Garcia,Arizona Diamondbacks,Bryce Miller,FanDuel,486,0.2026,0.0709,0.0319,66,B,WATCH,1.0,5.0,5.0,0.0,NO,,
2026-05-31,MANUAL,Josh Naylor,Seattle Mariners,Merrill Kelly,FanDuel,425,0.2219,0.0711,0.0315,74,B,WATCH,3.0,4.0,2.0,0.0,NO,,
2026-05-31,MANUAL,Brett Baty,New York Mets,John King,DraftKings,572,0.1801,0.0709,0.0313,55,B,WATCH,7.0,3.0,7.0,0.0,NO,,
2026-05-31,MANUAL,Marcus Semien,New York Mets,John King,BetMGM,615,0.1707,0.0709,0.0308,50,C,WATCH,8.0,4.0,8.0,0.0,NO,,
2026-05-31,MANUAL,Jackson Merrill,San Diego Padres,Zack Littell,BetMGM,644,0.1651,0.0709,0.0307,47,C,WATCH,9.0,6.0,9.0,0.0,NO,,
2026-05-31,MANUAL,Spencer Torkelson,Detroit Tigers,Sean Burke,FanDuel,412,0.2259,0.0723,0.0306,75,B,WATCH,3.0,7.0,2.0,0.0,NO,,
2026-05-31,MANUAL,Anthony Volpe,New York Yankees,Jacob Lopez,BetMGM,521,0.1916,0.0727,0.0305,58,B,WATCH,7.0,5.0,7.0,0.0,NO,,
2026-05-31,MANUAL,Chad Stevens,Colorado Rockies,Robbie Ray,FanDuel,596,0.1739,0.072,0.0302,50,C,WATCH,9.0,8.0,9.0,0.0,NO,,
2026-05-31,MANUAL,Michael Busch,Chicago Cubs,Matthew Liberatore,BetMGM,423,0.2213,0.0709,0.0301,73,B,WATCH,3.0,5.0,2.0,0.0,NO,,
2026-05-31,MANUAL,Eric Haase,San Francisco Giants,Tanner Gordon,DraftKings,462,0.208,0.0702,0.0301,70,B,WATCH,2.0,4.0,4.0,0.0,NO,,
2026-05-31,MANUAL,Chadwick Tromp,Atlanta Braves,Nick Lodolo,BetMGM,612,0.1705,0.0706,0.0301,50,C,WATCH,9.0,6.0,9.0,0.0,NO,,
2026-05-31,MANUAL,Spencer Horwitz,Pittsburgh Pirates,Zebby Matthews,FanDuel,422,0.2213,0.0709,0.0298,75,B,WATCH,3.0,7.0,2.0,0.0,NO,,
2026-05-31,MANUAL,Nick Loftin,Kansas City Royals,Jack Leiter,BetMGM,446,0.2129,0.0706,0.0298,71,B,WATCH,5.0,4.0,3.0,0.0,NO,,
2026-05-31,MANUAL,Patrick Wisdom,Seattle Mariners,Merrill Kelly,BetMGM,496,0.1975,0.0711,0.0297,64,B,WATCH,6.0,5.0,6.0,0.0,NO,,
2026-05-31,MANUAL,Julio Rodríguez,Seattle Mariners,Merrill Kelly,DraftKings,639,0.1651,0.0709,0.0297,47,C,WATCH,9.0,6.0,9.0,0.0,NO,,
2026-05-31,MANUAL,Kyle Higashioka,Texas Rangers,Michael Wacha,DraftKings,585,0.1754,0.0717,0.0294,50,C,WATCH,7.0,6.0,7.0,0.0,NO,,
2026-05-31,MANUAL,Kazuma Okamoto,Toronto Blue Jays,Kyle Bradish,FanDuel,423,0.2203,0.0709,0.0291,76,B,WATCH,4.0,4.0,1.0,0.0,NO,,
2026-05-31,MANUAL,Ian Happ,Chicago Cubs,Matthew Liberatore,FanDuel,593,0.1734,0.072,0.0291,50,C,WATCH,8.0,5.0,8.0,0.0,NO,,
2026-05-31,MANUAL,Vaughn Grissom,Los Angeles Angels,Shane McClanahan,DraftKings,495,0.1969,0.0709,0.0289,63,B,WATCH,6.0,4.0,6.0,0.0,NO,,
2026-05-31,MANUAL,José Caballero,New York Yankees,Jacob Lopez,BetMGM,602,0.1714,0.0712,0.0289,50,C,WATCH,8.0,6.0,8.0,0.0,NO,,
2026-05-31,MANUAL,Jonah Heim,Athletics,Will Warren,BetMGM,506,0.1938,0.0704,0.0288,63,B,WATCH,1.0,4.0,5.0,0.0,NO,,
2026-05-31,MANUAL,Mike Trout,Los Angeles Angels,Shane McClanahan,BetMGM,490,0.1982,0.0722,0.0287,85,B,WATCH,2.0,3.0,4.0,0.0,NO,,
2026-05-31,MANUAL,José Caballero,New York Yankees,Jacob Lopez,DraftKings,554,0.1816,0.0727,0.0287,53,C,WATCH,8.0,5.0,8.0,0.0,NO,,
2026-05-31,MANUAL,J.P. Crawford,Seattle Mariners,Merrill Kelly,FanDuel,558,0.1806,0.0711,0.0286,55,B,WATCH,7.0,6.0,7.0,0.0,NO,,
2026-05-31,MANUAL,Jorge Soler,Los Angeles Angels,Shane McClanahan,DraftKings,437,0.2146,0.0718,0.0284,97,B,WATCH,4.0,3.0,1.0,0.0,NO,,
2026-05-31,MANUAL,Brandon Lowe,Pittsburgh Pirates,Zebby Matthews,DraftKings,420,0.2204,0.0709,0.0281,75,B,WATCH,4.0,5.0,1.0,0.0,NO,,
2026-05-31,MANUAL,Heriberto Hernández,Miami Marlins,Nolan McLean,BetMGM,630,0.1651,0.0709,0.0281,47,C,WATCH,9.0,5.0,7.0,0.0,NO,,
2026-05-31,MANUAL,Nick Loftin,Kansas City Royals,Jack Leiter,DraftKings,603,0.17,0.0706,0.0277,49,C,WATCH,8.0,6.0,8.0,0.0,NO,,
2026-05-31,MANUAL,Michael Busch,Chicago Cubs,Matthew Liberatore,DraftKings,406,0.2248,0.072,0.0272,74,B,WATCH,3.0,8.0,2.0,0.0,NO,,
2026-05-31,MANUAL,Will Brennan,San Francisco Giants,Tanner Gordon,DraftKings,604,0.169,0.0702,0.027,50,C,WATCH,8.0,5.0,8.0,0.0,NO,,
2026-05-31,MANUAL,Alex Freeland,Los Angeles Dodgers,Andrew Painter,FanDuel,419,0.2196,0.0706,0.0269,75,B,WATCH,4.0,4.0,1.0,0.0,NO,,
2026-05-31,MANUAL,Fernando Tatis Jr.,San Diego Padres,Zack Littell,FanDuel,454,0.2074,0.07,0.0269,70,B,WATCH,1.0,4.0,5.0,0.0,NO,,
2026-05-31,MANUAL,Austin Riley,Atlanta Braves,Nick Lodolo,BetMGM,466,0.2035,0.0706,0.0268,64,B,WATCH,6.0,7.0,6.0,0.0,NO,,
2026-05-31,MANUAL,Alika Williams,Athletics,Will Warren,DraftKings,420,0.219,0.0704,0.0267,76,B,WATCH,4.0,7.0,1.0,0.0,NO,,
2026-05-31,MANUAL,Bobby Witt Jr.,Kansas City Royals,Jack Leiter,BetMGM,448,0.2092,0.0706,0.0267,69,B,WATCH,2.0,7.0,4.0,0.0,NO,,
2026-05-31,MANUAL,Sung-Mun Song,San Diego Padres,Zack Littell,BetMGM,574,0.1747,0.07,0.0264,54,C,WATCH,8.0,6.0,8.0,0.0,NO,,
2026-05-31,MANUAL,P.J. Higgins,Cincinnati Reds,Spencer Strider,FanDuel,600,0.1692,0.0701,0.0264,50,C,WATCH,9.0,6.0,8.0,0.0,NO,,
2026-05-31,MANUAL,Taylor Ward,Baltimore Orioles,Spencer Miles,FanDuel,500,0.1928,0.0729,0.0261,68,B,WATCH,1.0,5.0,5.0,0.0,NO,,
2026-05-31,MANUAL,Zack Gelof,Athletics,Will Warren,DraftKings,516,0.1885,0.0704,0.0261,60,B,WATCH,6.0,5.0,6.0,0.0,NO,,
2026-05-31,MANUAL,Leody Taveras,Baltimore Orioles,Spencer Miles,DraftKings,530,0.1847,0.0718,0.026,57,B,WATCH,6.0,4.0,6.0,0.0,NO,,
2026-05-31,MANUAL,Alejandro Osuna,Texas Rangers,Michael Wacha,FanDuel,586,0.1716,0.0713,0.0258,49,C,WATCH,8.0,6.0,8.0,0.0,NO,,
2026-05-31,MANUAL,Christopher Morel,Miami Marlins,Nolan McLean,BetMGM,434,0.2128,0.0708,0.0256,72,B,WATCH,3.0,4.0,2.0,0.0,NO,,
2026-05-31,MANUAL,Coby Mayo,Baltimore Orioles,Spencer Miles,FanDuel,544,0.1809,0.0712,0.0256,54,C,WATCH,7.0,6.0,7.0,0.0,NO,,
2026-05-31,MANUAL,Tristan Peters,Chicago White Sox,Keider Montero,BetMGM,579,0.1728,0.0706,0.0255,51,C,WATCH,7.0,2.0,6.0,0.0,NO,,
2026-05-31,MANUAL,Vidal Bruján,New York Mets,John King,FanDuel,616,0.1651,0.0709,0.0254,46,C,WATCH,9.0,5.0,9.0,0.0,NO,,
2026-05-31,MANUAL,Joe Mack,Miami Marlins,Nolan McLean,DraftKings,489,0.1948,0.0708,0.025,62,B,WATCH,1.0,5.0,5.0,0.0,NO,,
2026-05-31,MANUAL,Travis Bazzana,Cleveland Guardians,Ranger Suarez,DraftKings,504,0.1906,0.072,0.025,60,B,WATCH,1.0,4.0,5.0,0.0,NO,,
2026-05-31,MANUAL,Chad Stevens,Colorado Rockies,Robbie Ray,BetMGM,399,0.225,0.0719,0.0246,74,B,WATCH,5.0,5.0,3.0,0.0,NO,,
2026-05-31,MANUAL,Brice Turang,Milwaukee Brewers,Tatsuya Imai,FanDuel,385,0.2306,0.0714,0.0244,77,B,WATCH,4.0,5.0,1.0,0.0,NO,,
2026-05-31,MANUAL,Daulton Varsho,Toronto Blue Jays,Kyle Bradish,BetMGM,606,0.166,0.0713,0.0243,46,C,WATCH,9.0,6.0,9.0,0.0,NO,,
2026-05-31,MANUAL,Liam Hicks,Miami Marlins,Nolan McLean,FanDuel,438,0.2101,0.0709,0.0242,69,B,WATCH,2.0,6.0,4.0,0.0,NO,,
2026-05-31,MANUAL,A.J. Ewing,New York Mets,John King,DraftKings,479,0.1969,0.0709,0.0242,62,B,WATCH,6.0,5.0,6.0,0.0,NO,,
2026-05-31,MANUAL,Max Schuemann,New York Yankees,Jacob Lopez,FanDuel,560,0.1756,0.0727,0.0241,50,C,WATCH,9.0,6.0,9.0,0.0,NO,,
2026-05-31,MANUAL,Ben Rice,New York Yankees,Jacob Lopez,FanDuel,373,0.2355,0.0727,0.024,76,B,WATCH,3.0,7.0,2.0,0.0,NO,,
2026-05-31,MANUAL,Garrett Stubbs,Philadelphia Phillies,Yoshinobu Yamamoto,BetMGM,488,0.1938,0.0704,0.0238,63,B,WATCH,1.0,4.0,5.0,0.0,NO,,
2026-05-31,MANUAL,Sebastián Rivero,Los Angeles Angels,Shane McClanahan,BetMGM,436,0.2101,0.0709,0.0235,69,B,WATCH,2.0,5.0,4.0,0.0,NO,,
2026-05-31,MANUAL,Brandon Marsh,Philadelphia Phillies,Yoshinobu Yamamoto,FanDuel,610,0.1643,0.0706,0.0235,46,C,WATCH,9.0,4.0,9.0,0.0,NO,,
2026-05-31,MANUAL,Zack Short,Detroit Tigers,Sean Burke,DraftKings,589,0.1685,0.0723,0.0233,46,C,WATCH,9.0,8.0,9.0,0.0,NO,,
2026-05-31,MANUAL,Sam Antonacci,Chicago White Sox,Keider Montero,DraftKings,484,0.1944,0.0706,0.0231,62,B,WATCH,1.0,3.0,5.0,0.0,NO,,
2026-05-31,MANUAL,Jazz Chisholm Jr.,New York Yankees,Jacob Lopez,FanDuel,389,0.2275,0.0727,0.023,72,B,WATCH,5.0,8.0,3.0,0.0,NO,,
2026-05-31,MANUAL,Ben Rice,New York Yankees,Jacob Lopez,DraftKings,370,0.2355,0.0727,0.0227,76,B,WATCH,3.0,6.0,2.0,0.0,NO,,
2026-05-31,MANUAL,Hao-Yu  Lee,Detroit Tigers,Sean Burke,DraftKings,421,0.2147,0.0718,0.0227,73,B,WATCH,4.0,5.0,1.0,0.0,NO,,
2026-05-31,MANUAL,Tyler Heineman,Toronto Blue Jays,Kyle Bradish,BetMGM,430,0.2112,0.0713,0.0225,69,B,WATCH,2.0,7.0,4.0,0.0,NO,,
2026-05-31,MANUAL,Orlando Arcia,Minnesota Twins,Braxton Ashcraft,DraftKings,587,0.1679,0.0714,0.0223,49,C,WATCH,7.0,3.0,7.0,0.0,NO,,
2026-05-31,MANUAL,Chase Meidroth,Chicago White Sox,Keider Montero,BetMGM,425,0.2124,0.0706,0.0219,71,B,WATCH,3.0,4.0,2.0,0.0,NO,,
2026-05-31,MANUAL,Rikuu Nishida,Chicago White Sox,Keider Montero,BetMGM,632,0.1584,0.0706,0.0218,43,C,WATCH,9.0,4.0,8.0,0.0,NO,,
2026-05-31,MANUAL,Jake McCarthy,Colorado Rockies,Robbie Ray,FanDuel,495,0.1897,0.072,0.0216,57,B,WATCH,7.0,9.0,7.0,0.0,NO,,
2026-05-31,MANUAL,Andrew Vaughn,Milwaukee Brewers,Tatsuya Imai,DraftKings,378,0.2306,0.0714,0.0214,79,B,WATCH,4.0,3.0,1.0,0.0,NO,,
2026-05-31,MANUAL,Ty France,San Diego Padres,Zack Littell,BetMGM,382,0.2288,0.0709,0.0214,78,B,WATCH,4.0,7.0,1.0,0.0,NO,,
2026-05-31,MANUAL,Junior Caminero,Tampa Bay Rays,Jack Kochanowicz,DraftKings,421,0.2133,0.0714,0.0214,73,B,WATCH,4.0,2.0,1.0,0.0,NO,,
2026-05-31,MANUAL,Mark Vientos,New York Mets,Janson Junk,DraftKings,419,0.2138,0.0709,0.0211,70,B,WATCH,5.0,5.0,3.0,0.0,NO,,
2026-05-31,MANUAL,Rhys Hoskins,Cleveland Guardians,Ranger Suarez,BetMGM,380,0.2288,0.0709,0.0205,76,B,WATCH,4.0,5.0,1.0,0.0,NO,,
2026-05-31,MANUAL,Nathaniel Lowe,Cincinnati Reds,Spencer Strider,FanDuel,451,0.2019,0.0701,0.0205,65,B,WATCH,6.0,7.0,6.0,0.0,NO,,
2026-05-31,MANUAL,Nathan Lukes,Toronto Blue Jays,Kyle Bradish,BetMGM,473,0.195,0.0709,0.0205,62,B,WATCH,1.0,6.0,5.0,0.0,NO,,
2026-05-31,MANUAL,Drew Romo,Chicago White Sox,Keider Montero,DraftKings,474,0.1944,0.0706,0.0202,62,B,WATCH,1.0,5.0,5.0,0.0,NO,,
2026-05-31,MANUAL,Nick Allen,Houston Astros,Jacob Misiorowski,BetMGM,620,0.1591,0.0714,0.0202,44,C,WATCH,8.0,3.0,8.0,0.0,NO,,
2026-05-31,MANUAL,Zach Neto,Los Angeles Angels,Shane McClanahan,BetMGM,481,0.1922,0.0726,0.0201,63,B,WATCH,1.0,4.0,5.0,0.0,NO,,
2026-05-31,MANUAL,Brandon Valenzuela,Toronto Blue Jays,Kyle Bradish,BetMGM,620,0.1589,0.0709,0.02,43,C,WATCH,9.0,5.0,9.0,0.0,NO,,
2026-05-31,MANUAL,Isaac Paredes,Houston Astros,Jacob Misiorowski,BetMGM,457,0.1993,0.0714,0.0198,63,B,WATCH,5.0,4.0,3.0,0.0,NO,,
2026-05-31,MANUAL,Christian Vázquez,Houston Astros,Jacob Misiorowski,FanDuel,646,0.1539,0.0714,0.0198,41,C,WATCH,9.0,5.0,9.0,0.0,NO,,
2026-05-31,MANUAL,Luis García Jr.,Washington Nationals,Griffin Canning,FanDuel,415,0.2138,0.0709,0.0197,70,B,WATCH,5.0,3.0,3.0,0.0,NO,,
2026-05-31,MANUAL,Jhonny Pereda,Seattle Mariners,Merrill Kelly,BetMGM,444,0.2031,0.0711,0.0193,65,B,WATCH,1.0,7.0,5.0,0.0,NO,,
2026-05-31,MANUAL,Nick Gonzales,Pittsburgh Pirates,Zebby Matthews,DraftKings,487,0.1897,0.0709,0.0193,60,B,WATCH,6.0,3.0,6.0,0.0,NO,,
2026-05-31,MANUAL,Daulton Varsho,Toronto Blue Jays,Kyle Bradish,FanDuel,416,0.213,0.0709,0.0192,71,B,WATCH,3.0,6.0,2.0,0.0,NO,,
2026-05-31,MANUAL,Keibert Ruiz,Washington Nationals,Griffin Canning,BetMGM,424,0.2101,0.0709,0.0192,68,B,WATCH,2.0,4.0,4.0,0.0,NO,,
2026-05-31,MANUAL,Ozzie Albies,Atlanta Braves,Nick Lodolo,BetMGM,360,0.2364,0.0706,0.019,79,B,WATCH,4.0,6.0,1.0,0.0,NO,,
2026-05-31,MANUAL,Logan O'Hoppe,Los Angeles Angels,Shane McClanahan,DraftKings,448,0.2008,0.0703,0.0183,74,B,WATCH,1.0,6.0,5.0,0.0,NO,,
2026-05-31,MANUAL,Chandler Simpson,Tampa Bay Rays,Jack Kochanowicz,BetMGM,452,0.1993,0.0714,0.0182,65,B,WATCH,5.0,3.0,3.0,0.0,NO,,
2026-05-31,MANUAL,Hayden Senger,New York Mets,Janson Junk,BetMGM,442,0.2026,0.0709,0.0181,64,B,WATCH,1.0,6.0,5.0,0.0,NO,,
2026-05-31,MANUAL,Gunnar Henderson,Baltimore Orioles,Spencer Miles,BetMGM,459,0.197,0.0718,0.0181,63,B,WATCH,2.0,5.0,4.0,0.0,NO,,
2026-05-31,MANUAL,Bryce Harper,Philadelphia Phillies,Yoshinobu Yamamoto,FanDuel,370,0.2308,0.0715,0.018,99,B,WATCH,4.0,5.0,1.0,0.0,NO,,
2026-05-31,MANUAL,Alex Call,Los Angeles Dodgers,Andrew Painter,DraftKings,612,0.1584,0.0706,0.018,44,C,WATCH,9.0,5.0,8.0,0.0,NO,,
2026-05-31,MANUAL,Riley Greene,Detroit Tigers,Sean Burke,BetMGM,447,0.2006,0.0718,0.0178,63,B,WATCH,5.0,3.0,3.0,0.0,NO,,
2026-05-31,MANUAL,Mookie Betts,Los Angeles Dodgers,Andrew Painter,BetMGM,543,0.1732,0.0719,0.0177,68,B,WATCH,8.0,6.0,6.0,0.0,NO,,
2026-05-31,MANUAL,Garrett Mitchell,Milwaukee Brewers,Tatsuya Imai,FanDuel,415,0.2117,0.0714,0.0175,69,B,WATCH,2.0,4.0,4.0,0.0,NO,,
2026-05-31,MANUAL,Ezequiel Tovar,Colorado Rockies,Robbie Ray,BetMGM,539,0.1737,0.0719,0.0172,49,C,WATCH,9.0,6.0,9.0,0.0,NO,,
2026-05-31,MANUAL,Elly De La Cruz,Cincinnati Reds,Spencer Strider,FanDuel,404,0.2154,0.0701,0.017,71,B,WATCH,2.0,8.0,4.0,0.0,NO,,
2026-05-31,MANUAL,Yandy Díaz,Tampa Bay Rays,Jack Kochanowicz,DraftKings,482,0.1889,0.0714,0.017,59,B,WATCH,1.0,4.0,5.0,0.0,NO,,
2026-05-31,MANUAL,Jarren Duran,Boston Red Sox,Tanner Bibee,BetMGM,443,0.2011,0.0704,0.0169,65,B,WATCH,1.0,4.0,5.0,0.0,NO,,
2026-05-31,MANUAL,Wenceel Pérez,Detroit Tigers,Sean Burke,BetMGM,557,0.1689,0.0718,0.0167,48,C,WATCH,7.0,4.0,7.0,0.0,NO,,
2026-05-31,MANUAL,Jonathan Aranda,Tampa Bay Rays,Jack Kochanowicz,DraftKings,458,0.1959,0.0714,0.0166,63,B,WATCH,2.0,5.0,4.0,0.0,NO,,
2026-05-31,MANUAL,Nicky Lopez,Texas Rangers,Michael Wacha,FanDuel,568,0.1663,0.0717,0.0166,46,C,WATCH,8.0,7.0,8.0,0.0,NO,,
2026-05-31,MANUAL,Gunnar Henderson,Baltimore Orioles,Spencer Miles,DraftKings,446,0.1992,0.0726,0.0161,63,B,WATCH,2.0,6.0,4.0,0.0,NO,,
2026-05-31,MANUAL,Kyle Manzardo,Cleveland Guardians,Ranger Suarez,BetMGM,491,0.1853,0.072,0.0161,56,B,WATCH,6.0,5.0,6.0,0.0,NO,,
2026-05-31,MANUAL,Bo Bichette,New York Mets,John King,DraftKings,415,0.2101,0.0709,0.0159,68,B,WATCH,2.0,6.0,4.0,0.0,NO,,
2026-05-31,MANUAL,Willy Adames,San Francisco Giants,Tanner Gordon,BetMGM,516,0.1783,0.0702,0.0159,54,C,WATCH,7.0,5.0,7.0,0.0,NO,,
2026-05-31,MANUAL,Thomas Saggese,St. Louis Cardinals,Jordan Wicks,DraftKings,516,0.178,0.0713,0.0156,52,C,WATCH,8.0,6.0,7.0,0.0,NO,,
2026-05-31,MANUAL,Xander Bogaerts,San Diego Padres,Zack Littell,FanDuel,357,0.2342,0.07,0.0154,81,B,WATCH,4.0,5.0,1.0,0.0,NO,,
2026-05-31,MANUAL,Ty France,San Diego Padres,Zack Littell,FanDuel,437,0.2016,0.07,0.0154,65,B,WATCH,6.0,6.0,6.0,0.0,NO,,
2026-05-31,MANUAL,Rafael Marchán,Philadelphia Phillies,Yoshinobu Yamamoto,BetMGM,409,0.2118,0.0704,0.0153,70,B,WATCH,3.0,6.0,2.0,0.0,NO,,
2026-05-31,MANUAL,Spencer Horwitz,Pittsburgh Pirates,Zebby Matthews,BetMGM,405,0.2132,0.0709,0.0152,72,B,WATCH,3.0,4.0,2.0,0.0,NO,,
2026-05-31,MANUAL,Colson Montgomery,Chicago White Sox,Keider Montero,DraftKings,388,0.2196,0.0706,0.0147,77,B,WATCH,4.0,5.0,1.0,0.0,NO,,
2026-05-31,MANUAL,José Ramírez,Cleveland Guardians,Ranger Suarez,BetMGM,446,0.1977,0.072,0.0145,62,B,WATCH,2.0,6.0,4.0,0.0,NO,,
2026-05-31,MANUAL,Wilyer Abreu,Boston Red Sox,Tanner Bibee,BetMGM,387,0.2197,0.0704,0.0144,74,B,WATCH,3.0,5.0,2.0,0.0,NO,,
2026-05-31,MANUAL,Daniel Schneemann,Cleveland Guardians,Ranger Suarez,BetMGM,563,0.1651,0.0709,0.0142,45,C,WATCH,9.0,6.0,9.0,0.0,NO,,
2026-05-31,MANUAL,Freddie Freeman,Los Angeles Dodgers,Andrew Painter,BetMGM,384,0.2205,0.0706,0.0139,73,B,WATCH,3.0,4.0,2.0,0.0,NO,,
2026-05-31,MANUAL,Blaze Alexander,Baltimore Orioles,Spencer Miles,FanDuel,584,0.1601,0.0718,0.0139,43,C,WATCH,8.0,6.0,8.0,0.0,NO,,
2026-05-31,MANUAL,Jake Meyers,Houston Astros,Jacob Misiorowski,FanDuel,549,0.1679,0.0714,0.0138,47,C,WATCH,7.0,6.0,7.0,0.0,NO,,
2026-05-31,MANUAL,Andrew Benintendi,Chicago White Sox,Keider Montero,DraftKings,403,0.2124,0.0706,0.0136,70,B,WATCH,3.0,6.0,2.0,0.0,NO,,
2026-05-31,MANUAL,Logan O'Hoppe,Los Angeles Angels,Shane McClanahan,BetMGM,592,0.1581,0.0709,0.0136,53,C,WATCH,8.0,4.0,8.0,0.0,NO,,
2026-05-31,MANUAL,Maikel Garcia,Kansas City Royals,Jack Leiter,BetMGM,503,0.1793,0.0706,0.0135,50,C,WATCH,7.0,5.0,7.0,0.0,NO,,
2026-05-31,MANUAL,Victor Scott II,St. Louis Cardinals,Jordan Wicks,DraftKings,530,0.1721,0.0713,0.0134,49,C,WATCH,9.0,7.0,8.0,0.0,NO,,
2026-05-31,MANUAL,Henry Davis,Pittsburgh Pirates,Zebby Matthews,FanDuel,429,0.2024,0.0709,0.0133,66,B,WATCH,2.0,5.0,4.0,0.0,NO,,
2026-05-31,MANUAL,Garrett Stubbs,Philadelphia Phillies,Yoshinobu Yamamoto,FanDuel,454,0.1938,0.0704,0.0133,62,B,WATCH,1.0,4.0,5.0,0.0,NO,,
2026-05-31,MANUAL,Josh Jung,Texas Rangers,Michael Wacha,FanDuel,517,0.1751,0.0716,0.013,50,C,WATCH,7.0,8.0,7.0,0.0,NO,,
2026-05-31,MANUAL,Tim Tawa,Arizona Diamondbacks,Bryce Miller,FanDuel,533,0.1709,0.0699,0.0129,50,C,WATCH,7.0,6.0,7.0,0.0,NO,,
2026-05-31,MANUAL,Yohendrick Piñango,Toronto Blue Jays,Kyle Bradish,FanDuel,530,0.1716,0.0713,0.0129,48,C,WATCH,8.0,8.0,8.0,0.0,NO,,
2026-05-31,MANUAL,Braden Shewmake,Houston Astros,Jacob Misiorowski,BetMGM,436,0.1993,0.0714,0.0128,64,B,WATCH,5.0,5.0,3.0,0.0,NO,,
2026-05-31,MANUAL,Joc Pederson,Texas Rangers,Michael Wacha,FanDuel,442,0.1973,0.0717,0.0128,61,B,WATCH,1.0,8.0,5.0,0.0,NO,,
2026-05-31,MANUAL,Carson Benge,New York Mets,John King,FanDuel,426,0.2026,0.0709,0.0125,64,B,WATCH,1.0,7.0,5.0,0.0,NO,,
2026-05-31,MANUAL,Nolan Arenado,Arizona Diamondbacks,Bryce Miller,DraftKings,425,0.2029,0.0699,0.0124,64,B,WATCH,5.0,4.0,3.0,0.0,NO,,
2026-05-31,MANUAL,Trea Turner,Philadelphia Phillies,Yoshinobu Yamamoto,DraftKings,562,0.1633,0.0704,0.0123,46,C,WATCH,8.0,7.0,8.0,0.0,NO,,
2026-05-31,MANUAL,Trevor Larnach,Minnesota Twins,Braxton Ashcraft,BetMGM,606,0.1539,0.0714,0.0122,40,C,WATCH,9.0,5.0,9.0,0.0,NO,,
2026-05-31,MANUAL,Ildemaro Vargas,Arizona Diamondbacks,Bryce Miller,DraftKings,405,0.21,0.0699,0.012,70,B,WATCH,3.0,5.0,2.0,0.0,NO,,
2026-05-31,MANUAL,Luis Rengifo,Milwaukee Brewers,Tatsuya Imai,BetMGM,385,0.218,0.0723,0.0119,66,C,WATCH,5.0,6.0,3.0,0.0,NO,,
2026-05-31,MANUAL,Pete Crow-Armstrong,Chicago Cubs,Matthew Liberatore,DraftKings,553,0.1651,0.0709,0.0119,45,C,WATCH,9.0,7.0,9.0,0.0,NO,,
2026-05-31,MANUAL,Austin Hedges,Cleveland Guardians,Ranger Suarez,FanDuel,572,0.1606,0.072,0.0118,42,C,WATCH,8.0,5.0,7.0,0.0,NO,,
2026-05-31,MANUAL,Alex Jackson,Minnesota Twins,Braxton Ashcraft,BetMGM,464,0.1889,0.0714,0.0116,58,B,WATCH,1.0,4.0,5.0,0.0,NO,,
2026-05-31,MANUAL,Jorge Mateo,Atlanta Braves,Nick Lodolo,BetMGM,473,0.186,0.0706,0.0115,55,B,WATCH,7.0,7.0,7.0,0.0,NO,,
2026-05-31,MANUAL,Jackson Holliday,Baltimore Orioles,Spencer Miles,FanDuel,598,0.1548,0.0718,0.0115,38,D,WATCH,9.0,7.0,9.0,0.0,NO,,
2026-05-31,MANUAL,Patrick Wisdom,Seattle Mariners,Merrill Kelly,DraftKings,437,0.1975,0.0711,0.0113,62,B,WATCH,6.0,5.0,6.0,0.0,NO,,
2026-05-31,MANUAL,Jake Bauers,Milwaukee Brewers,Tatsuya Imai,FanDuel,389,0.2155,0.0714,0.011,70,B,WATCH,5.0,5.0,3.0,0.0,NO,,
2026-05-31,MANUAL,Willi Castro,Colorado Rockies,Robbie Ray,FanDuel,460,0.1895,0.0719,0.0109,55,B,WATCH,7.0,7.0,7.0,0.0,NO,,
2026-05-31,MANUAL,Bryan Reynolds,Pittsburgh Pirates,Zebby Matthews,BetMGM,551,0.1644,0.0709,0.0108,46,C,WATCH,8.0,8.0,8.0,0.0,NO,,
2026-05-31,MANUAL,Cole Young,Seattle Mariners,Merrill Kelly,FanDuel,356,0.2295,0.0711,0.0102,75,B,WATCH,4.0,6.0,1.0,0.0,NO,,
2026-05-31,MANUAL,Jarren Duran,Boston Red Sox,Tanner Bibee,FanDuel,423,0.2011,0.0704,0.0099,64,B,WATCH,1.0,7.0,5.0,0.0,NO,,
2026-05-31,MANUAL,Javier Sanoja,Miami Marlins,Nolan McLean,BetMGM,457,0.1894,0.0708,0.0098,58,B,WATCH,6.0,6.0,6.0,0.0,NO,,
2026-05-31,MANUAL,Henry Bolte,Athletics,Will Warren,BetMGM,575,0.1579,0.0704,0.0098,42,C,WATCH,9.0,8.0,9.0,0.0,NO,,
2026-05-31,MANUAL,Zach Neto,Los Angeles Angels,Shane McClanahan,DraftKings,448,0.1922,0.0726,0.0097,62,B,WATCH,1.0,5.0,5.0,0.0,NO,,
2026-05-31,MANUAL,Jorbit Vivas,Washington Nationals,Griffin Canning,FanDuel,486,0.1801,0.0709,0.0094,52,C,WATCH,7.0,5.0,7.0,0.0,NO,,
2026-05-31,MANUAL,Drew Gilbert,San Francisco Giants,Tanner Gordon,BetMGM,548,0.1634,0.0702,0.0091,45,C,WATCH,9.0,6.0,9.0,0.0,NO,,
2026-05-31,MANUAL,Trevor Larnach,Minnesota Twins,Braxton Ashcraft,DraftKings,590,0.1539,0.0714,0.009,39,D,WATCH,9.0,5.0,9.0,0.0,NO,,
2026-05-31,MANUAL,Blake Perkins,Milwaukee Brewers,Tatsuya Imai,BetMGM,534,0.1664,0.0714,0.0086,45,C,WATCH,9.0,7.0,9.0,0.0,NO,,
2026-05-31,MANUAL,Hunter Feduccia,Tampa Bay Rays,Jack Kochanowicz,DraftKings,563,0.1591,0.0714,0.0083,42,C,WATCH,8.0,6.0,7.0,0.0,NO,,
2026-05-31,MANUAL,Matt Olson,Atlanta Braves,Nick Lodolo,BetMGM,369,0.2213,0.0709,0.0081,72,B,WATCH,3.0,5.0,2.0,0.0,NO,,
2026-05-31,MANUAL,Adam Frazier,Los Angeles Angels,Shane McClanahan,DraftKings,369,0.2213,0.0709,0.0081,72,B,WATCH,3.0,7.0,2.0,0.0,NO,,
2026-05-31,MANUAL,Gage Workman,Detroit Tigers,Sean Burke,BetMGM,522,0.1689,0.0718,0.0081,47,C,WATCH,7.0,6.0,7.0,0.0,NO,,
2026-05-31,MANUAL,Victor Caratini,Minnesota Twins,Braxton Ashcraft,FanDuel,432,0.1959,0.0714,0.0079,62,B,WATCH,2.0,6.0,4.0,0.0,NO,,
2026-05-31,MANUAL,Drew Romo,Chicago White Sox,Keider Montero,BetMGM,540,0.1638,0.0706,0.0075,44,C,WATCH,8.0,7.0,7.0,0.0,NO,,
2026-05-31,MANUAL,Pete Crow-Armstrong,Chicago Cubs,Matthew Liberatore,FanDuel,521,0.1677,0.072,0.0066,45,C,WATCH,9.0,9.0,9.0,0.0,NO,,
2026-05-31,MANUAL,Taylor Ward,Baltimore Orioles,Spencer Miles,DraftKings,441,0.1905,0.072,0.0057,65,B,WATCH,1.0,8.0,5.0,0.0,NO,,
2026-05-31,MANUAL,J.T. Realmuto,Philadelphia Phillies,Yoshinobu Yamamoto,BetMGM,412,0.201,0.0704,0.0057,65,B,WATCH,2.0,8.0,4.0,0.0,NO,,
2026-05-31,MANUAL,Oliver Dunn,Tampa Bay Rays,Jack Kochanowicz,DraftKings,473,0.1801,0.0709,0.0055,51,C,WATCH,7.0,6.0,7.0,0.0,NO,,
2026-05-31,MANUAL,Ha-Seong Kim,Atlanta Braves,Nick Lodolo,BetMGM,484,0.1763,0.0706,0.0051,50,C,WATCH,8.0,8.0,8.0,0.0,NO,,
2026-05-31,MANUAL,Randy Arozarena,Seattle Mariners,Merrill Kelly,BetMGM,502,0.1712,0.0711,0.005,48,C,WATCH,8.0,8.0,8.0,0.0,NO,,
2026-05-31,MANUAL,Kyle Isbel,Kansas City Royals,Jack Leiter,BetMGM,525,0.1644,0.0706,0.0044,44,C,WATCH,9.0,8.0,9.0,0.0,NO,,
2026-05-31,MANUAL,Vidal Bruján,New York Mets,Janson Junk,BetMGM,522,0.1651,0.0709,0.0043,44,C,WATCH,9.0,7.0,9.0,0.0,NO,,
2026-05-31,MANUAL,Tyler Soderstrom,Athletics,Will Warren,FanDuel,528,0.1633,0.0704,0.0041,44,C,WATCH,8.0,7.0,8.0,0.0,NO,,
2026-05-31,MANUAL,Randy Arozarena,Seattle Mariners,Merrill Kelly,DraftKings,500,0.1707,0.0709,0.004,47,C,WATCH,8.0,8.0,8.0,0.0,NO,,
2026-05-31,MANUAL,José Ramírez,Cleveland Guardians,Ranger Suarez,DraftKings,416,0.1977,0.072,0.0039,61,B,WATCH,2.0,6.0,4.0,0.0,NO,,
2026-05-31,MANUAL,Carter Jensen,Kansas City Royals,Jack Leiter,DraftKings,403,0.2026,0.0709,0.0038,62,B,WATCH,1.0,5.0,5.0,0.0,NO,,
2026-05-31,MANUAL,Edgar Quero,Chicago White Sox,Keider Montero,FanDuel,384,0.2101,0.0709,0.0035,66,B,WATCH,2.0,5.0,4.0,0.0,NO,,
2026-05-31,MANUAL,Tristan Peters,Chicago White Sox,Keider Montero,DraftKings,545,0.1584,0.0706,0.0033,41,C,WATCH,9.0,7.0,8.0,0.0,NO,,
2026-05-31,MANUAL,Dansby Swanson,Chicago Cubs,Matthew Liberatore,BetMGM,456,0.1829,0.072,0.003,52,C,WATCH,7.0,7.0,7.0,0.0,NO,,
2026-05-31,MANUAL,Caleb Durbin,Boston Red Sox,Tanner Bibee,DraftKings,500,0.1695,0.0704,0.0028,47,C,WATCH,8.0,8.0,8.0,0.0,NO,,
2026-05-31,MANUAL,Oswald Peraza,Los Angeles Angels,Shane McClanahan,FanDuel,447,0.1853,0.072,0.0025,54,C,WATCH,6.0,5.0,6.0,0.0,NO,,
2026-05-31,MANUAL,Andrew Vaughn,Milwaukee Brewers,Tatsuya Imai,FanDuel,379,0.2111,0.0712,0.0023,66,B,WATCH,2.0,7.0,3.0,0.0,NO,,
2026-05-31,MANUAL,Trea Turner,Philadelphia Phillies,Yoshinobu Yamamoto,BetMGM,521,0.1633,0.0704,0.0023,45,C,WATCH,8.0,5.0,8.0,0.0,NO,,
2026-05-31,MANUAL,Gabriel Moreno,Arizona Diamondbacks,Bryce Miller,FanDuel,407,0.1993,0.0699,0.0021,63,B,WATCH,2.0,7.0,4.0,0.0,NO,,
2026-05-31,MANUAL,Blaze Alexander,Baltimore Orioles,Spencer Miles,DraftKings,526,0.1619,0.0726,0.0021,42,C,WATCH,8.0,8.0,8.0,0.0,NO,,
2026-05-31,MANUAL,Kyle Manzardo,Cleveland Guardians,Ranger Suarez,FanDuel,356,0.2213,0.0709,0.002,72,B,WATCH,3.0,8.0,2.0,0.0,NO,,
2026-05-31,MANUAL,Matt Olson,Atlanta Braves,Nick Lodolo,DraftKings,341,0.2286,0.0706,0.0019,75,B,WATCH,3.0,9.0,2.0,0.0,NO,,
2026-05-31,MANUAL,Jeremy Peña,Houston Astros,Jacob Misiorowski,BetMGM,435,0.1889,0.0714,0.0019,57,B,WATCH,1.0,7.0,5.0,0.0,NO,,
2026-05-31,MANUAL,Randy Arozarena,Seattle Mariners,Merrill Kelly,FanDuel,490,0.1712,0.0711,0.0017,47,C,WATCH,8.0,7.0,8.0,0.0,NO,,
2026-05-31,MANUAL,Luke Keaschall,Minnesota Twins,Braxton Ashcraft,BetMGM,372,0.2133,0.0714,0.0015,70,B,WATCH,4.0,6.0,1.0,0.0,NO,,
2026-05-31,MANUAL,Jared Triolo,Pittsburgh Pirates,Zebby Matthews,BetMGM,389,0.206,0.0709,0.0015,66,B,WATCH,5.0,6.0,3.0,0.0,NO,,
2026-05-31,MANUAL,Bo Bichette,New York Mets,John King,BetMGM,460,0.1801,0.0709,0.0015,51,C,WATCH,7.0,7.0,7.0,0.0,NO,,
2026-05-31,MANUAL,Dane Myers,Cincinnati Reds,Spencer Strider,BetMGM,493,0.1701,0.0707,0.0015,46,C,WATCH,8.0,8.0,8.0,0.0,NO,,
2026-05-31,MANUAL,Nick Allen,Houston Astros,Jacob Misiorowski,DraftKings,459,0.1801,0.0709,0.0012,51,C,WATCH,7.0,8.0,7.0,0.0,NO,,
2026-05-31,MANUAL,Julio Rodríguez,Seattle Mariners,Merrill Kelly,FanDuel,507,0.1655,0.0711,0.0008,44,C,WATCH,9.0,9.0,9.0,0.0,NO,,
2026-05-31,MANUAL,Jac Caglianone,Kansas City Royals,Jack Leiter,DraftKings,371,0.2129,0.0706,0.0006,68,B,WATCH,5.0,9.0,3.0,0.0,NO,,
2026-05-31,MANUAL,Austin Martin,Minnesota Twins,Braxton Ashcraft,BetMGM,488,0.1707,0.0709,0.0006,46,C,WATCH,8.0,8.0,8.0,0.0,NO,,
2026-05-31,MANUAL,Will Smith,Los Angeles Dodgers,Andrew Painter,BetMGM,397,0.2016,0.0706,0.0004,64,B,WATCH,2.0,7.0,4.0,0.0,NO,,
2026-05-31,MANUAL,Patrick Wisdom,Seattle Mariners,Merrill Kelly,FanDuel,408,0.1969,0.0709,0.0001,59,B,WATCH,6.0,9.0,6.0,0.0,NO,,
2026-05-31,MANUAL,Austin Wells,New York Yankees,Jacob Lopez,FanDuel,364,0.2155,0.0727,-0.0,66,B,WATCH,1.0,7.0,5.0,0.0,NO,,
2026-05-31,MANUAL,Joey Ortiz,Milwaukee Brewers,Tatsuya Imai,BetMGM,449,0.1815,0.0714,-0.0007,52,C,WATCH,7.0,8.0,7.0,0.0,NO,,
2026-05-31,MANUAL,Weston Wilson,Baltimore Orioles,Spencer Miles,DraftKings,481,0.1714,0.0712,-0.0007,46,C,WATCH,8.0,7.0,8.0,0.0,NO,,
2026-05-31,MANUAL,Alex Call,Los Angeles Dodgers,Andrew Painter,BetMGM,504,0.1645,0.0706,-0.0011,43,C,WATCH,9.0,6.0,8.0,0.0,NO,,
2026-05-31,MANUAL,Luis Arraez,San Francisco Giants,Tanner Gordon,DraftKings,365,0.2138,0.0709,-0.0012,66,C,WATCH,5.0,8.0,3.0,0.0,NO,,
2026-05-31,MANUAL,Zach Dezenzo,Houston Astros,Jacob Misiorowski,FanDuel,522,0.1591,0.0714,-0.0016,41,C,WATCH,8.0,6.0,8.0,0.0,NO,,
2026-05-31,MANUAL,Orlando Arcia,Minnesota Twins,Braxton Ashcraft,BetMGM,449,0.1801,0.0709,-0.0021,51,C,WATCH,7.0,9.0,7.0,0.0,NO,,
2026-05-31,MANUAL,Taylor Trammell,Houston Astros,Jacob Misiorowski,FanDuel,363,0.2133,0.0714,-0.0026,70,C,WATCH,4.0,8.0,1.0,0.0,NO,,
2026-05-31,MANUAL,Pete Alonso,Baltimore Orioles,Spencer Miles,BetMGM,359,0.2146,0.0718,-0.0033,70,C,WATCH,4.0,9.0,1.0,0.0,NO,,
2026-05-31,MANUAL,Cedric Mullins,Tampa Bay Rays,Jack Kochanowicz,BetMGM,484,0.1679,0.0714,-0.0034,45,C,WATCH,7.0,7.0,6.0,0.0,NO,,
2026-05-31,MANUAL,Vaughn Grissom,Los Angeles Angels,Shane McClanahan,FanDuel,372,0.2083,0.072,-0.0036,66,C,WATCH,3.0,7.0,2.0,0.0,NO,,
2026-05-31,MANUAL,Freddy Fermin,San Diego Padres,Zack Littell,BetMGM,478,0.169,0.07,-0.004,47,C,WATCH,9.0,7.0,9.0,0.0,NO,,
2026-05-31,MANUAL,Christian Yelich,Milwaukee Brewers,Tatsuya Imai,FanDuel,380,0.2042,0.0714,-0.0042,63,C,WATCH,1.0,6.0,5.0,0.0,NO,,
2026-05-31,MANUAL,Luis Arraez,San Francisco Giants,Tanner Gordon,BetMGM,363,0.2117,0.0702,-0.0043,66,C,WATCH,5.0,7.0,3.0,0.0,NO,,
2026-05-31,MANUAL,Drew Millas,Washington Nationals,Griffin Canning,FanDuel,383,0.2026,0.0709,-0.0045,62,C,WATCH,1.0,7.0,5.0,0.0,NO,,
2026-05-31,MANUAL,Mickey Gasper,Boston Red Sox,Tanner Bibee,FanDuel,369,0.2086,0.0704,-0.0047,66,C,WATCH,2.0,6.0,4.0,0.0,NO,,
2026-05-31,MANUAL,Ryan McMahon,New York Yankees,Jacob Lopez,FanDuel,394,0.1978,0.0712,-0.0047,59,C,WATCH,6.0,8.0,6.0,0.0,NO,,
2026-05-31,MANUAL,Ryan Waldschmidt,Arizona Diamondbacks,Bryce Miller,BetMGM,519,0.1566,0.0699,-0.0049,40,C,WATCH,9.0,8.0,9.0,0.0,NO,,
2026-05-31,MANUAL,Brett Baty,New York Mets,Janson Junk,DraftKings,469,0.1707,0.0709,-0.0051,45,C,WATCH,8.0,8.0,8.0,0.0,NO,,
2026-05-31,MANUAL,Matt Chapman,San Francisco Giants,Tanner Gordon,BetMGM,399,0.195,0.0702,-0.0054,59,C,WATCH,6.0,8.0,6.0,0.0,NO,,
2026-05-31,MANUAL,Vaughn Grissom,Los Angeles Angels,Shane McClanahan,BetMGM,367,0.2083,0.072,-0.0059,65,C,WATCH,3.0,6.0,2.0,0.0,NO,,
2026-05-31,MANUAL,José Tena,Washington Nationals,Griffin Canning,BetMGM,415,0.1883,0.0715,-0.0059,53,C,WATCH,7.0,9.0,7.0,0.0,NO,,
2026-05-31,MANUAL,Marcelo Mayer,Boston Red Sox,Tanner Bibee,DraftKings,441,0.1788,0.0704,-0.0061,51,C,WATCH,7.0,7.0,7.0,0.0,NO,,
2026-05-31,MANUAL,Bryce Harper,Philadelphia Phillies,Yoshinobu Yamamoto,DraftKings,322,0.2308,0.0715,-0.0062,99,C,WATCH,4.0,6.0,1.0,0.0,NO,,
2026-05-31,MANUAL,Marcus Semien,New York Mets,Janson Junk,DraftKings,392,0.1969,0.0709,-0.0063,58,C,WATCH,6.0,9.0,6.0,0.0,NO,,
2026-05-31,MANUAL,Jo Adell,Los Angeles Angels,Shane McClanahan,DraftKings,382,0.2008,0.0719,-0.0067,78,C,WATCH,5.0,7.0,3.0,0.0,NO,,
2026-05-31,MANUAL,Luisangel Acuña,Chicago White Sox,Keider Montero,DraftKings,463,0.1707,0.0709,-0.0069,45,C,WATCH,8.0,6.0,7.0,0.0,NO,,
2026-05-31,MANUAL,Tyler Soderstrom,Athletics,Will Warren,DraftKings,487,0.1633,0.0704,-0.007,43,C,WATCH,8.0,9.0,8.0,0.0,NO,,
2026-05-31,MANUAL,Nick Madrigal,Los Angeles Angels,Shane McClanahan,DraftKings,516,0.1553,0.072,-0.007,37,D,WATCH,9.0,8.0,9.0,0.0,NO,,
2026-05-31,MANUAL,Julio Rodríguez,Seattle Mariners,Merrill Kelly,BetMGM,479,0.1655,0.0711,-0.0072,43,C,WATCH,9.0,8.0,9.0,0.0,NO,,
2026-05-31,MANUAL,Spencer Torkelson,Detroit Tigers,Sean Burke,BetMGM,363,0.2076,0.0718,-0.0084,65,C,WATCH,3.0,5.0,2.0,0.0,NO,,
2026-05-31,MANUAL,Matt Chapman,San Francisco Giants,Tanner Gordon,DraftKings,391,0.195,0.0702,-0.0087,59,C,WATCH,6.0,7.0,6.0,0.0,NO,,
2026-05-31,MANUAL,Jorge Barrosa,Arizona Diamondbacks,Bryce Miller,BetMGM,486,0.162,0.0699,-0.0087,42,C,WATCH,8.0,6.0,8.0,0.0,NO,,
2026-05-31,MANUAL,Vladimir Guerrero Jr.,Toronto Blue Jays,Kyle Bradish,DraftKings,374,0.2022,0.0709,-0.0088,62,C,WATCH,2.0,7.0,4.0,0.0,NO,,
2026-05-31,MANUAL,Maikel Garcia,Kansas City Royals,Jack Leiter,DraftKings,429,0.1801,0.0709,-0.009,48,C,WATCH,7.0,7.0,7.0,0.0,NO,,
2026-05-31,MANUAL,Taylor Walls,Tampa Bay Rays,Jack Kochanowicz,FanDuel,514,0.1539,0.0714,-0.009,37,D,WATCH,9.0,8.0,8.0,0.0,NO,,
2026-05-31,MANUAL,Victor Caratini,Minnesota Twins,Braxton Ashcraft,DraftKings,386,0.1959,0.0714,-0.0099,60,C,WATCH,2.0,7.0,4.0,0.0,NO,,
2026-05-31,MANUAL,Austin Martin,Minnesota Twins,Braxton Ashcraft,FanDuel,491,0.1591,0.0714,-0.0101,40,C,WATCH,8.0,8.0,8.0,0.0,NO,,
2026-05-31,MANUAL,Christian Vázquez,Houston Astros,Jacob Misiorowski,BetMGM,402,0.1889,0.0714,-0.0103,56,C,WATCH,1.0,7.0,5.0,0.0,NO,,
2026-05-31,MANUAL,Ramón Laureano,San Diego Padres,Zack Littell,DraftKings,452,0.1707,0.0709,-0.0105,45,C,WATCH,8.0,9.0,8.0,0.0,NO,,
2026-05-31,MANUAL,Zach McKinstry,Detroit Tigers,Sean Burke,FanDuel,486,0.1601,0.0718,-0.0105,40,C,WATCH,8.0,6.0,8.0,0.0,NO,,
2026-05-31,MANUAL,Brice Matthews,Houston Astros,Jacob Misiorowski,FanDuel,508,0.1539,0.0714,-0.0106,37,D,WATCH,9.0,8.0,9.0,0.0,NO,,
2026-05-31,MANUAL,Luis Torrens,New York Mets,John King,DraftKings,469,0.1651,0.0709,-0.0107,42,C,WATCH,9.0,8.0,9.0,0.0,NO,,
2026-05-31,MANUAL,Chase Meidroth,Chicago White Sox,Keider Montero,DraftKings,363,0.2052,0.0706,-0.0108,64,C,WATCH,5.0,8.0,3.0,0.0,NO,,
2026-05-31,MANUAL,César Salazar,Houston Astros,Jacob Misiorowski,BetMGM,384,0.1959,0.0714,-0.0108,59,C,WATCH,2.0,9.0,4.0,0.0,NO,,
2026-05-31,MANUAL,Freddy Fermin,San Diego Padres,Zack Littell,FanDuel,456,0.169,0.07,-0.0109,46,C,WATCH,9.0,8.0,9.0,0.0,NO,,
2026-05-31,MANUAL,Nick Fortes,Tampa Bay Rays,Jack Kochanowicz,FanDuel,352,0.2101,0.0709,-0.0112,64,C,WATCH,2.0,7.0,4.0,0.0,NO,,
2026-05-31,MANUAL,J.P. Crawford,Seattle Mariners,Merrill Kelly,DraftKings,421,0.1806,0.0711,-0.0114,50,C,WATCH,7.0,9.0,7.0,0.0,NO,,
2026-05-31,MANUAL,Kyle Karros,Colorado Rockies,Robbie Ray,FanDuel,423,0.1796,0.0719,-0.0116,48,C,WATCH,8.0,9.0,8.0,0.0,NO,,
2026-05-31,MANUAL,Tim Tawa,Arizona Diamondbacks,Bryce Miller,DraftKings,448,0.1709,0.0699,-0.0116,47,C,WATCH,7.0,7.0,7.0,0.0,NO,,
2026-05-31,MANUAL,Jorbit Vivas,Washington Nationals,Griffin Canning,BetMGM,399,0.1883,0.0715,-0.0121,52,C,WATCH,7.0,8.0,7.0,0.0,NO,,
2026-05-31,MANUAL,Isiah Kiner-Falefa,Boston Red Sox,Tanner Bibee,DraftKings,380,0.1955,0.0704,-0.0128,59,C,WATCH,6.0,9.0,6.0,0.0,NO,,
2026-05-31,MANUAL,Ha-Seong Kim,Atlanta Braves,Nick Lodolo,DraftKings,428,0.1763,0.0706,-0.0131,48,C,WATCH,8.0,9.0,8.0,0.0,NO,,
2026-05-31,MANUAL,Hayden Senger,New York Mets,John King,BetMGM,363,0.2026,0.0709,-0.0134,60,C,WATCH,1.0,8.0,5.0,0.0,NO,,
2026-05-31,MANUAL,Carter Jensen,Kansas City Royals,Jack Leiter,FanDuel,364,0.2017,0.0706,-0.0138,60,C,WATCH,1.0,6.0,5.0,0.0,NO,,
2026-05-31,MANUAL,Jorge Barrosa,Arizona Diamondbacks,Bryce Miller,DraftKings,469,0.162,0.0699,-0.0138,42,C,WATCH,8.0,9.0,8.0,0.0,NO,,
2026-05-31,MANUAL,Travis Bazzana,Cleveland Guardians,Ranger Suarez,FanDuel,389,0.1906,0.072,-0.0139,55,C,WATCH,1.0,7.0,5.0,0.0,NO,,
2026-05-31,MANUAL,Bryson Stott,Philadelphia Phillies,Yoshinobu Yamamoto,DraftKings,357,0.2046,0.0704,-0.0142,62,C,WATCH,5.0,7.0,3.0,0.0,NO,,
2026-05-31,MANUAL,Miguel Rojas,Los Angeles Dodgers,Andrew Painter,FanDuel,416,0.1794,0.0706,-0.0144,49,C,WATCH,7.0,7.0,6.0,0.0,NO,,
2026-05-31,MANUAL,Zach Dezenzo,Houston Astros,Jacob Misiorowski,DraftKings,440,0.1707,0.0709,-0.0145,44,C,WATCH,8.0,9.0,8.0,0.0,NO,,
2026-05-31,MANUAL,Jake Mangum,Pittsburgh Pirates,Zebby Matthews,BetMGM,476,0.159,0.0709,-0.0146,40,C,WATCH,9.0,7.0,9.0,0.0,NO,,
2026-05-31,MANUAL,Ryan Waldschmidt,Arizona Diamondbacks,Bryce Miller,DraftKings,484,0.1566,0.0699,-0.0146,39,D,WATCH,9.0,8.0,9.0,0.0,NO,,
2026-05-31,MANUAL,Jose Siri,Los Angeles Angels,Shane McClanahan,BetMGM,442,0.1694,0.072,-0.0151,44,C,WATCH,7.0,9.0,7.0,0.0,NO,,
2026-05-31,MANUAL,Cedric Mullins,Tampa Bay Rays,Jack Kochanowicz,DraftKings,446,0.1679,0.0714,-0.0153,44,C,WATCH,7.0,7.0,6.0,0.0,NO,,
2026-05-31,MANUAL,Tyler Tolbert,Kansas City Royals,Jack Leiter,DraftKings,372,0.1961,0.0706,-0.0157,57,C,WATCH,6.0,7.0,6.0,0.0,NO,,
2026-05-31,MANUAL,Alec Bohm,Philadelphia Phillies,Yoshinobu Yamamoto,FanDuel,432,0.1723,0.0704,-0.0157,47,C,WATCH,7.0,8.0,7.0,0.0,NO,,
2026-05-31,MANUAL,Isaac Collins,Kansas City Royals,Jack Leiter,FanDuel,451,0.1651,0.0709,-0.0164,41,C,WATCH,9.0,9.0,9.0,0.0,NO,,
2026-05-31,MANUAL,Brayan Rocchio,Cleveland Guardians,Ranger Suarez,BetMGM,482,0.1553,0.072,-0.0165,36,D,WATCH,9.0,8.0,8.0,0.0,NO,,
2026-05-31,MANUAL,Colt Keith,Detroit Tigers,Sean Burke,BetMGM,384,0.19,0.0718,-0.0166,55,C,WATCH,1.0,7.0,5.0,0.0,NO,,
2026-05-31,MANUAL,José Fermín,St. Louis Cardinals,Jordan Wicks,BetMGM,389,0.1878,0.0713,-0.0167,53,C,WATCH,7.0,8.0,6.0,0.0,NO,,
2026-05-31,MANUAL,Mike Yastrzemski,Atlanta Braves,Nick Lodolo,BetMGM,448,0.1651,0.0709,-0.0174,41,C,WATCH,9.0,7.0,9.0,0.0,NO,,
2026-05-31,MANUAL,Taylor Walls,Tampa Bay Rays,Jack Kochanowicz,DraftKings,431,0.1707,0.0709,-0.0176,44,C,WATCH,8.0,8.0,8.0,0.0,NO,,
2026-05-31,MANUAL,Mookie Betts,Los Angeles Dodgers,Andrew Painter,FanDuel,422,0.1732,0.0719,-0.0183,65,C,WATCH,8.0,8.0,7.0,0.0,NO,,
2026-05-31,MANUAL,Blake Perkins,Milwaukee Brewers,Tatsuya Imai,FanDuel,443,0.1659,0.0712,-0.0183,41,C,WATCH,9.0,8.0,9.0,0.0,NO,,
2026-05-31,MANUAL,Nick Madrigal,Los Angeles Angels,Shane McClanahan,FanDuel,476,0.1553,0.072,-0.0183,36,D,WATCH,9.0,8.0,9.0,0.0,NO,,
2026-05-31,MANUAL,Kyle Karros,Colorado Rockies,Robbie Ray,DraftKings,429,0.1702,0.0707,-0.0188,44,C,WATCH,8.0,8.0,8.0,0.0,NO,,
2026-05-31,MANUAL,Henry Bolte,Athletics,Will Warren,DraftKings,465,0.1579,0.0704,-0.019,38,D,WATCH,9.0,8.0,9.0,0.0,NO,,
2026-05-31,MANUAL,Dalton Rushing,Los Angeles Dodgers,Andrew Painter,BetMGM,368,0.1944,0.0706,-0.0193,58,C,WATCH,1.0,7.0,5.0,0.0,NO,,
2026-05-31,MANUAL,Miguel Rojas,Los Angeles Dodgers,Andrew Painter,BetMGM,420,0.1728,0.0706,-0.0195,47,C,WATCH,7.0,8.0,7.0,0.0,NO,,
2026-05-31,MANUAL,Brooks Lee,Minnesota Twins,Braxton Ashcraft,FanDuel,392,0.1836,0.0714,-0.0196,52,C,WATCH,6.0,7.0,6.0,0.0,NO,,
2026-05-31,MANUAL,David Hamilton,Milwaukee Brewers,Tatsuya Imai,DraftKings,421,0.172,0.0714,-0.0199,45,C,WATCH,8.0,7.0,7.0,0.0,NO,,
2026-05-31,MANUAL,Nick Castellanos,San Diego Padres,Zack Littell,DraftKings,389,0.1843,0.07,-0.0202,53,C,WATCH,7.0,9.0,7.0,0.0,NO,,
2026-05-31,MANUAL,Anthony Volpe,New York Yankees,Jacob Lopez,FanDuel,369,0.1916,0.0727,-0.0217,52,C,WATCH,7.0,8.0,7.0,0.0,NO,,
2026-05-31,MANUAL,Geraldo Perdomo,Arizona Diamondbacks,Bryce Miller,DraftKings,379,0.1869,0.0699,-0.0219,54,C,WATCH,6.0,9.0,6.0,0.0,NO,,
2026-05-31,MANUAL,Will Brennan,San Francisco Giants,Tanner Gordon,FanDuel,423,0.169,0.0702,-0.0222,44,C,WATCH,8.0,9.0,8.0,0.0,NO,,
2026-05-31,MANUAL,Sam Antonacci,Chicago White Sox,Keider Montero,FanDuel,394,0.1801,0.0709,-0.0224,48,C,WATCH,7.0,7.0,6.0,0.0,NO,,
2026-05-31,MANUAL,Nick Sogard,Boston Red Sox,Tanner Bibee,BetMGM,416,0.1712,0.0711,-0.0226,43,C,WATCH,8.0,8.0,8.0,0.0,NO,,
2026-05-31,MANUAL,Jackson Chourio,Milwaukee Brewers,Tatsuya Imai,FanDuel,414,0.1715,0.0712,-0.023,43,C,WATCH,8.0,9.0,8.0,0.0,NO,,
2026-05-31,MANUAL,Ian Happ,Chicago Cubs,Matthew Liberatore,DraftKings,415,0.1707,0.0709,-0.0235,43,C,WATCH,8.0,9.0,8.0,0.0,NO,,
2026-05-31,MANUAL,Matt Vierling,Detroit Tigers,Sean Burke,FanDuel,380,0.1848,0.0718,-0.0236,49,C,WATCH,6.0,8.0,6.0,0.0,NO,,
2026-05-31,MANUAL,Chandler Simpson,Tampa Bay Rays,Jack Kochanowicz,FanDuel,429,0.1651,0.0709,-0.024,40,C,WATCH,9.0,9.0,9.0,0.0,NO,,
2026-05-31,MANUAL,Zack Short,Detroit Tigers,Sean Burke,FanDuel,459,0.1548,0.0718,-0.024,36,D,WATCH,9.0,7.0,9.0,0.0,NO,,
2026-05-31,MANUAL,Daylen Lile,Washington Nationals,Griffin Canning,DraftKings,406,0.1726,0.0715,-0.025,43,C,WATCH,9.0,9.0,9.0,0.0,NO,,
2026-05-31,MANUAL,Jose Siri,Los Angeles Angels,Shane McClanahan,DraftKings,414,0.1694,0.072,-0.0251,43,C,WATCH,7.0,9.0,7.0,0.0,NO,,
2026-05-31,MANUAL,Konnor Griffin,Pittsburgh Pirates,Zebby Matthews,BetMGM,403,0.1734,0.0709,-0.0254,46,C,WATCH,7.0,8.0,7.0,0.0,NO,,
2026-05-31,MANUAL,Brayan Rocchio,Cleveland Guardians,Ranger Suarez,FanDuel,453,0.1553,0.072,-0.0255,35,D,WATCH,9.0,7.0,8.0,0.0,NO,,
2026-05-31,MANUAL,TJ Friedl,Cincinnati Reds,Spencer Strider,FanDuel,425,0.1645,0.0707,-0.0259,40,C,WATCH,9.0,9.0,9.0,0.0,NO,,
2026-05-31,MANUAL,Miguel Rojas,Los Angeles Dodgers,Andrew Painter,DraftKings,403,0.1728,0.0706,-0.026,46,C,WATCH,7.0,8.0,7.0,0.0,NO,,
2026-05-31,MANUAL,Darell Hernaiz,Athletics,Will Warren,DraftKings,385,0.1801,0.0709,-0.0261,48,C,WATCH,7.0,9.0,7.0,0.0,NO,,
2026-05-31,MANUAL,Colt Keith,Detroit Tigers,Sean Burke,DraftKings,374,0.1848,0.0718,-0.0262,51,C,WATCH,6.0,8.0,6.0,0.0,NO,,
2026-05-31,MANUAL,Joey Ortiz,Milwaukee Brewers,Tatsuya Imai,FanDuel,418,0.1664,0.0714,-0.0267,41,C,WATCH,9.0,8.0,8.0,0.0,NO,,
2026-05-31,MANUAL,Sam Haggerty,Texas Rangers,Michael Wacha,FanDuel,434,0.1605,0.0716,-0.0268,38,D,WATCH,9.0,9.0,9.0,0.0,NO,,
2026-05-31,MANUAL,Gage Workman,Detroit Tigers,Sean Burke,DraftKings,374,0.1838,0.0723,-0.0272,48,C,WATCH,7.0,9.0,7.0,0.0,NO,,
2026-05-31,MANUAL,Luisangel Acuña,Chicago White Sox,Keider Montero,BetMGM,423,0.1638,0.0706,-0.0274,40,C,WATCH,8.0,8.0,7.0,0.0,NO,,
2026-05-31,MANUAL,Charles McAdoo,Toronto Blue Jays,Kyle Bradish,BetMGM,396,0.1733,0.0709,-0.0283,43,C,WATCH,7.0,8.0,7.0,0.0,NO,,
2026-05-31,MANUAL,Austin Hedges,Cleveland Guardians,Ranger Suarez,BetMGM,428,0.1606,0.072,-0.0288,38,D,WATCH,8.0,8.0,7.0,0.0,NO,,
2026-05-31,MANUAL,Darell Hernaiz,Athletics,Will Warren,BetMGM,396,0.1723,0.0704,-0.0293,45,C,WATCH,7.0,9.0,7.0,0.0,NO,,
2026-05-31,MANUAL,Bobby Witt Jr.,Kansas City Royals,Jack Leiter,DraftKings,400,0.17,0.0706,-0.03,42,C,WATCH,8.0,8.0,8.0,0.0,NO,,
2026-05-31,MANUAL,Heriberto Hernández,Miami Marlins,Nolan McLean,FanDuel,430,0.1587,0.0708,-0.03,37,D,WATCH,9.0,7.0,7.0,0.0,NO,,
2026-05-31,MANUAL,Pete Alonso,Baltimore Orioles,Spencer Miles,FanDuel,296,0.2223,0.0712,-0.0302,68,C,WATCH,3.0,9.0,2.0,0.0,NO,,
2026-05-31,MANUAL,Kevin McGonigle,Detroit Tigers,Sean Burke,FanDuel,425,0.1601,0.0718,-0.0304,38,D,WATCH,8.0,9.0,8.0,0.0,NO,,
2026-05-31,MANUAL,Victor Scott II,St. Louis Cardinals,Jordan Wicks,BetMGM,410,0.1651,0.0709,-0.031,40,C,WATCH,9.0,8.0,8.0,0.0,NO,,
2026-05-31,MANUAL,Carlos Narváez,Boston Red Sox,Tanner Bibee,FanDuel,412,0.1639,0.0704,-0.0314,40,C,WATCH,9.0,8.0,9.0,0.0,NO,,
2026-05-31,MANUAL,Jackson Chourio,Milwaukee Brewers,Tatsuya Imai,BetMGM,390,0.172,0.0714,-0.0321,43,C,WATCH,8.0,9.0,8.0,0.0,NO,,
2026-05-31,MANUAL,Angel Martínez,Cleveland Guardians,Ranger Suarez,DraftKings,393,0.1707,0.0709,-0.0322,42,C,WATCH,8.0,9.0,8.0,0.0,NO,,
2026-05-31,MANUAL,Bryan Reynolds,Pittsburgh Pirates,Zebby Matthews,DraftKings,408,0.1644,0.0709,-0.0324,41,C,WATCH,8.0,9.0,8.0,0.0,NO,,
2026-05-31,MANUAL,Nick Castellanos,San Diego Padres,Zack Littell,FanDuel,361,0.1843,0.07,-0.0326,51,C,WATCH,7.0,8.0,7.0,0.0,NO,,
2026-05-31,MANUAL,Otto Lopez,Miami Marlins,Nolan McLean,DraftKings,473,0.1415,0.0707,-0.033,23,D,WATCH,8.0,8.0,8.0,0.0,NO,,
2026-05-31,MANUAL,Isaac Collins,Kansas City Royals,Jack Leiter,DraftKings,402,0.1644,0.0706,-0.0348,39,D,WATCH,9.0,9.0,9.0,0.0,NO,,
2026-05-31,MANUAL,Willy Adames,San Francisco Giants,Tanner Gordon,FanDuel,369,0.1783,0.0702,-0.0349,47,C,WATCH,7.0,9.0,7.0,0.0,NO,,
2026-05-31,MANUAL,Jake Rogers,Detroit Tigers,Sean Burke,FanDuel,424,0.1548,0.0718,-0.036,34,D,WATCH,9.0,9.0,9.0,0.0,NO,,
2026-05-31,MANUAL,Max Schuemann,New York Yankees,Jacob Lopez,BetMGM,362,0.1756,0.0727,-0.0408,42,C,WATCH,9.0,9.0,9.0,0.0,NO,,
2026-05-31,MANUAL,Andrés Giménez,Toronto Blue Jays,Kyle Bradish,BetMGM,387,0.1643,0.0709,-0.041,39,D,WATCH,8.0,9.0,8.0,0.0,NO,,
2026-05-31,MANUAL,Connor Wong,Boston Red Sox,Tanner Bibee,BetMGM,374,0.1695,0.0704,-0.0415,42,C,WATCH,8.0,9.0,8.0,0.0,NO,,
2026-05-31,MANUAL,Jake Mangum,Pittsburgh Pirates,Zebby Matthews,DraftKings,398,0.159,0.0709,-0.0418,37,D,WATCH,9.0,9.0,9.0,0.0,NO,,
2026-05-31,MANUAL,Andruw Monasterio,Boston Red Sox,Tanner Bibee,DraftKings,382,0.1656,0.0711,-0.0419,38,D,WATCH,9.0,9.0,9.0,0.0,NO,,
2026-05-31,MANUAL,Sung-Mun Song,San Diego Padres,Zack Littell,FanDuel,361,0.1747,0.07,-0.0422,45,C,WATCH,8.0,9.0,8.0,0.0,NO,,
2026-05-31,MANUAL,Yordan Alvarez,Houston Astros,Jacob Misiorowski,FanDuel,317,0.1959,0.0714,-0.044,55,C,WATCH,2.0,9.0,4.0,0.0,NO,,
2026-05-31,MANUAL,Orlando Arcia,Minnesota Twins,Braxton Ashcraft,FanDuel,372,0.1679,0.0714,-0.044,41,C,WATCH,7.0,8.0,7.0,0.0,NO,,
2026-05-31,MANUAL,Charles McAdoo,Toronto Blue Jays,Kyle Bradish,FanDuel,350,0.1733,0.0709,-0.0489,40,C,WATCH,7.0,9.0,7.0,0.0,NO,,
2026-05-31,MANUAL,Victor Scott II,St. Louis Cardinals,Jordan Wicks,FanDuel,350,0.1721,0.0713,-0.0501,41,C,WATCH,9.0,8.0,8.0,0.0,NO,,
2026-05-31,MANUAL,Taylor Walls,Tampa Bay Rays,Jack Kochanowicz,BetMGM,375,0.1539,0.0714,-0.0566,32,D,WATCH,9.0,8.0,8.0,0.0,NO,,
2026-05-31,MANUAL,Austin Martin,Minnesota Twins,Braxton Ashcraft,DraftKings,360,0.1591,0.0714,-0.0583,34,D,WATCH,8.0,9.0,8.0,0.0,NO,,
2026-05-31,MANUAL,Brandon Marsh,Philadelphia Phillies,Yoshinobu Yamamoto,DraftKings,360,0.1579,0.0704,-0.0595,35,D,WATCH,9.0,9.0,9.0,0.0,NO,,
2026-05-31,MANUAL,Juan Soto,New York Mets,John King,FanDuel,260,0.2172,0.0696,-0.0606,99,C,WATCH,3.0,9.0,2.0,0.0,NO,,
2026-05-31,MORNING,TJ Rumfield,Colorado Rockies,Robbie Ray,FanDuel,606,0.2408,0.0719,0.0992,91,B,TIER 1 💎,4.0,1.0,1.0,1.0,YES 🔥,,
2026-05-31,MORNING,Curtis Mead,Washington Nationals,Griffin Canning,DraftKings,607,0.2393,0.0715,0.0979,88,B,TIER 1 💎,4.0,1.0,1.0,1.0,YES 🔥,,
2026-05-31,MORNING,JJ Bleday,Cincinnati Reds,Spencer Strider,BetMGM,651,0.2269,0.0701,0.0938,86,B,TIER 1 💎,3.0,1.0,2.0,1.0,YES 🔥,,
2026-05-31,MORNING,Matt McLain,Cincinnati Reds,Spencer Strider,FanDuel,637,0.2281,0.0707,0.0924,84,B,TIER 1 💎,4.0,1.0,1.0,1.0,YES 🔥,,
2026-05-31,MORNING,Ozzie Albies,Atlanta Braves,Nick Lodolo,DraftKings,631,0.2288,0.0709,0.092,84,B,TIER 1 💎,4.0,1.0,1.0,1.0,YES 🔥,,
2026-05-31,MORNING,Hao-Yu  Lee,Detroit Tigers,Sean Burke,BetMGM,605,0.2335,0.0723,0.0917,87,B,TIER 1 💎,4.0,1.0,1.0,1.0,YES 🔥,,
2026-05-31,MORNING,Jackson Holliday,Baltimore Orioles,Spencer Miles,DraftKings,618,0.2298,0.0712,0.0906,84,B,TIER 1 💎,4.0,1.0,1.0,1.0,YES 🔥,,
2026-05-31,MORNING,Eric Wagaman,New York Mets,Janson Junk,BetMGM,663,0.2213,0.0709,0.0903,80,B,TIER 1 💎,3.0,1.0,2.0,1.0,YES 🔥,,
2026-05-31,MORNING,JJ Wetherholt,St. Louis Cardinals,Jordan Wicks,DraftKings,613,0.2288,0.0709,0.0886,84,B,TIER 1 💎,4.0,1.0,1.0,1.0,YES 🔥,,
2026-05-31,MORNING,Charles McAdoo,Toronto Blue Jays,Kyle Bradish,BetMGM,605,0.2301,0.0713,0.0882,84,B,TIER 1 💎,4.0,1.0,1.0,1.0,YES 🔥,,
2026-05-31,MORNING,Jake Burger,Texas Rangers,Michael Wacha,FanDuel,642,0.2225,0.0713,0.0877,80,B,TIER 1 💎,3.0,1.0,2.0,1.0,YES 🔥,,
2026-05-31,MORNING,Nico Hoerner,Chicago Cubs,Matthew Liberatore,FanDuel,578,0.2324,0.072,0.0849,86,B,TIER 1 💎,4.0,1.0,1.0,1.0,YES 🔥,,
2026-05-31,MORNING,Mauricio Dubón,Atlanta Braves,Nick Lodolo,DraftKings,631,0.2209,0.0706,0.0841,81,B,TIER 1 💎,5.0,1.0,3.0,1.0,YES 🔥,,
2026-05-31,MORNING,Jackson Merrill,San Diego Padres,Zack Littell,DraftKings,639,0.2189,0.07,0.0836,82,B,TIER 1 💎,5.0,1.0,3.0,1.0,YES 🔥,,
2026-05-31,MORNING,Ben Williamson,Tampa Bay Rays,Jack Kochanowicz,DraftKings,585,0.2288,0.0709,0.0828,85,B,TIER 1 💎,4.0,1.0,1.0,1.0,YES 🔥,,
2026-05-31,MORNING,Vinnie Pasquantino,Kansas City Royals,Jack Leiter,DraftKings,618,0.2213,0.0709,0.0821,79,B,TIER 1 💎,3.0,1.0,2.0,1.0,YES 🔥,,
2026-05-31,MORNING,Jazz Chisholm Jr.,New York Yankees,Jacob Lopez,DraftKings,651,0.2147,0.0712,0.0816,76,B,TIER 1 💎,5.0,1.0,3.0,1.0,YES 🔥,,
2026-05-31,MORNING,Alex Freeland,Los Angeles Dodgers,Andrew Painter,BetMGM,580,0.228,0.0706,0.0809,83,B,TIER 1 💎,4.0,1.0,1.0,1.0,YES 🔥,,
2026-05-31,MORNING,Ezequiel Duran,Texas Rangers,Michael Wacha,DraftKings,605,0.2225,0.0716,0.0807,82,B,TIER 1 💎,4.0,1.0,1.0,1.0,YES 🔥,,
2026-05-31,MORNING,Isaac Paredes,Houston Astros,Jacob Misiorowski,DraftKings,569,0.2288,0.0709,0.0794,83,B,TIER 1 💎,4.0,1.0,1.0,1.0,YES 🔥,,
2026-05-31,MORNING,Chase Meidroth,Chicago White Sox,Keider Montero,FanDuel,602,0.2213,0.0709,0.0789,81,B,TIER 1 💎,3.0,1.0,2.0,1.0,YES 🔥,,
2026-05-31,MORNING,Kazuma Okamoto,Toronto Blue Jays,Kyle Bradish,BetMGM,602,0.2203,0.0709,0.0778,82,B,TIER 1 💎,4.0,1.0,1.0,1.0,YES 🔥,,
2026-05-31,MORNING,Eric Wagaman,New York Mets,John King,BetMGM,592,0.2213,0.0709,0.0768,79,B,TIER 1 💎,3.0,1.0,2.0,1.0,YES 🔥,,
2026-05-31,MORNING,Cole Young,Seattle Mariners,Merrill Kelly,BetMGM,557,0.2288,0.0709,0.0766,82,B,TIER 1 💎,4.0,1.0,1.0,1.0,YES 🔥,,
2026-05-31,MORNING,Isaac Paredes,Houston Astros,Jacob Misiorowski,FanDuel,628,0.2133,0.0714,0.076,77,B,TIER 1 💎,4.0,1.0,1.0,1.0,YES 🔥,,
2026-05-31,MORNING,Donovan Walton,Los Angeles Angels,Shane McClanahan,FanDuel,552,0.2288,0.0709,0.0755,84,B,TIER 1 💎,4.0,1.0,1.0,1.0,YES 🔥,,
2026-05-31,MORNING,Nick Kurtz,Athletics,Will Warren,DraftKings,628,0.2118,0.0704,0.0744,79,B,TIER 1 💎,3.0,1.0,2.0,1.0,YES 🔥,,
2026-05-31,MORNING,Paul Goldschmidt,New York Yankees,Jacob Lopez,DraftKings,490,0.2434,0.0727,0.074,88,B,TIER 1 💎,4.0,1.0,1.0,1.0,YES 🔥,,
2026-05-31,MORNING,Adley Rutschman,Baltimore Orioles,Spencer Miles,FanDuel,626,0.2099,0.0726,0.0722,75,B,TIER 2 🔥,3.0,1.0,2.0,0.5,YES 🔥,,
2026-05-31,MORNING,Chad Stevens,Colorado Rockies,Robbie Ray,FanDuel,607,0.2132,0.0707,0.0718,76,B,TIER 1 💎,5.0,1.0,3.0,1.0,YES 🔥,,
2026-05-31,MORNING,Connor Wong,Boston Red Sox,Tanner Bibee,FanDuel,614,0.2107,0.0711,0.0707,74,B,TIER 1 💎,2.0,1.0,4.0,1.0,YES 🔥,,
2026-05-31,MORNING,Richie Palacios,Tampa Bay Rays,Jack Kochanowicz,DraftKings,633,0.2063,0.0714,0.0699,75,B,TIER 2 🔥,3.0,1.0,2.0,0.5,YES 🔥,,
2026-05-31,MORNING,Ceddanne Rafaela,Boston Red Sox,Tanner Bibee,DraftKings,620,0.2086,0.0704,0.0697,75,B,TIER 2 🔥,2.0,1.0,4.0,0.5,YES 🔥,,
2026-05-31,MORNING,Shea Langeliers,Athletics,Will Warren,DraftKings,603,0.2101,0.0709,0.0678,74,B,TIER 1 💎,2.0,1.0,4.0,1.0,YES 🔥,,
2026-05-31,MORNING,Alec Burleson,St. Louis Cardinals,Jordan Wicks,DraftKings,513,0.2308,0.0713,0.0677,84,B,TIER 1 💎,3.0,1.0,2.0,1.0,YES 🔥,,
2026-05-31,MORNING,Jorge Soler,Los Angeles Angels,Shane McClanahan,BetMGM,580,0.2146,0.0718,0.0676,99,A,TIER 1 💎,4.0,1.0,1.0,1.0,YES 🔥,,
2026-05-31,MORNING,Salvador Perez,Kansas City Royals,Jack Leiter,BetMGM,605,0.2092,0.0706,0.0674,74,B,TIER 2 🔥,2.0,1.0,4.0,0.5,YES 🔥,,
2026-05-31,MORNING,Christopher Morel,Miami Marlins,Nolan McLean,DraftKings,583,0.2128,0.0708,0.0664,77,B,TIER 1 💎,3.0,1.0,2.0,1.0,YES 🔥,,
2026-05-31,MORNING,Patrick Bailey,Cleveland Guardians,Ranger Suarez,BetMGM,596,0.2101,0.0709,0.0664,74,B,TIER 1 💎,2.0,1.0,4.0,1.0,YES 🔥,,
2026-05-31,MORNING,Alex Freeland,Los Angeles Dodgers,Andrew Painter,DraftKings,548,0.2196,0.0706,0.0653,79,B,TIER 1 💎,4.0,1.0,1.0,1.0,YES 🔥,,
2026-05-31,MORNING,Luis Arraez,San Francisco Giants,Tanner Gordon,FanDuel,572,0.2117,0.0702,0.0629,74,B,TIER 1 💎,5.0,1.0,3.0,1.0,YES 🔥,,
2026-05-31,MORNING,Edgar Quero,Chicago White Sox,Keider Montero,BetMGM,617,0.2016,0.0706,0.0621,71,B,TIER 2 🔥,2.0,1.0,4.0,0.5,YES 🔥,,
2026-05-31,MORNING,Zach McKinstry,Detroit Tigers,Sean Burke,DraftKings,614,0.2006,0.0718,0.0605,70,B,TIER 2 🔥,5.0,1.0,3.0,0.5,YES 🔥,,
2026-05-31,MORNING,Jared Triolo,Pittsburgh Pirates,Zebby Matthews,DraftKings,545,0.2138,0.0709,0.0588,75,B,TIER 1 💎,5.0,1.0,3.0,1.0,YES 🔥,,
2026-05-31,MORNING,Gavin Sheets,San Diego Padres,Zack Littell,FanDuel,507,0.2213,0.0709,0.0566,78,B,TIER 1 💎,3.0,1.0,2.0,1.0,YES 🔥,,
2026-05-31,MORNING,Jake Bauers,Milwaukee Brewers,Tatsuya Imai,BetMGM,485,0.2231,0.0714,0.0521,79,B,TIER 1 💎,3.0,2.0,2.0,1.0,YES 🔥,,
2026-05-31,MORNING,Ketel Marte,Arizona Diamondbacks,Bryce Miller,DraftKings,505,0.2171,0.0699,0.0519,79,B,TIER 1 💎,4.0,1.0,1.0,1.0,YES 🔥,,
2026-05-31,MORNING,Colt Emerson,Seattle Mariners,Merrill Kelly,DraftKings,513,0.2144,0.0711,0.0513,75,B,TIER 1 💎,5.0,2.0,3.0,1.0,YES 🔥,,
2026-05-31,MORNING,Brice Turang,Milwaukee Brewers,Tatsuya Imai,DraftKings,446,0.2299,0.0712,0.0468,79,B,TIER 1 💎,4.0,3.0,1.0,1.0,YES 🔥,,
2026-05-31,MORNING,Tristan Gray,Minnesota Twins,Braxton Ashcraft,FanDuel,547,0.1993,0.0714,0.0448,68,B,TIER 2 🔥,5.0,1.0,3.0,0.5,YES 🔥,,
2026-05-31,MORNING,David Fry,Cleveland Guardians,Ranger Suarez,BetMGM,539,0.2012,0.072,0.0447,68,B,TIER 2 🔥,5.0,1.0,3.0,0.5,YES 🔥,,
2026-05-31,MORNING,Spencer Horwitz,Pittsburgh Pirates,Zebby Matthews,DraftKings,493,0.2132,0.0709,0.0446,75,B,TIER 1 💎,3.0,2.0,2.0,1.0,YES 🔥,,
2026-05-31,MORNING,J.T. Realmuto,Philadelphia Phillies,Yoshinobu Yamamoto,DraftKings,535,0.201,0.0704,0.0435,69,B,TIER 2 🔥,2.0,1.0,4.0,0.5,YES 🔥,,
2026-05-31,MORNING,Ildemaro Vargas,Arizona Diamondbacks,Bryce Miller,BetMGM,648,0.2213,0.0709,0.0876,82,B,WATCH,3.0,2.0,2.0,0.0,NO,,
2026-05-31,MORNING,Manny Machado,San Diego Padres,Zack Littell,DraftKings,596,0.2266,0.07,0.0829,86,B,WATCH,3.0,2.0,2.0,0.0,NO,,
2026-05-31,MORNING,Andrés Chaparro,Washington Nationals,Griffin Canning,DraftKings,561,0.2315,0.0715,0.0802,82,B,WATCH,3.0,2.0,2.0,0.0,NO,,
2026-05-31,MORNING,Paul Goldschmidt,New York Yankees,Jacob Lopez,FanDuel,562,0.2298,0.0712,0.0787,85,B,WATCH,4.0,2.0,1.0,0.0,NO,,
2026-05-31,MORNING,Tristan Gray,Minnesota Twins,Braxton Ashcraft,DraftKings,639,0.2138,0.0709,0.0785,77,B,WATCH,5.0,2.0,3.0,0.0,NO,,
2026-05-31,MORNING,Jared Young,New York Mets,Janson Junk,BetMGM,560,0.2288,0.0709,0.0773,87,B,WATCH,4.0,2.0,1.0,0.0,NO,,
2026-05-31,MORNING,Nolan Gorman,St. Louis Cardinals,Jordan Wicks,DraftKings,631,0.2138,0.0709,0.077,77,B,WATCH,5.0,2.0,3.0,0.0,NO,,
2026-05-31,MORNING,Luis García Jr.,Washington Nationals,Griffin Canning,DraftKings,580,0.2236,0.0715,0.0765,80,B,WATCH,5.0,3.0,3.0,0.0,NO,,
2026-05-31,MORNING,Sandy León,Atlanta Braves,Nick Lodolo,FanDuel,640,0.2101,0.0709,0.0749,75,B,WATCH,2.0,2.0,4.0,0.0,NO,,
2026-05-31,MORNING,Luke Keaschall,Minnesota Twins,Braxton Ashcraft,DraftKings,543,0.2288,0.0709,0.0733,84,B,WATCH,4.0,3.0,1.0,0.0,NO,,
2026-05-31,MORNING,Oswald Peraza,Los Angeles Angels,Shane McClanahan,DraftKings,611,0.2138,0.0709,0.0732,76,B,WATCH,5.0,2.0,3.0,0.0,NO,,
2026-05-31,MORNING,Richie Palacios,Tampa Bay Rays,Jack Kochanowicz,BetMGM,603,0.2138,0.0709,0.0716,76,B,WATCH,5.0,2.0,3.0,0.0,NO,,
2026-05-31,MORNING,Jake Rogers,Detroit Tigers,Sean Burke,FanDuel,599,0.2144,0.0723,0.0713,75,B,WATCH,2.0,2.0,4.0,0.0,NO,,
2026-05-31,MORNING,Adley Rutschman,Baltimore Orioles,Spencer Miles,DraftKings,653,0.2035,0.0712,0.0707,71,B,WATCH,1.0,2.0,5.0,0.0,NO,,
2026-05-31,MORNING,Rafael Devers,San Francisco Giants,Tanner Gordon,FanDuel,530,0.2288,0.0709,0.0701,82,B,WATCH,4.0,2.0,1.0,0.0,NO,,
2026-05-31,MORNING,J.C. Escarra,New York Yankees,Jacob Lopez,FanDuel,551,0.2235,0.0727,0.0699,78,B,WATCH,2.0,2.0,4.0,0.0,NO,,
2026-05-31,MORNING,Luis Torrens,New York Mets,John King,DraftKings,613,0.2101,0.0709,0.0698,74,B,WATCH,2.0,2.0,4.0,0.0,NO,,
2026-05-31,MORNING,Jared Young,New York Mets,John King,BetMGM,528,0.2288,0.0709,0.0696,87,B,WATCH,4.0,3.0,1.0,0.0,NO,,
2026-05-31,MORNING,Miguel Vargas,Chicago White Sox,Keider Montero,BetMGM,527,0.2288,0.0709,0.0693,84,B,WATCH,4.0,2.0,1.0,0.0,NO,,
2026-05-31,MORNING,Tyler Stephenson,Cincinnati Reds,Spencer Strider,DraftKings,613,0.2094,0.0707,0.0691,74,B,WATCH,2.0,3.0,4.0,0.0,NO,,
2026-05-31,MORNING,Daulton Varsho,Toronto Blue Jays,Kyle Bradish,FanDuel,594,0.213,0.0709,0.0689,77,B,WATCH,3.0,2.0,2.0,0.0,NO,,
2026-05-31,MORNING,Justin Foscue,Texas Rangers,Michael Wacha,BetMGM,584,0.215,0.0713,0.0688,76,B,WATCH,5.0,4.0,3.0,0.0,NO,,
2026-05-31,MORNING,TJ Rumfield,Colorado Rockies,Robbie Ray,DraftKings,524,0.2282,0.0707,0.0679,83,B,WATCH,4.0,2.0,1.0,0.0,NO,,
2026-05-31,MORNING,Keibert Ruiz,Washington Nationals,Griffin Canning,FanDuel,559,0.2197,0.0715,0.0679,77,B,WATCH,2.0,4.0,4.0,0.0,NO,,
2026-05-31,MORNING,Samuel Basallo,Baltimore Orioles,Spencer Miles,BetMGM,597,0.211,0.0712,0.0675,72,B,WATCH,2.0,3.0,4.0,0.0,NO,,
2026-05-31,MORNING,Jonathan Aranda,Tampa Bay Rays,Jack Kochanowicz,FanDuel,549,0.2213,0.0709,0.0672,80,B,WATCH,3.0,3.0,2.0,0.0,NO,,
2026-05-31,MORNING,Pedro Pagés,St. Louis Cardinals,Jordan Wicks,FanDuel,557,0.219,0.0713,0.0668,78,B,WATCH,2.0,2.0,4.0,0.0,NO,,
2026-05-31,MORNING,Vladimir Guerrero Jr.,Toronto Blue Jays,Kyle Bradish,BetMGM,636,0.2022,0.0709,0.0663,71,B,WATCH,2.0,3.0,4.0,0.0,NO,,
2026-05-31,MORNING,Jeremiah Jackson,Baltimore Orioles,Spencer Miles,BetMGM,573,0.2148,0.0712,0.0662,76,B,WATCH,5.0,4.0,3.0,0.0,NO,,
2026-05-31,MORNING,Mitch Garver,Seattle Mariners,Merrill Kelly,DraftKings,593,0.2101,0.0709,0.0658,74,B,WATCH,2.0,2.0,4.0,0.0,NO,,
2026-05-31,MORNING,Ozzie Albies,Atlanta Braves,Nick Lodolo,FanDuel,485,0.2364,0.0706,0.0655,84,B,WATCH,4.0,2.0,1.0,0.0,NO,,
2026-05-31,MORNING,Luis Torrens,New York Mets,Janson Junk,DraftKings,581,0.2101,0.0709,0.0632,73,B,WATCH,2.0,3.0,4.0,0.0,NO,,
2026-05-31,MORNING,Drew Millas,Washington Nationals,Griffin Canning,DraftKings,573,0.2118,0.0715,0.0632,72,B,WATCH,1.0,5.0,5.0,0.0,NO,,
2026-05-31,MORNING,Michael Massey,Kansas City Royals,Jack Leiter,BetMGM,503,0.2288,0.0709,0.063,83,B,WATCH,4.0,4.0,1.0,0.0,NO,,
2026-05-31,MORNING,Willson Contreras,Boston Red Sox,Tanner Bibee,BetMGM,499,0.2296,0.0711,0.0626,81,B,WATCH,4.0,3.0,1.0,0.0,NO,,
2026-05-31,MORNING,Austin Wells,New York Yankees,Jacob Lopez,DraftKings,553,0.2155,0.0727,0.0624,73,B,WATCH,1.0,3.0,5.0,0.0,NO,,
2026-05-31,MORNING,Brett Sullivan,Colorado Rockies,Robbie Ray,FanDuel,578,0.2095,0.0707,0.062,73,B,WATCH,2.0,3.0,4.0,0.0,NO,,
2026-05-31,MORNING,Sal Stewart,Cincinnati Reds,Spencer Strider,FanDuel,479,0.2346,0.0701,0.0619,86,B,WATCH,4.0,2.0,1.0,0.0,NO,,
2026-05-31,MORNING,Ronald Acuña Jr.,Atlanta Braves,Nick Lodolo,DraftKings,578,0.2093,0.0706,0.0618,73,B,WATCH,1.0,3.0,5.0,0.0,NO,,
2026-05-31,MORNING,Jo Adell,Los Angeles Angels,Shane McClanahan,BetMGM,619,0.2008,0.0719,0.0617,86,A,WATCH,5.0,2.0,3.0,0.0,NO,,
2026-05-31,MORNING,Eric Haase,San Francisco Giants,Tanner Gordon,DraftKings,583,0.208,0.0702,0.0616,74,B,WATCH,2.0,2.0,4.0,0.0,NO,,
2026-05-31,MORNING,Jonathan Aranda,Tampa Bay Rays,Jack Kochanowicz,DraftKings,645,0.1959,0.0714,0.0616,68,B,WATCH,2.0,2.0,4.0,0.0,NO,,
2026-05-31,MORNING,Edouard Julien,Colorado Rockies,Robbie Ray,FanDuel,583,0.2072,0.0719,0.0608,70,B,WATCH,6.0,2.0,6.0,0.0,NO,,
2026-05-31,MORNING,Nicky Lopez,Texas Rangers,Michael Wacha,FanDuel,628,0.198,0.0713,0.0606,67,B,WATCH,6.0,5.0,6.0,0.0,NO,,
2026-05-31,MORNING,Jeff McNeil,Athletics,Will Warren,DraftKings,592,0.2046,0.0704,0.0601,72,B,WATCH,5.0,2.0,3.0,0.0,NO,,
2026-05-31,MORNING,Nicky Lopez,Texas Rangers,Michael Wacha,DraftKings,660,0.1915,0.0716,0.0599,64,B,WATCH,6.0,2.0,6.0,0.0,NO,,
2026-05-31,MORNING,Travis Bazzana,Cleveland Guardians,Ranger Suarez,BetMGM,547,0.2138,0.0709,0.0593,75,B,WATCH,5.0,2.0,3.0,0.0,NO,,
2026-05-31,MORNING,Carson Kelly,Chicago Cubs,Matthew Liberatore,FanDuel,583,0.2058,0.072,0.0593,70,B,WATCH,1.0,2.0,5.0,0.0,NO,,
2026-05-31,MORNING,William Contreras,Milwaukee Brewers,Tatsuya Imai,FanDuel,592,0.2036,0.0712,0.059,69,B,WATCH,1.0,1.0,5.0,0.0,NO,,
2026-05-31,MORNING,Jhonny Pereda,Seattle Mariners,Merrill Kelly,DraftKings,593,0.2031,0.0711,0.0588,70,B,WATCH,1.0,1.0,5.0,0.0,NO,,
2026-05-31,MORNING,Edouard Julien,Colorado Rockies,Robbie Ray,BetMGM,626,0.1964,0.0707,0.0586,66,B,WATCH,6.0,4.0,6.0,0.0,NO,,
2026-05-31,MORNING,Eugenio Suárez,Cincinnati Reds,Spencer Strider,BetMGM,518,0.2192,0.0701,0.0574,76,B,WATCH,5.0,3.0,3.0,0.0,NO,,
2026-05-31,MORNING,Elly De La Cruz,Cincinnati Reds,Spencer Strider,DraftKings,529,0.2154,0.0701,0.0564,76,B,WATCH,2.0,4.0,4.0,0.0,NO,,
2026-05-31,MORNING,Mark Vientos,New York Mets,John King,DraftKings,534,0.2138,0.0709,0.0561,74,B,WATCH,5.0,4.0,3.0,0.0,NO,,
2026-05-31,MORNING,David Hamilton,Milwaukee Brewers,Tatsuya Imai,FanDuel,602,0.1985,0.0714,0.056,67,B,WATCH,6.0,1.0,6.0,0.0,NO,,
2026-05-31,MORNING,Christian Vázquez,Houston Astros,Jacob Misiorowski,DraftKings,579,0.2026,0.0709,0.0553,69,B,WATCH,1.0,2.0,5.0,0.0,NO,,
2026-05-31,MORNING,David Hamilton,Milwaukee Brewers,Tatsuya Imai,BetMGM,601,0.1979,0.0712,0.0552,66,B,WATCH,6.0,2.0,6.0,0.0,NO,,
2026-05-31,MORNING,Braxton Fulford,Colorado Rockies,Robbie Ray,DraftKings,580,0.202,0.0707,0.0549,69,B,WATCH,1.0,5.0,5.0,0.0,NO,,
2026-05-31,MORNING,Shea Langeliers,Athletics,Will Warren,BetMGM,584,0.201,0.0704,0.0548,70,B,WATCH,2.0,3.0,4.0,0.0,NO,,
2026-05-31,MORNING,Jesus Rodriguez,San Francisco Giants,Tanner Gordon,DraftKings,506,0.2191,0.0702,0.0541,79,B,WATCH,3.0,3.0,2.0,0.0,NO,,
2026-05-31,MORNING,Masataka Yoshida,Boston Red Sox,Tanner Bibee,DraftKings,530,0.2123,0.0704,0.0536,75,B,WATCH,5.0,2.0,3.0,0.0,NO,,
2026-05-31,MORNING,Nasim Nuñez,Washington Nationals,Griffin Canning,BetMGM,556,0.206,0.0715,0.0535,68,B,WATCH,6.0,6.0,6.0,0.0,NO,,
2026-05-31,MORNING,Endy Rodríguez,Pittsburgh Pirates,Zebby Matthews,DraftKings,602,0.1951,0.0709,0.0527,67,B,WATCH,1.0,1.0,5.0,0.0,NO,,
2026-05-31,MORNING,Garrett Stubbs,Philadelphia Phillies,Yoshinobu Yamamoto,BetMGM,571,0.2017,0.0706,0.0526,68,B,WATCH,1.0,1.0,5.0,0.0,NO,,
2026-05-31,MORNING,Dillon Dingler,Detroit Tigers,Sean Burke,BetMGM,627,0.19,0.0718,0.0525,63,B,WATCH,1.0,2.0,5.0,0.0,NO,,
2026-05-31,MORNING,Pedro Ramírez,Chicago Cubs,Matthew Liberatore,DraftKings,518,0.2138,0.0709,0.052,74,B,WATCH,5.0,3.0,3.0,0.0,NO,,
2026-05-31,MORNING,Sung-Mun Song,San Diego Padres,Zack Littell,DraftKings,516,0.2138,0.0709,0.0515,74,B,WATCH,5.0,2.0,3.0,0.0,NO,,
2026-05-31,MORNING,Nolan Gorman,St. Louis Cardinals,Jordan Wicks,BetMGM,482,0.223,0.0713,0.0511,78,B,WATCH,5.0,3.0,3.0,0.0,NO,,
2026-05-31,MORNING,Spencer Steer,Cincinnati Reds,Spencer Strider,FanDuel,646,0.1846,0.0701,0.0506,60,B,WATCH,7.0,5.0,7.0,0.0,NO,,
2026-05-31,MORNING,Pedro Pagés,St. Louis Cardinals,Jordan Wicks,BetMGM,525,0.2101,0.0709,0.0501,72,B,WATCH,2.0,3.0,4.0,0.0,NO,,
2026-05-31,MORNING,Jesús Sánchez,Toronto Blue Jays,Kyle Bradish,BetMGM,617,0.1896,0.0709,0.0501,63,B,WATCH,6.0,4.0,6.0,0.0,NO,,
2026-05-31,MORNING,Max Muncy,Los Angeles Dodgers,Andrew Painter,DraftKings,544,0.2052,0.0706,0.0499,70,B,WATCH,5.0,2.0,3.0,0.0,NO,,
2026-05-31,MORNING,Danny Jansen,Texas Rangers,Michael Wacha,FanDuel,580,0.197,0.0716,0.0499,66,B,WATCH,1.0,3.0,5.0,0.0,NO,,
2026-05-31,MORNING,Austin Wells,New York Yankees,Jacob Lopez,BetMGM,551,0.2034,0.0712,0.0498,68,B,WATCH,1.0,4.0,5.0,0.0,NO,,
2026-05-31,MORNING,José Fermín,St. Louis Cardinals,Jordan Wicks,FanDuel,623,0.1878,0.0713,0.0494,61,B,WATCH,7.0,4.0,6.0,0.0,NO,,
2026-05-31,MORNING,Will Smith,Los Angeles Dodgers,Andrew Painter,DraftKings,555,0.2016,0.0706,0.0489,70,B,WATCH,2.0,3.0,4.0,0.0,NO,,
2026-05-31,MORNING,Michael Harris II,Atlanta Braves,Nick Lodolo,DraftKings,494,0.217,0.0706,0.0487,75,B,WATCH,2.0,4.0,4.0,0.0,NO,,
2026-05-31,MORNING,Javier Sanoja,Miami Marlins,Nolan McLean,BetMGM,610,0.1894,0.0708,0.0485,62,B,WATCH,6.0,2.0,6.0,0.0,NO,,
2026-05-31,MORNING,Brooks Lee,Minnesota Twins,Braxton Ashcraft,DraftKings,573,0.1969,0.0709,0.0484,65,B,WATCH,6.0,5.0,6.0,0.0,NO,,
2026-05-31,MORNING,Ty France,San Diego Padres,Zack Littell,DraftKings,552,0.2016,0.07,0.0482,69,B,WATCH,6.0,3.0,6.0,0.0,NO,,
2026-05-31,MORNING,Freddie Freeman,Los Angeles Dodgers,Andrew Painter,FanDuel,508,0.2124,0.0706,0.0479,76,B,WATCH,3.0,4.0,2.0,0.0,NO,,
2026-05-31,MORNING,Spencer Torkelson,Detroit Tigers,Sean Burke,BetMGM,526,0.2076,0.0718,0.0479,72,B,WATCH,3.0,3.0,2.0,0.0,NO,,
2026-05-31,MORNING,Hunter Goodman,Colorado Rockies,Robbie Ray,DraftKings,440,0.2329,0.0719,0.0477,79,B,WATCH,3.0,3.0,2.0,0.0,NO,,
2026-05-31,MORNING,Chandler Simpson,Tampa Bay Rays,Jack Kochanowicz,BetMGM,559,0.1993,0.0714,0.0476,68,B,WATCH,5.0,3.0,3.0,0.0,NO,,
2026-05-31,MORNING,Wilyer Abreu,Boston Red Sox,Tanner Bibee,BetMGM,480,0.2197,0.0704,0.0473,78,B,WATCH,3.0,3.0,2.0,0.0,NO,,
2026-05-31,MORNING,Ryan McMahon,New York Yankees,Jacob Lopez,DraftKings,516,0.2095,0.0727,0.0472,69,B,WATCH,6.0,4.0,6.0,0.0,NO,,
2026-05-31,MORNING,Jorge Mateo,Atlanta Braves,Nick Lodolo,DraftKings,619,0.186,0.0706,0.0469,60,B,WATCH,7.0,5.0,7.0,0.0,NO,,
2026-05-31,MORNING,Pedro Ramírez,Chicago Cubs,Matthew Liberatore,BetMGM,487,0.2172,0.072,0.0468,74,B,WATCH,5.0,3.0,3.0,0.0,NO,,
2026-05-31,MORNING,Jake Bauers,Milwaukee Brewers,Tatsuya Imai,DraftKings,467,0.2224,0.0712,0.046,77,B,WATCH,3.0,4.0,2.0,0.0,NO,,
2026-05-31,MORNING,Bo Bichette,New York Mets,Janson Junk,FanDuel,646,0.1801,0.0709,0.046,56,B,WATCH,7.0,4.0,7.0,0.0,NO,,
2026-05-31,MORNING,Rafael Devers,San Francisco Giants,Tanner Gordon,BetMGM,453,0.2266,0.0702,0.0457,80,B,WATCH,4.0,4.0,1.0,0.0,NO,,
2026-05-31,MORNING,Blaze Alexander,Baltimore Orioles,Spencer Miles,FanDuel,556,0.1978,0.0712,0.0454,65,B,WATCH,6.0,5.0,6.0,0.0,NO,,
2026-05-31,MORNING,Alec Burleson,St. Louis Cardinals,Jordan Wicks,FanDuel,466,0.2213,0.0709,0.0447,77,B,WATCH,3.0,4.0,2.0,0.0,NO,,
2026-05-31,MORNING,Miguel Amaya,Chicago Cubs,Matthew Liberatore,FanDuel,493,0.2134,0.072,0.0447,72,B,WATCH,2.0,4.0,4.0,0.0,NO,,
2026-05-31,MORNING,Michael Massey,Kansas City Royals,Jack Leiter,DraftKings,445,0.2279,0.0706,0.0444,80,B,WATCH,4.0,2.0,1.0,0.0,NO,,
2026-05-31,MORNING,Liam Hicks,Miami Marlins,Nolan McLean,BetMGM,534,0.202,0.0708,0.0443,69,B,WATCH,2.0,3.0,4.0,0.0,NO,,
2026-05-31,MORNING,Victor Caratini,Minnesota Twins,Braxton Ashcraft,FanDuel,502,0.2101,0.0709,0.044,71,B,WATCH,2.0,6.0,4.0,0.0,NO,,
2026-05-31,MORNING,Xander Bogaerts,San Diego Padres,Zack Littell,DraftKings,425,0.2342,0.07,0.0438,85,B,WATCH,4.0,4.0,1.0,0.0,NO,,
2026-05-31,MORNING,Vinnie Pasquantino,Kansas City Royals,Jack Leiter,BetMGM,466,0.2204,0.0706,0.0437,75,B,WATCH,3.0,3.0,2.0,0.0,NO,,
2026-05-31,MORNING,JJ Wetherholt,St. Louis Cardinals,Jordan Wicks,BetMGM,412,0.2386,0.0713,0.0433,83,B,WATCH,4.0,5.0,1.0,0.0,NO,,
2026-05-31,MORNING,Nolan Arenado,Arizona Diamondbacks,Bryce Miller,DraftKings,526,0.2029,0.0699,0.0432,68,B,WATCH,5.0,2.0,3.0,0.0,NO,,
2026-05-31,MORNING,Kody Clemens,Minnesota Twins,Braxton Ashcraft,DraftKings,511,0.2063,0.0714,0.0427,71,B,WATCH,3.0,2.0,2.0,0.0,NO,,
2026-05-31,MORNING,Rhys Hoskins,Cleveland Guardians,Ranger Suarez,FanDuel,479,0.2153,0.072,0.0426,73,B,WATCH,4.0,2.0,1.0,0.0,NO,,
2026-05-31,MORNING,Henry Davis,Pittsburgh Pirates,Zebby Matthews,DraftKings,525,0.2024,0.0709,0.0424,69,B,WATCH,2.0,3.0,4.0,0.0,NO,,
2026-05-31,MORNING,Joe Mack,Miami Marlins,Nolan McLean,FanDuel,523,0.2026,0.0709,0.0421,67,B,WATCH,1.0,3.0,5.0,0.0,NO,,
2026-05-31,MORNING,Jeff McNeil,Athletics,Will Warren,BetMGM,481,0.2138,0.0709,0.0417,73,B,WATCH,5.0,4.0,3.0,0.0,NO,,
2026-05-31,MORNING,Willy Adames,San Francisco Giants,Tanner Gordon,BetMGM,622,0.1801,0.0709,0.0416,56,B,WATCH,7.0,4.0,7.0,0.0,NO,,
2026-05-31,MORNING,Kevin McGonigle,Detroit Tigers,Sean Burke,BetMGM,654,0.1742,0.0723,0.0416,51,C,WATCH,8.0,3.0,8.0,0.0,NO,,
2026-05-31,MORNING,Konnor Griffin,Pittsburgh Pirates,Zebby Matthews,DraftKings,621,0.1801,0.0709,0.0414,56,B,WATCH,7.0,3.0,7.0,0.0,NO,,
2026-05-31,MORNING,Mookie Betts,Los Angeles Dodgers,Andrew Painter,DraftKings,656,0.1732,0.0719,0.0409,71,B,WATCH,8.0,5.0,6.0,0.0,NO,,
2026-05-31,MORNING,Leody Taveras,Baltimore Orioles,Spencer Miles,DraftKings,584,0.1868,0.0726,0.0406,59,B,WATCH,6.0,2.0,6.0,0.0,NO,,
2026-05-31,MORNING,Andrew Vaughn,Milwaukee Brewers,Tatsuya Imai,BetMGM,484,0.2117,0.0714,0.0405,72,B,WATCH,2.0,3.0,4.0,0.0,NO,,
2026-05-31,MORNING,Ernie Clement,Toronto Blue Jays,Kyle Bradish,BetMGM,505,0.2058,0.0709,0.0405,70,B,WATCH,5.0,5.0,3.0,0.0,NO,,
2026-05-31,MORNING,Jake Rogers,Detroit Tigers,Sean Burke,DraftKings,537,0.1971,0.0718,0.0401,66,B,WATCH,2.0,4.0,4.0,0.0,NO,,
2026-05-31,MORNING,Jeremy Peña,Houston Astros,Jacob Misiorowski,FanDuel,597,0.1836,0.0714,0.0401,59,B,WATCH,6.0,2.0,6.0,0.0,NO,,
2026-05-31,MORNING,William Contreras,Milwaukee Brewers,Tatsuya Imai,DraftKings,509,0.2042,0.0714,0.04,68,B,WATCH,1.0,4.0,5.0,0.0,NO,,
2026-05-31,MORNING,Hunter Goodman,Colorado Rockies,Robbie Ray,FanDuel,453,0.2207,0.0707,0.0399,74,B,WATCH,3.0,6.0,2.0,0.0,NO,,
2026-05-31,MORNING,Brett Sullivan,Colorado Rockies,Robbie Ray,BetMGM,451,0.2211,0.0719,0.0396,74,B,WATCH,2.0,4.0,4.0,0.0,NO,,
2026-05-31,MORNING,Edmundo Sosa,Philadelphia Phillies,Yoshinobu Yamamoto,DraftKings,569,0.1884,0.0704,0.039,62,B,WATCH,6.0,2.0,6.0,0.0,NO,,
2026-05-31,MORNING,Rafael Marchán,Philadelphia Phillies,Yoshinobu Yamamoto,FanDuel,477,0.2118,0.0704,0.0385,72,B,WATCH,3.0,3.0,2.0,0.0,NO,,
2026-05-31,MORNING,Chase DeLauter,Cleveland Guardians,Ranger Suarez,BetMGM,489,0.2083,0.072,0.0385,69,B,WATCH,3.0,3.0,2.0,0.0,NO,,
2026-05-31,MORNING,Dillon Dingler,Detroit Tigers,Sean Burke,DraftKings,494,0.2067,0.0723,0.0384,67,B,WATCH,1.0,4.0,5.0,0.0,NO,,
2026-05-31,MORNING,Connor Norby,Miami Marlins,Nolan McLean,DraftKings,450,0.22,0.0708,0.0382,75,B,WATCH,4.0,4.0,1.0,0.0,NO,,
2026-05-31,MORNING,Brayan Rocchio,Cleveland Guardians,Ranger Suarez,BetMGM,605,0.1801,0.0709,0.0382,55,B,WATCH,7.0,4.0,7.0,0.0,NO,,
2026-05-31,MORNING,Brandon Lowe,Pittsburgh Pirates,Zebby Matthews,BetMGM,424,0.2288,0.0709,0.038,78,B,WATCH,4.0,4.0,1.0,0.0,NO,,
2026-05-31,MORNING,Gabriel Moreno,Arizona Diamondbacks,Bryce Miller,BetMGM,480,0.2101,0.0709,0.0377,70,B,WATCH,2.0,4.0,4.0,0.0,NO,,
2026-05-31,MORNING,Blake Dunn,Cincinnati Reds,Spencer Strider,FanDuel,488,0.2077,0.0701,0.0376,70,B,WATCH,1.0,6.0,5.0,0.0,NO,,
2026-05-31,MORNING,Justin Foscue,Texas Rangers,Michael Wacha,FanDuel,487,0.2079,0.0716,0.0376,70,B,WATCH,5.0,4.0,3.0,0.0,NO,,
2026-05-31,MORNING,Miguel Vargas,Chicago White Sox,Keider Montero,FanDuel,447,0.2196,0.0706,0.0368,77,B,WATCH,4.0,2.0,1.0,0.0,NO,,
2026-05-31,MORNING,Freddy Fermin,San Diego Padres,Zack Littell,BetMGM,503,0.2026,0.0709,0.0367,66,B,WATCH,1.0,3.0,5.0,0.0,NO,,
2026-05-31,MORNING,Spencer Steer,Cincinnati Reds,Spencer Strider,BetMGM,600,0.1795,0.0707,0.0366,55,B,WATCH,7.0,5.0,7.0,0.0,NO,,
2026-05-31,MORNING,Colton Cowser,Baltimore Orioles,Spencer Miles,DraftKings,645,0.1708,0.0726,0.0366,50,C,WATCH,7.0,3.0,7.0,0.0,NO,,
2026-05-31,MORNING,Geraldo Perdomo,Arizona Diamondbacks,Bryce Miller,DraftKings,565,0.1869,0.0699,0.0365,61,B,WATCH,6.0,3.0,6.0,0.0,NO,,
2026-05-31,MORNING,Manny Machado,San Diego Padres,Zack Littell,BetMGM,522,0.1969,0.0709,0.0362,64,B,WATCH,6.0,4.0,6.0,0.0,NO,,
2026-05-31,MORNING,Gavin Sheets,San Diego Padres,Zack Littell,BetMGM,458,0.215,0.07,0.0358,74,B,WATCH,2.0,5.0,4.0,0.0,NO,,
2026-05-31,MORNING,Trea Turner,Philadelphia Phillies,Yoshinobu Yamamoto,DraftKings,642,0.1699,0.0706,0.0352,50,C,WATCH,8.0,3.0,8.0,0.0,NO,,
2026-05-31,MORNING,Nick Gonzales,Pittsburgh Pirates,Zebby Matthews,BetMGM,547,0.1897,0.0709,0.0351,62,B,WATCH,6.0,4.0,6.0,0.0,NO,,
2026-05-31,MORNING,P.J. Higgins,Cincinnati Reds,Spencer Strider,DraftKings,645,0.1692,0.0701,0.035,51,C,WATCH,9.0,7.0,8.0,0.0,NO,,
2026-05-31,MORNING,Kyle Higashioka,Texas Rangers,Michael Wacha,DraftKings,490,0.2043,0.0716,0.0348,66,B,WATCH,2.0,5.0,4.0,0.0,NO,,
2026-05-31,MORNING,Will Brennan,San Francisco Giants,Tanner Gordon,FanDuel,636,0.1707,0.0709,0.0348,50,C,WATCH,8.0,5.0,8.0,0.0,NO,,
2026-05-31,MORNING,Braden Shewmake,Houston Astros,Jacob Misiorowski,DraftKings,458,0.2138,0.0709,0.0346,72,B,WATCH,5.0,5.0,3.0,0.0,NO,,
2026-05-31,MORNING,Rodolfo Durán,San Diego Padres,Zack Littell,DraftKings,470,0.2101,0.0709,0.0346,70,B,WATCH,2.0,5.0,4.0,0.0,NO,,
2026-05-31,MORNING,Nick Allen,Houston Astros,Jacob Misiorowski,BetMGM,650,0.1679,0.0714,0.0345,50,C,WATCH,7.0,3.0,7.0,0.0,NO,,
2026-05-31,MORNING,Isiah Kiner-Falefa,Boston Red Sox,Tanner Bibee,FanDuel,455,0.2145,0.0711,0.0343,72,B,WATCH,5.0,5.0,3.0,0.0,NO,,
2026-05-31,MORNING,Colson Montgomery,Chicago White Sox,Keider Montero,DraftKings,482,0.2052,0.0706,0.0333,72,B,WATCH,5.0,3.0,3.0,0.0,NO,,
2026-05-31,MORNING,Christian Walker,Houston Astros,Jacob Misiorowski,BetMGM,476,0.2063,0.0714,0.0327,68,B,WATCH,3.0,4.0,2.0,0.0,NO,,
2026-05-31,MORNING,Colt Keith,Detroit Tigers,Sean Burke,BetMGM,494,0.201,0.0723,0.0326,63,B,WATCH,6.0,6.0,6.0,0.0,NO,,
2026-05-31,MORNING,Samuel Basallo,Baltimore Orioles,Spencer Miles,DraftKings,487,0.2028,0.0726,0.0325,65,B,WATCH,5.0,4.0,3.0,0.0,NO,,
2026-05-31,MORNING,Mitch Garver,Seattle Mariners,Merrill Kelly,FanDuel,461,0.2107,0.0711,0.0324,71,B,WATCH,2.0,3.0,4.0,0.0,NO,,
2026-05-31,MORNING,Mickey Gasper,Boston Red Sox,Tanner Bibee,BetMGM,412,0.2272,0.0704,0.0319,80,B,WATCH,4.0,4.0,1.0,0.0,NO,,
2026-05-31,MORNING,Aramis Garcia,Arizona Diamondbacks,Bryce Miller,FanDuel,486,0.2026,0.0709,0.0319,66,B,WATCH,1.0,5.0,5.0,0.0,NO,,
2026-05-31,MORNING,Alejandro Osuna,Texas Rangers,Michael Wacha,DraftKings,645,0.166,0.0716,0.0317,48,C,WATCH,8.0,6.0,8.0,0.0,NO,,
2026-05-31,MORNING,Chadwick Tromp,Atlanta Braves,Nick Lodolo,DraftKings,485,0.2026,0.0709,0.0316,66,B,WATCH,1.0,3.0,5.0,0.0,NO,,
2026-05-31,MORNING,Josh Naylor,Seattle Mariners,Merrill Kelly,FanDuel,425,0.2219,0.0711,0.0315,74,B,WATCH,3.0,4.0,2.0,0.0,NO,,
2026-05-31,MORNING,Jackson Merrill,San Diego Padres,Zack Littell,BetMGM,644,0.1651,0.0709,0.0307,47,C,WATCH,9.0,6.0,9.0,0.0,NO,,
2026-05-31,MORNING,Spencer Torkelson,Detroit Tigers,Sean Burke,FanDuel,412,0.2259,0.0723,0.0306,75,B,WATCH,3.0,7.0,2.0,0.0,NO,,
2026-05-31,MORNING,Anthony Volpe,New York Yankees,Jacob Lopez,BetMGM,521,0.1916,0.0727,0.0305,58,B,WATCH,7.0,5.0,7.0,0.0,NO,,
2026-05-31,MORNING,Michael Busch,Chicago Cubs,Matthew Liberatore,BetMGM,423,0.2213,0.0709,0.0301,73,B,WATCH,3.0,5.0,2.0,0.0,NO,,
2026-05-31,MORNING,Chadwick Tromp,Atlanta Braves,Nick Lodolo,BetMGM,612,0.1705,0.0706,0.0301,50,C,WATCH,9.0,6.0,9.0,0.0,NO,,
2026-05-31,MORNING,Spencer Horwitz,Pittsburgh Pirates,Zebby Matthews,FanDuel,422,0.2213,0.0709,0.0298,75,B,WATCH,3.0,7.0,2.0,0.0,NO,,
2026-05-31,MORNING,Nick Loftin,Kansas City Royals,Jack Leiter,BetMGM,446,0.2129,0.0706,0.0298,71,B,WATCH,5.0,4.0,3.0,0.0,NO,,
2026-05-31,MORNING,Julio Rodríguez,Seattle Mariners,Merrill Kelly,DraftKings,639,0.1651,0.0709,0.0297,47,C,WATCH,9.0,6.0,9.0,0.0,NO,,
2026-05-31,MORNING,Ian Happ,Chicago Cubs,Matthew Liberatore,FanDuel,593,0.1734,0.072,0.0291,50,C,WATCH,8.0,5.0,8.0,0.0,NO,,
2026-05-31,MORNING,Vaughn Grissom,Los Angeles Angels,Shane McClanahan,DraftKings,495,0.1969,0.0709,0.0289,63,B,WATCH,6.0,4.0,6.0,0.0,NO,,
2026-05-31,MORNING,José Caballero,New York Yankees,Jacob Lopez,BetMGM,602,0.1714,0.0712,0.0289,50,C,WATCH,8.0,6.0,8.0,0.0,NO,,
2026-05-31,MORNING,Jonah Heim,Athletics,Will Warren,BetMGM,506,0.1938,0.0704,0.0288,63,B,WATCH,1.0,4.0,5.0,0.0,NO,,
2026-05-31,MORNING,Mike Trout,Los Angeles Angels,Shane McClanahan,BetMGM,490,0.1982,0.0722,0.0287,85,B,WATCH,2.0,3.0,4.0,0.0,NO,,
2026-05-31,MORNING,Brandon Lowe,Pittsburgh Pirates,Zebby Matthews,DraftKings,420,0.2204,0.0709,0.0281,75,B,WATCH,4.0,5.0,1.0,0.0,NO,,
2026-05-31,MORNING,Heriberto Hernández,Miami Marlins,Nolan McLean,BetMGM,630,0.1651,0.0709,0.0281,47,C,WATCH,9.0,5.0,7.0,0.0,NO,,
2026-05-31,MORNING,Nathaniel Lowe,Cincinnati Reds,Spencer Strider,FanDuel,474,0.2019,0.0701,0.0277,66,B,WATCH,6.0,8.0,6.0,0.0,NO,,
2026-05-31,MORNING,Ben Rice,New York Yankees,Jacob Lopez,DraftKings,413,0.2223,0.0712,0.0273,73,B,WATCH,3.0,7.0,2.0,0.0,NO,,
2026-05-31,MORNING,Will Brennan,San Francisco Giants,Tanner Gordon,DraftKings,604,0.169,0.0702,0.027,50,C,WATCH,8.0,5.0,8.0,0.0,NO,,
2026-05-31,MORNING,Austin Riley,Atlanta Braves,Nick Lodolo,BetMGM,466,0.2035,0.0706,0.0268,64,B,WATCH,6.0,7.0,6.0,0.0,NO,,
2026-05-31,MORNING,Ezequiel Tovar,Colorado Rockies,Robbie Ray,DraftKings,624,0.1646,0.0707,0.0265,46,C,WATCH,9.0,7.0,9.0,0.0,NO,,
2026-05-31,MORNING,Sung-Mun Song,San Diego Padres,Zack Littell,BetMGM,574,0.1747,0.07,0.0264,54,C,WATCH,8.0,6.0,8.0,0.0,NO,,
2026-05-31,MORNING,Taylor Ward,Baltimore Orioles,Spencer Miles,FanDuel,500,0.1928,0.0729,0.0261,68,B,WATCH,1.0,5.0,5.0,0.0,NO,,
2026-05-31,MORNING,Zack Gelof,Athletics,Will Warren,DraftKings,516,0.1885,0.0704,0.0261,60,B,WATCH,6.0,5.0,6.0,0.0,NO,,
2026-05-31,MORNING,Joey Ortiz,Milwaukee Brewers,Tatsuya Imai,FanDuel,546,0.1809,0.0712,0.0261,54,C,WATCH,7.0,5.0,7.0,0.0,NO,,
2026-05-31,MORNING,Alejandro Osuna,Texas Rangers,Michael Wacha,FanDuel,586,0.1716,0.0713,0.0258,49,C,WATCH,8.0,6.0,8.0,0.0,NO,,
2026-05-31,MORNING,Coby Mayo,Baltimore Orioles,Spencer Miles,FanDuel,544,0.1809,0.0712,0.0256,54,C,WATCH,7.0,6.0,7.0,0.0,NO,,
2026-05-31,MORNING,CJ Abrams,Washington Nationals,Griffin Canning,DraftKings,554,0.1785,0.0715,0.0256,52,C,WATCH,8.0,7.0,8.0,0.0,NO,,
2026-05-31,MORNING,Henry Bolte,Athletics,Will Warren,BetMGM,617,0.1651,0.0709,0.0256,46,C,WATCH,9.0,6.0,9.0,0.0,NO,,
2026-05-31,MORNING,Vidal Bruján,New York Mets,John King,FanDuel,616,0.1651,0.0709,0.0254,46,C,WATCH,9.0,5.0,9.0,0.0,NO,,
2026-05-31,MORNING,Travis Bazzana,Cleveland Guardians,Ranger Suarez,DraftKings,504,0.1906,0.072,0.025,60,B,WATCH,1.0,4.0,5.0,0.0,NO,,
2026-05-31,MORNING,Hunter Feduccia,Tampa Bay Rays,Jack Kochanowicz,DraftKings,645,0.1591,0.0714,0.0249,44,C,WATCH,8.0,4.0,7.0,0.0,NO,,
2026-05-31,MORNING,Chad Stevens,Colorado Rockies,Robbie Ray,BetMGM,399,0.225,0.0719,0.0246,74,B,WATCH,5.0,5.0,3.0,0.0,NO,,
2026-05-31,MORNING,Brice Turang,Milwaukee Brewers,Tatsuya Imai,FanDuel,385,0.2306,0.0714,0.0244,77,B,WATCH,4.0,5.0,1.0,0.0,NO,,
2026-05-31,MORNING,Daulton Varsho,Toronto Blue Jays,Kyle Bradish,BetMGM,606,0.166,0.0713,0.0243,46,C,WATCH,9.0,6.0,9.0,0.0,NO,,
2026-05-31,MORNING,Liam Hicks,Miami Marlins,Nolan McLean,FanDuel,438,0.2101,0.0709,0.0242,69,B,WATCH,2.0,6.0,4.0,0.0,NO,,
2026-05-31,MORNING,Max Schuemann,New York Yankees,Jacob Lopez,FanDuel,560,0.1756,0.0727,0.0241,50,C,WATCH,9.0,6.0,9.0,0.0,NO,,
2026-05-31,MORNING,Ben Rice,New York Yankees,Jacob Lopez,FanDuel,373,0.2355,0.0727,0.024,76,B,WATCH,3.0,7.0,2.0,0.0,NO,,
2026-05-31,MORNING,Alika Williams,Athletics,Will Warren,DraftKings,413,0.219,0.0704,0.024,75,B,WATCH,4.0,6.0,1.0,0.0,NO,,
2026-05-31,MORNING,Trevor Larnach,Minnesota Twins,Braxton Ashcraft,BetMGM,607,0.1651,0.0709,0.0236,46,C,WATCH,9.0,7.0,9.0,0.0,NO,,
2026-05-31,MORNING,Ildemaro Vargas,Arizona Diamondbacks,Bryce Miller,DraftKings,436,0.21,0.0699,0.0235,71,B,WATCH,3.0,4.0,2.0,0.0,NO,,
2026-05-31,MORNING,Sebastián Rivero,Los Angeles Angels,Shane McClanahan,BetMGM,436,0.2101,0.0709,0.0235,69,B,WATCH,2.0,5.0,4.0,0.0,NO,,
2026-05-31,MORNING,Brandon Marsh,Philadelphia Phillies,Yoshinobu Yamamoto,FanDuel,610,0.1643,0.0706,0.0235,46,C,WATCH,9.0,4.0,9.0,0.0,NO,,
2026-05-31,MORNING,Jake Burger,Texas Rangers,Michael Wacha,BetMGM,421,0.2152,0.0716,0.0233,70,B,WATCH,3.0,7.0,2.0,0.0,NO,,
2026-05-31,MORNING,Zack Short,Detroit Tigers,Sean Burke,DraftKings,589,0.1685,0.0723,0.0233,46,C,WATCH,9.0,8.0,9.0,0.0,NO,,
2026-05-31,MORNING,Jazz Chisholm Jr.,New York Yankees,Jacob Lopez,FanDuel,389,0.2275,0.0727,0.023,72,B,WATCH,5.0,8.0,3.0,0.0,NO,,
2026-05-31,MORNING,Hao-Yu  Lee,Detroit Tigers,Sean Burke,DraftKings,421,0.2147,0.0718,0.0227,73,B,WATCH,4.0,5.0,1.0,0.0,NO,,
2026-05-31,MORNING,Tyler Heineman,Toronto Blue Jays,Kyle Bradish,BetMGM,430,0.2112,0.0713,0.0225,69,B,WATCH,2.0,7.0,4.0,0.0,NO,,
2026-05-31,MORNING,Orlando Arcia,Minnesota Twins,Braxton Ashcraft,DraftKings,587,0.1679,0.0714,0.0223,49,C,WATCH,7.0,3.0,7.0,0.0,NO,,
2026-05-31,MORNING,Carlos Narváez,Boston Red Sox,Tanner Bibee,FanDuel,605,0.1639,0.0704,0.022,47,C,WATCH,9.0,5.0,9.0,0.0,NO,,
2026-05-31,MORNING,Chase Meidroth,Chicago White Sox,Keider Montero,BetMGM,425,0.2124,0.0706,0.0219,71,B,WATCH,3.0,4.0,2.0,0.0,NO,,
2026-05-31,MORNING,Ty France,San Diego Padres,Zack Littell,BetMGM,382,0.2288,0.0709,0.0214,78,B,WATCH,4.0,7.0,1.0,0.0,NO,,
2026-05-31,MORNING,Mark Vientos,New York Mets,Janson Junk,DraftKings,419,0.2138,0.0709,0.0211,70,B,WATCH,5.0,5.0,3.0,0.0,NO,,
2026-05-31,MORNING,Rhys Hoskins,Cleveland Guardians,Ranger Suarez,BetMGM,380,0.2288,0.0709,0.0205,76,B,WATCH,4.0,5.0,1.0,0.0,NO,,
2026-05-31,MORNING,Nathan Lukes,Toronto Blue Jays,Kyle Bradish,BetMGM,473,0.195,0.0709,0.0205,62,B,WATCH,1.0,6.0,5.0,0.0,NO,,
2026-05-31,MORNING,Drew Romo,Chicago White Sox,Keider Montero,DraftKings,474,0.1944,0.0706,0.0202,62,B,WATCH,1.0,5.0,5.0,0.0,NO,,
2026-05-31,MORNING,Zach Neto,Los Angeles Angels,Shane McClanahan,BetMGM,481,0.1922,0.0726,0.0201,63,B,WATCH,1.0,4.0,5.0,0.0,NO,,
2026-05-31,MORNING,Luis García Jr.,Washington Nationals,Griffin Canning,FanDuel,415,0.2138,0.0709,0.0197,70,B,WATCH,5.0,3.0,3.0,0.0,NO,,
2026-05-31,MORNING,Ezequiel Duran,Texas Rangers,Michael Wacha,BetMGM,375,0.2301,0.0713,0.0195,78,B,WATCH,4.0,7.0,1.0,0.0,NO,,
2026-05-31,MORNING,Junior Caminero,Tampa Bay Rays,Jack Kochanowicz,DraftKings,416,0.2133,0.0714,0.0195,72,B,WATCH,4.0,5.0,1.0,0.0,NO,,
2026-05-31,MORNING,Keibert Ruiz,Washington Nationals,Griffin Canning,BetMGM,424,0.2101,0.0709,0.0192,68,B,WATCH,2.0,4.0,4.0,0.0,NO,,
2026-05-31,MORNING,Logan O'Hoppe,Los Angeles Angels,Shane McClanahan,DraftKings,448,0.2008,0.0703,0.0183,74,B,WATCH,1.0,6.0,5.0,0.0,NO,,
2026-05-31,MORNING,Yandy Díaz,Tampa Bay Rays,Jack Kochanowicz,DraftKings,486,0.1889,0.0714,0.0182,59,B,WATCH,1.0,6.0,5.0,0.0,NO,,
2026-05-31,MORNING,Marcelo Mayer,Boston Red Sox,Tanner Bibee,DraftKings,523,0.1788,0.0704,0.0182,54,C,WATCH,7.0,6.0,7.0,0.0,NO,,
2026-05-31,MORNING,Hayden Senger,New York Mets,Janson Junk,BetMGM,442,0.2026,0.0709,0.0181,64,B,WATCH,1.0,6.0,5.0,0.0,NO,,
2026-05-31,MORNING,Sam Antonacci,Chicago White Sox,Keider Montero,DraftKings,546,0.1728,0.0706,0.018,50,C,WATCH,7.0,6.0,6.0,0.0,NO,,
2026-05-31,MORNING,Ezequiel Tovar,Colorado Rockies,Robbie Ray,BetMGM,539,0.1737,0.0719,0.0172,49,C,WATCH,9.0,6.0,9.0,0.0,NO,,
2026-05-31,MORNING,Aramis Garcia,Arizona Diamondbacks,Bryce Miller,DraftKings,470,0.1922,0.0699,0.0168,61,B,WATCH,1.0,5.0,5.0,0.0,NO,,
2026-05-31,MORNING,Gunnar Henderson,Baltimore Orioles,Spencer Miles,DraftKings,446,0.1992,0.0726,0.0161,63,B,WATCH,2.0,6.0,4.0,0.0,NO,,
2026-05-31,MORNING,Kyle Manzardo,Cleveland Guardians,Ranger Suarez,BetMGM,491,0.1853,0.072,0.0161,56,B,WATCH,6.0,5.0,6.0,0.0,NO,,
2026-05-31,MORNING,Jared Triolo,Pittsburgh Pirates,Zebby Matthews,BetMGM,426,0.206,0.0709,0.0159,68,B,WATCH,5.0,6.0,3.0,0.0,NO,,
2026-05-31,MORNING,Konnor Griffin,Pittsburgh Pirates,Zebby Matthews,BetMGM,531,0.1734,0.0709,0.015,51,C,WATCH,7.0,7.0,7.0,0.0,NO,,
2026-05-31,MORNING,José Ramírez,Cleveland Guardians,Ranger Suarez,BetMGM,446,0.1977,0.072,0.0145,62,B,WATCH,2.0,6.0,4.0,0.0,NO,,
2026-05-31,MORNING,Daniel Schneemann,Cleveland Guardians,Ranger Suarez,BetMGM,563,0.1651,0.0709,0.0142,45,C,WATCH,9.0,6.0,9.0,0.0,NO,,
2026-05-31,MORNING,Freddie Freeman,Los Angeles Dodgers,Andrew Painter,BetMGM,384,0.2205,0.0706,0.0139,73,B,WATCH,3.0,4.0,2.0,0.0,NO,,
2026-05-31,MORNING,Maikel Garcia,Kansas City Royals,Jack Leiter,BetMGM,503,0.1793,0.0706,0.0135,50,C,WATCH,7.0,5.0,7.0,0.0,NO,,
2026-05-31,MORNING,Austin Riley,Atlanta Braves,Nick Lodolo,DraftKings,399,0.2138,0.0709,0.0134,67,B,WATCH,5.0,4.0,3.0,0.0,NO,,
2026-05-31,MORNING,Daniel Susac,San Francisco Giants,Tanner Gordon,BetMGM,434,0.2006,0.0702,0.0133,64,B,WATCH,1.0,6.0,5.0,0.0,NO,,
2026-05-31,MORNING,Garrett Stubbs,Philadelphia Phillies,Yoshinobu Yamamoto,FanDuel,454,0.1938,0.0704,0.0133,62,B,WATCH,1.0,4.0,5.0,0.0,NO,,
2026-05-31,MORNING,Josh Jung,Texas Rangers,Michael Wacha,FanDuel,517,0.1751,0.0716,0.013,50,C,WATCH,7.0,8.0,7.0,0.0,NO,,
2026-05-31,MORNING,Tim Tawa,Arizona Diamondbacks,Bryce Miller,FanDuel,533,0.1709,0.0699,0.0129,50,C,WATCH,7.0,6.0,7.0,0.0,NO,,
2026-05-31,MORNING,Yohendrick Piñango,Toronto Blue Jays,Kyle Bradish,FanDuel,530,0.1716,0.0713,0.0129,48,C,WATCH,8.0,8.0,8.0,0.0,NO,,
2026-05-31,MORNING,Braden Shewmake,Houston Astros,Jacob Misiorowski,BetMGM,436,0.1993,0.0714,0.0128,64,B,WATCH,5.0,5.0,3.0,0.0,NO,,
2026-05-31,MORNING,Luis Rengifo,Milwaukee Brewers,Tatsuya Imai,BetMGM,385,0.218,0.0723,0.0119,66,C,WATCH,5.0,6.0,3.0,0.0,NO,,
2026-05-31,MORNING,Pete Crow-Armstrong,Chicago Cubs,Matthew Liberatore,DraftKings,553,0.1651,0.0709,0.0119,45,C,WATCH,9.0,7.0,9.0,0.0,NO,,
2026-05-31,MORNING,Alex Jackson,Minnesota Twins,Braxton Ashcraft,BetMGM,464,0.1889,0.0714,0.0116,58,B,WATCH,1.0,4.0,5.0,0.0,NO,,
2026-05-31,MORNING,Max Muncy,Los Angeles Dodgers,Andrew Painter,BetMGM,396,0.213,0.0706,0.0114,67,B,WATCH,5.0,5.0,3.0,0.0,NO,,
2026-05-31,MORNING,Patrick Wisdom,Seattle Mariners,Merrill Kelly,DraftKings,437,0.1975,0.0711,0.0113,62,B,WATCH,6.0,5.0,6.0,0.0,NO,,
2026-05-31,MORNING,Willi Castro,Colorado Rockies,Robbie Ray,FanDuel,460,0.1895,0.0719,0.0109,55,B,WATCH,7.0,7.0,7.0,0.0,NO,,
2026-05-31,MORNING,Bryan Reynolds,Pittsburgh Pirates,Zebby Matthews,BetMGM,551,0.1644,0.0709,0.0108,46,C,WATCH,8.0,8.0,8.0,0.0,NO,,
2026-05-31,MORNING,Cole Young,Seattle Mariners,Merrill Kelly,FanDuel,356,0.2295,0.0711,0.0102,75,B,WATCH,4.0,6.0,1.0,0.0,NO,,
2026-05-31,MORNING,Jarren Duran,Boston Red Sox,Tanner Bibee,FanDuel,423,0.2011,0.0704,0.0099,64,B,WATCH,1.0,7.0,5.0,0.0,NO,,
2026-05-31,MORNING,Jorbit Vivas,Washington Nationals,Griffin Canning,FanDuel,486,0.1801,0.0709,0.0094,52,C,WATCH,7.0,5.0,7.0,0.0,NO,,
2026-05-31,MORNING,JJ Bleday,Cincinnati Reds,Spencer Strider,DraftKings,434,0.1963,0.0707,0.009,60,B,WATCH,6.0,7.0,6.0,0.0,NO,,
2026-05-31,MORNING,Trevor Larnach,Minnesota Twins,Braxton Ashcraft,DraftKings,590,0.1539,0.0714,0.009,39,D,WATCH,9.0,5.0,9.0,0.0,NO,,
2026-05-31,MORNING,Blake Perkins,Milwaukee Brewers,Tatsuya Imai,BetMGM,534,0.1664,0.0714,0.0086,45,C,WATCH,9.0,7.0,9.0,0.0,NO,,
2026-05-31,MORNING,Matt Olson,Atlanta Braves,Nick Lodolo,BetMGM,369,0.2213,0.0709,0.0081,72,B,WATCH,3.0,5.0,2.0,0.0,NO,,
2026-05-31,MORNING,Adam Frazier,Los Angeles Angels,Shane McClanahan,DraftKings,369,0.2213,0.0709,0.0081,72,B,WATCH,3.0,7.0,2.0,0.0,NO,,
2026-05-31,MORNING,Gage Workman,Detroit Tigers,Sean Burke,BetMGM,522,0.1689,0.0718,0.0081,47,C,WATCH,7.0,6.0,7.0,0.0,NO,,
2026-05-31,MORNING,Marcus Semien,New York Mets,John King,BetMGM,429,0.1969,0.0709,0.0079,60,B,WATCH,6.0,6.0,6.0,0.0,NO,,
2026-05-31,MORNING,J.P. Crawford,Seattle Mariners,Merrill Kelly,FanDuel,480,0.1801,0.0709,0.0077,52,C,WATCH,7.0,7.0,7.0,0.0,NO,,
2026-05-31,MORNING,Xavier Edwards,Miami Marlins,Nolan McLean,BetMGM,401,0.2072,0.0713,0.0076,87,B,WATCH,5.0,5.0,3.0,0.0,NO,,
2026-05-31,MORNING,Michael Busch,Chicago Cubs,Matthew Liberatore,DraftKings,359,0.2248,0.072,0.0069,71,B,WATCH,3.0,6.0,2.0,0.0,NO,,
2026-05-31,MORNING,Joe Mack,Miami Marlins,Nolan McLean,DraftKings,431,0.1948,0.0708,0.0065,60,B,WATCH,1.0,6.0,5.0,0.0,NO,,
2026-05-31,MORNING,Xander Bogaerts,San Diego Padres,Zack Littell,FanDuel,476,0.1801,0.0709,0.0065,52,C,WATCH,7.0,8.0,7.0,0.0,NO,,
2026-05-31,MORNING,Oliver Dunn,Tampa Bay Rays,Jack Kochanowicz,DraftKings,473,0.1801,0.0709,0.0055,51,C,WATCH,7.0,6.0,7.0,0.0,NO,,
2026-05-31,MORNING,Fernando Tatis Jr.,San Diego Padres,Zack Littell,FanDuel,395,0.2074,0.07,0.0053,67,B,WATCH,1.0,7.0,5.0,0.0,NO,,
2026-05-31,MORNING,Vidal Bruján,New York Mets,Janson Junk,BetMGM,522,0.1651,0.0709,0.0043,44,C,WATCH,9.0,7.0,9.0,0.0,NO,,
2026-05-31,MORNING,Masyn Winn,St. Louis Cardinals,Jordan Wicks,FanDuel,397,0.2054,0.0713,0.0042,64,B,WATCH,6.0,6.0,5.0,0.0,NO,,
2026-05-31,MORNING,Tyler Soderstrom,Athletics,Will Warren,FanDuel,528,0.1633,0.0704,0.0041,44,C,WATCH,8.0,7.0,8.0,0.0,NO,,
2026-05-31,MORNING,Randy Arozarena,Seattle Mariners,Merrill Kelly,DraftKings,500,0.1707,0.0709,0.004,47,C,WATCH,8.0,8.0,8.0,0.0,NO,,
2026-05-31,MORNING,Carter Jensen,Kansas City Royals,Jack Leiter,DraftKings,403,0.2026,0.0709,0.0038,62,B,WATCH,1.0,5.0,5.0,0.0,NO,,
2026-05-31,MORNING,Edgar Quero,Chicago White Sox,Keider Montero,FanDuel,384,0.2101,0.0709,0.0035,66,B,WATCH,2.0,5.0,4.0,0.0,NO,,
2026-05-31,MORNING,Tristan Peters,Chicago White Sox,Keider Montero,DraftKings,545,0.1584,0.0706,0.0033,41,C,WATCH,9.0,7.0,8.0,0.0,NO,,
2026-05-31,MORNING,Dansby Swanson,Chicago Cubs,Matthew Liberatore,BetMGM,456,0.1829,0.072,0.003,52,C,WATCH,7.0,7.0,7.0,0.0,NO,,
2026-05-31,MORNING,Caleb Durbin,Boston Red Sox,Tanner Bibee,DraftKings,500,0.1695,0.0704,0.0028,47,C,WATCH,8.0,8.0,8.0,0.0,NO,,
2026-05-31,MORNING,Oswald Peraza,Los Angeles Angels,Shane McClanahan,FanDuel,447,0.1853,0.072,0.0025,54,C,WATCH,6.0,5.0,6.0,0.0,NO,,
2026-05-31,MORNING,Pete Alonso,Baltimore Orioles,Spencer Miles,BetMGM,366,0.217,0.0726,0.0024,71,B,WATCH,4.0,7.0,1.0,0.0,NO,,
2026-05-31,MORNING,Andrew Vaughn,Milwaukee Brewers,Tatsuya Imai,FanDuel,379,0.2111,0.0712,0.0023,66,B,WATCH,2.0,7.0,3.0,0.0,NO,,
2026-05-31,MORNING,Trea Turner,Philadelphia Phillies,Yoshinobu Yamamoto,BetMGM,521,0.1633,0.0704,0.0023,45,C,WATCH,8.0,5.0,8.0,0.0,NO,,
2026-05-31,MORNING,Gabriel Moreno,Arizona Diamondbacks,Bryce Miller,FanDuel,407,0.1993,0.0699,0.0021,63,B,WATCH,2.0,7.0,4.0,0.0,NO,,
2026-05-31,MORNING,Blaze Alexander,Baltimore Orioles,Spencer Miles,DraftKings,526,0.1619,0.0726,0.0021,42,C,WATCH,8.0,8.0,8.0,0.0,NO,,
2026-05-31,MORNING,Kyle Manzardo,Cleveland Guardians,Ranger Suarez,FanDuel,356,0.2213,0.0709,0.002,72,B,WATCH,3.0,8.0,2.0,0.0,NO,,
2026-05-31,MORNING,Randy Arozarena,Seattle Mariners,Merrill Kelly,FanDuel,490,0.1712,0.0711,0.0017,47,C,WATCH,8.0,7.0,8.0,0.0,NO,,
2026-05-31,MORNING,Luke Keaschall,Minnesota Twins,Braxton Ashcraft,BetMGM,372,0.2133,0.0714,0.0015,70,B,WATCH,4.0,6.0,1.0,0.0,NO,,
2026-05-31,MORNING,Bo Bichette,New York Mets,John King,BetMGM,460,0.1801,0.0709,0.0015,51,C,WATCH,7.0,7.0,7.0,0.0,NO,,
2026-05-31,MORNING,Dane Myers,Cincinnati Reds,Spencer Strider,BetMGM,493,0.1701,0.0707,0.0015,46,C,WATCH,8.0,8.0,8.0,0.0,NO,,
2026-05-31,MORNING,Nick Allen,Houston Astros,Jacob Misiorowski,DraftKings,459,0.1801,0.0709,0.0012,51,C,WATCH,7.0,8.0,7.0,0.0,NO,,
2026-05-31,MORNING,Austin Martin,Minnesota Twins,Braxton Ashcraft,BetMGM,488,0.1707,0.0709,0.0006,46,C,WATCH,8.0,8.0,8.0,0.0,NO,,
2026-05-31,MORNING,Patrick Wisdom,Seattle Mariners,Merrill Kelly,FanDuel,408,0.1969,0.0709,0.0001,59,B,WATCH,6.0,9.0,6.0,0.0,NO,,
2026-05-31,MORNING,Braxton Fulford,Colorado Rockies,Robbie Ray,BetMGM,369,0.2132,0.0719,-0.0001,66,C,WATCH,1.0,8.0,5.0,0.0,NO,,
2026-05-31,MORNING,Otto Lopez,Miami Marlins,Nolan McLean,DraftKings,604,0.1415,0.0707,-0.0005,27,D,WATCH,8.0,7.0,8.0,0.0,NO,,
2026-05-31,MORNING,Joey Ortiz,Milwaukee Brewers,Tatsuya Imai,BetMGM,449,0.1815,0.0714,-0.0007,52,C,WATCH,7.0,8.0,7.0,0.0,NO,,
2026-05-31,MORNING,Weston Wilson,Baltimore Orioles,Spencer Miles,DraftKings,481,0.1714,0.0712,-0.0007,46,C,WATCH,8.0,7.0,8.0,0.0,NO,,
2026-05-31,MORNING,Alex Call,Los Angeles Dodgers,Andrew Painter,BetMGM,504,0.1645,0.0706,-0.0011,43,C,WATCH,9.0,6.0,8.0,0.0,NO,,
2026-05-31,MORNING,Luis Arraez,San Francisco Giants,Tanner Gordon,DraftKings,365,0.2138,0.0709,-0.0012,66,C,WATCH,5.0,8.0,3.0,0.0,NO,,
2026-05-31,MORNING,Logan O'Hoppe,Los Angeles Angels,Shane McClanahan,BetMGM,527,0.1581,0.0709,-0.0014,51,C,WATCH,8.0,6.0,8.0,0.0,NO,,
2026-05-31,MORNING,Zach Dezenzo,Houston Astros,Jacob Misiorowski,FanDuel,522,0.1591,0.0714,-0.0016,41,C,WATCH,8.0,6.0,8.0,0.0,NO,,
2026-05-31,MORNING,Orlando Arcia,Minnesota Twins,Braxton Ashcraft,BetMGM,449,0.1801,0.0709,-0.0021,51,C,WATCH,7.0,9.0,7.0,0.0,NO,,
2026-05-31,MORNING,José Caballero,New York Yankees,Jacob Lopez,DraftKings,443,0.1816,0.0727,-0.0026,49,C,WATCH,8.0,9.0,8.0,0.0,NO,,
2026-05-31,MORNING,Cedric Mullins,Tampa Bay Rays,Jack Kochanowicz,BetMGM,484,0.1679,0.0714,-0.0034,45,C,WATCH,7.0,7.0,6.0,0.0,NO,,
2026-05-31,MORNING,Vaughn Grissom,Los Angeles Angels,Shane McClanahan,FanDuel,372,0.2083,0.072,-0.0036,66,C,WATCH,3.0,7.0,2.0,0.0,NO,,
2026-05-31,MORNING,Endy Rodríguez,Pittsburgh Pirates,Zebby Matthews,FanDuel,385,0.2026,0.0709,-0.0036,62,C,WATCH,1.0,8.0,5.0,0.0,NO,,
2026-05-31,MORNING,Alex Bregman,Chicago Cubs,Matthew Liberatore,BetMGM,391,0.2,0.072,-0.0036,60,C,WATCH,6.0,8.0,6.0,0.0,NO,,
2026-05-31,MORNING,Heriberto Hernández,Miami Marlins,Nolan McLean,FanDuel,514,0.1587,0.0708,-0.0041,40,C,WATCH,9.0,8.0,7.0,0.0,NO,,
2026-05-31,MORNING,Alec Bohm,Philadelphia Phillies,Yoshinobu Yamamoto,BetMGM,445,0.1793,0.0706,-0.0042,50,C,WATCH,7.0,8.0,7.0,0.0,NO,,
2026-05-31,MORNING,Drew Millas,Washington Nationals,Griffin Canning,FanDuel,383,0.2026,0.0709,-0.0045,62,C,WATCH,1.0,7.0,5.0,0.0,NO,,
2026-05-31,MORNING,Ryan McMahon,New York Yankees,Jacob Lopez,FanDuel,394,0.1978,0.0712,-0.0047,59,C,WATCH,6.0,8.0,6.0,0.0,NO,,
2026-05-31,MORNING,Ryan Waldschmidt,Arizona Diamondbacks,Bryce Miller,BetMGM,519,0.1566,0.0699,-0.0049,40,C,WATCH,9.0,8.0,9.0,0.0,NO,,
2026-05-31,MORNING,Brett Baty,New York Mets,Janson Junk,DraftKings,469,0.1707,0.0709,-0.0051,45,C,WATCH,8.0,8.0,8.0,0.0,NO,,
2026-05-31,MORNING,Bryce Harper,Philadelphia Phillies,Yoshinobu Yamamoto,DraftKings,322,0.2308,0.0715,-0.0062,99,C,WATCH,4.0,6.0,1.0,0.0,NO,,
2026-05-31,MORNING,Marcus Semien,New York Mets,Janson Junk,DraftKings,392,0.1969,0.0709,-0.0063,58,C,WATCH,6.0,9.0,6.0,0.0,NO,,
2026-05-31,MORNING,Luisangel Acuña,Chicago White Sox,Keider Montero,DraftKings,463,0.1707,0.0709,-0.0069,45,C,WATCH,8.0,6.0,7.0,0.0,NO,,
2026-05-31,MORNING,Nick Madrigal,Los Angeles Angels,Shane McClanahan,DraftKings,516,0.1553,0.072,-0.007,37,D,WATCH,9.0,8.0,9.0,0.0,NO,,
2026-05-31,MORNING,Julio Rodríguez,Seattle Mariners,Merrill Kelly,BetMGM,479,0.1655,0.0711,-0.0072,43,C,WATCH,9.0,8.0,9.0,0.0,NO,,
2026-05-31,MORNING,Pete Crow-Armstrong,Chicago Cubs,Matthew Liberatore,FanDuel,472,0.1677,0.072,-0.0072,43,C,WATCH,9.0,9.0,9.0,0.0,NO,,
2026-05-31,MORNING,Matt Chapman,San Francisco Giants,Tanner Gordon,DraftKings,391,0.195,0.0702,-0.0087,59,C,WATCH,6.0,7.0,6.0,0.0,NO,,
2026-05-31,MORNING,Maikel Garcia,Kansas City Royals,Jack Leiter,DraftKings,429,0.1801,0.0709,-0.009,48,C,WATCH,7.0,7.0,7.0,0.0,NO,,
2026-05-31,MORNING,Taylor Walls,Tampa Bay Rays,Jack Kochanowicz,FanDuel,514,0.1539,0.0714,-0.009,37,D,WATCH,9.0,8.0,8.0,0.0,NO,,
2026-05-31,MORNING,Victor Caratini,Minnesota Twins,Braxton Ashcraft,DraftKings,386,0.1959,0.0714,-0.0099,60,C,WATCH,2.0,7.0,4.0,0.0,NO,,
2026-05-31,MORNING,Austin Martin,Minnesota Twins,Braxton Ashcraft,FanDuel,491,0.1591,0.0714,-0.0101,40,C,WATCH,8.0,8.0,8.0,0.0,NO,,
2026-05-31,MORNING,Christian Vázquez,Houston Astros,Jacob Misiorowski,BetMGM,402,0.1889,0.0714,-0.0103,56,C,WATCH,1.0,7.0,5.0,0.0,NO,,
2026-05-31,MORNING,Bryce Harper,Philadelphia Phillies,Yoshinobu Yamamoto,FanDuel,314,0.2311,0.0716,-0.0105,99,C,WATCH,4.0,9.0,1.0,0.0,NO,,
2026-05-31,MORNING,Ramón Laureano,San Diego Padres,Zack Littell,DraftKings,452,0.1707,0.0709,-0.0105,45,C,WATCH,8.0,9.0,8.0,0.0,NO,,
2026-05-31,MORNING,Matt Olson,Atlanta Braves,Nick Lodolo,DraftKings,318,0.2286,0.0706,-0.0106,73,C,WATCH,3.0,8.0,2.0,0.0,NO,,
2026-05-31,MORNING,Brice Matthews,Houston Astros,Jacob Misiorowski,FanDuel,508,0.1539,0.0714,-0.0106,37,D,WATCH,9.0,8.0,9.0,0.0,NO,,
2026-05-31,MORNING,César Salazar,Houston Astros,Jacob Misiorowski,BetMGM,384,0.1959,0.0714,-0.0108,59,C,WATCH,2.0,9.0,4.0,0.0,NO,,
2026-05-31,MORNING,Freddy Fermin,San Diego Padres,Zack Littell,FanDuel,456,0.169,0.07,-0.0109,46,C,WATCH,9.0,8.0,9.0,0.0,NO,,
2026-05-31,MORNING,Nick Fortes,Tampa Bay Rays,Jack Kochanowicz,FanDuel,352,0.2101,0.0709,-0.0112,64,C,WATCH,2.0,7.0,4.0,0.0,NO,,
2026-05-31,MORNING,J.P. Crawford,Seattle Mariners,Merrill Kelly,DraftKings,421,0.1806,0.0711,-0.0114,50,C,WATCH,7.0,9.0,7.0,0.0,NO,,
2026-05-31,MORNING,Kyle Karros,Colorado Rockies,Robbie Ray,FanDuel,423,0.1796,0.0719,-0.0116,48,C,WATCH,8.0,9.0,8.0,0.0,NO,,
2026-05-31,MORNING,Jorbit Vivas,Washington Nationals,Griffin Canning,BetMGM,399,0.1883,0.0715,-0.0121,52,C,WATCH,7.0,8.0,7.0,0.0,NO,,
2026-05-31,MORNING,Bobby Witt Jr.,Kansas City Royals,Jack Leiter,BetMGM,446,0.1707,0.0709,-0.0125,45,C,WATCH,8.0,8.0,8.0,0.0,NO,,
2026-05-31,MORNING,Isiah Kiner-Falefa,Boston Red Sox,Tanner Bibee,DraftKings,380,0.1955,0.0704,-0.0128,59,C,WATCH,6.0,9.0,6.0,0.0,NO,,
2026-05-31,MORNING,Ha-Seong Kim,Atlanta Braves,Nick Lodolo,DraftKings,428,0.1763,0.0706,-0.0131,48,C,WATCH,8.0,9.0,8.0,0.0,NO,,
2026-05-31,MORNING,Hayden Senger,New York Mets,John King,BetMGM,363,0.2026,0.0709,-0.0134,60,C,WATCH,1.0,8.0,5.0,0.0,NO,,
2026-05-31,MORNING,Carter Jensen,Kansas City Royals,Jack Leiter,FanDuel,364,0.2017,0.0706,-0.0138,60,C,WATCH,1.0,6.0,5.0,0.0,NO,,
2026-05-31,MORNING,Jorge Barrosa,Arizona Diamondbacks,Bryce Miller,DraftKings,469,0.162,0.0699,-0.0138,42,C,WATCH,8.0,9.0,8.0,0.0,NO,,
2026-05-31,MORNING,Bryson Stott,Philadelphia Phillies,Yoshinobu Yamamoto,DraftKings,357,0.2046,0.0704,-0.0142,62,C,WATCH,5.0,7.0,3.0,0.0,NO,,
2026-05-31,MORNING,Miguel Rojas,Los Angeles Dodgers,Andrew Painter,FanDuel,416,0.1794,0.0706,-0.0144,49,C,WATCH,7.0,7.0,6.0,0.0,NO,,
2026-05-31,MORNING,Zach Dezenzo,Houston Astros,Jacob Misiorowski,DraftKings,440,0.1707,0.0709,-0.0145,44,C,WATCH,8.0,9.0,8.0,0.0,NO,,
2026-05-31,MORNING,Jose Siri,Los Angeles Angels,Shane McClanahan,BetMGM,442,0.1694,0.072,-0.0151,44,C,WATCH,7.0,9.0,7.0,0.0,NO,,
2026-05-31,MORNING,José Fermín,St. Louis Cardinals,Jordan Wicks,BetMGM,411,0.1801,0.0709,-0.0156,49,C,WATCH,7.0,6.0,6.0,0.0,NO,,
2026-05-31,MORNING,Tyler Tolbert,Kansas City Royals,Jack Leiter,DraftKings,372,0.1961,0.0706,-0.0157,57,C,WATCH,6.0,7.0,6.0,0.0,NO,,
2026-05-31,MORNING,Alec Bohm,Philadelphia Phillies,Yoshinobu Yamamoto,FanDuel,432,0.1723,0.0704,-0.0157,47,C,WATCH,7.0,8.0,7.0,0.0,NO,,
2026-05-31,MORNING,Alex Call,Los Angeles Dodgers,Andrew Painter,DraftKings,474,0.1584,0.0706,-0.0158,40,C,WATCH,9.0,6.0,8.0,0.0,NO,,
2026-05-31,MORNING,Isaac Collins,Kansas City Royals,Jack Leiter,FanDuel,451,0.1651,0.0709,-0.0164,41,C,WATCH,9.0,9.0,9.0,0.0,NO,,
2026-05-31,MORNING,Mike Yastrzemski,Atlanta Braves,Nick Lodolo,BetMGM,448,0.1651,0.0709,-0.0174,41,C,WATCH,9.0,7.0,9.0,0.0,NO,,
2026-05-31,MORNING,Taylor Walls,Tampa Bay Rays,Jack Kochanowicz,DraftKings,431,0.1707,0.0709,-0.0176,44,C,WATCH,8.0,8.0,8.0,0.0,NO,,
2026-05-31,MORNING,Jake Mangum,Pittsburgh Pirates,Zebby Matthews,BetMGM,446,0.1651,0.0709,-0.0181,41,C,WATCH,9.0,9.0,9.0,0.0,NO,,
2026-05-31,MORNING,Mookie Betts,Los Angeles Dodgers,Andrew Painter,FanDuel,422,0.1732,0.0719,-0.0183,65,C,WATCH,8.0,8.0,7.0,0.0,NO,,
2026-05-31,MORNING,Blake Perkins,Milwaukee Brewers,Tatsuya Imai,FanDuel,443,0.1659,0.0712,-0.0183,41,C,WATCH,9.0,8.0,9.0,0.0,NO,,
2026-05-31,MORNING,Kyle Karros,Colorado Rockies,Robbie Ray,DraftKings,429,0.1702,0.0707,-0.0188,44,C,WATCH,8.0,8.0,8.0,0.0,NO,,
2026-05-31,MORNING,Henry Bolte,Athletics,Will Warren,DraftKings,465,0.1579,0.0704,-0.019,38,D,WATCH,9.0,8.0,9.0,0.0,NO,,
2026-05-31,MORNING,Dalton Rushing,Los Angeles Dodgers,Andrew Painter,BetMGM,368,0.1944,0.0706,-0.0193,58,C,WATCH,1.0,7.0,5.0,0.0,NO,,
2026-05-31,MORNING,Jorge Mateo,Atlanta Braves,Nick Lodolo,BetMGM,400,0.1801,0.0709,-0.0199,48,C,WATCH,7.0,8.0,7.0,0.0,NO,,
2026-05-31,MORNING,Nick Castellanos,San Diego Padres,Zack Littell,DraftKings,389,0.1843,0.07,-0.0202,53,C,WATCH,7.0,9.0,7.0,0.0,NO,,
2026-05-31,MORNING,Sam Antonacci,Chicago White Sox,Keider Montero,FanDuel,394,0.1801,0.0709,-0.0224,48,C,WATCH,7.0,7.0,6.0,0.0,NO,,
2026-05-31,MORNING,Nick Sogard,Boston Red Sox,Tanner Bibee,BetMGM,416,0.1712,0.0711,-0.0226,43,C,WATCH,8.0,8.0,8.0,0.0,NO,,
2026-05-31,MORNING,Jackson Chourio,Milwaukee Brewers,Tatsuya Imai,FanDuel,414,0.1715,0.0712,-0.023,43,C,WATCH,8.0,9.0,8.0,0.0,NO,,
2026-05-31,MORNING,Ian Happ,Chicago Cubs,Matthew Liberatore,DraftKings,415,0.1707,0.0709,-0.0235,43,C,WATCH,8.0,9.0,8.0,0.0,NO,,
2026-05-31,MORNING,Chandler Simpson,Tampa Bay Rays,Jack Kochanowicz,FanDuel,429,0.1651,0.0709,-0.024,40,C,WATCH,9.0,9.0,9.0,0.0,NO,,
2026-05-31,MORNING,Zack Short,Detroit Tigers,Sean Burke,FanDuel,459,0.1548,0.0718,-0.024,36,D,WATCH,9.0,7.0,9.0,0.0,NO,,
2026-05-31,MORNING,Thomas Saggese,St. Louis Cardinals,Jordan Wicks,DraftKings,394,0.178,0.0713,-0.0245,47,C,WATCH,8.0,7.0,7.0,0.0,NO,,
2026-05-31,MORNING,Brandon Marsh,Philadelphia Phillies,Yoshinobu Yamamoto,DraftKings,447,0.1579,0.0704,-0.0249,39,D,WATCH,9.0,9.0,9.0,0.0,NO,,
2026-05-31,MORNING,Daylen Lile,Washington Nationals,Griffin Canning,DraftKings,406,0.1726,0.0715,-0.025,43,C,WATCH,9.0,9.0,9.0,0.0,NO,,
2026-05-31,MORNING,Brayan Rocchio,Cleveland Guardians,Ranger Suarez,FanDuel,453,0.1553,0.072,-0.0255,35,D,WATCH,9.0,7.0,8.0,0.0,NO,,
2026-05-31,MORNING,TJ Friedl,Cincinnati Reds,Spencer Strider,FanDuel,425,0.1645,0.0707,-0.0259,40,C,WATCH,9.0,9.0,9.0,0.0,NO,,
2026-05-31,MORNING,Miguel Rojas,Los Angeles Dodgers,Andrew Painter,DraftKings,403,0.1728,0.0706,-0.026,46,C,WATCH,7.0,8.0,7.0,0.0,NO,,
2026-05-31,MORNING,Darell Hernaiz,Athletics,Will Warren,DraftKings,385,0.1801,0.0709,-0.0261,48,C,WATCH,7.0,9.0,7.0,0.0,NO,,
2026-05-31,MORNING,Colt Keith,Detroit Tigers,Sean Burke,DraftKings,374,0.1848,0.0718,-0.0262,51,C,WATCH,6.0,8.0,6.0,0.0,NO,,
2026-05-31,MORNING,Sam Haggerty,Texas Rangers,Michael Wacha,FanDuel,434,0.1605,0.0716,-0.0268,38,D,WATCH,9.0,9.0,9.0,0.0,NO,,
2026-05-31,MORNING,Gage Workman,Detroit Tigers,Sean Burke,DraftKings,374,0.1838,0.0723,-0.0272,48,C,WATCH,7.0,9.0,7.0,0.0,NO,,
2026-05-31,MORNING,Drew Gilbert,San Francisco Giants,Tanner Gordon,BetMGM,424,0.1634,0.0702,-0.0274,41,C,WATCH,9.0,8.0,9.0,0.0,NO,,
2026-05-31,MORNING,Luisangel Acuña,Chicago White Sox,Keider Montero,BetMGM,423,0.1638,0.0706,-0.0274,40,C,WATCH,8.0,8.0,7.0,0.0,NO,,
2026-05-31,MORNING,Andrés Giménez,Toronto Blue Jays,Kyle Bradish,BetMGM,421,0.1643,0.0709,-0.0276,40,C,WATCH,8.0,7.0,8.0,0.0,NO,,
2026-05-31,MORNING,Austin Hedges,Cleveland Guardians,Ranger Suarez,BetMGM,428,0.1606,0.072,-0.0288,38,D,WATCH,8.0,8.0,7.0,0.0,NO,,
2026-05-31,MORNING,Darell Hernaiz,Athletics,Will Warren,BetMGM,396,0.1723,0.0704,-0.0293,45,C,WATCH,7.0,9.0,7.0,0.0,NO,,
2026-05-31,MORNING,Bobby Witt Jr.,Kansas City Royals,Jack Leiter,DraftKings,400,0.17,0.0706,-0.03,42,C,WATCH,8.0,8.0,8.0,0.0,NO,,
2026-05-31,MORNING,Jackson Holliday,Baltimore Orioles,Spencer Miles,FanDuel,436,0.1566,0.0726,-0.03,33,D,WATCH,9.0,9.0,9.0,0.0,NO,,
2026-05-31,MORNING,Pete Alonso,Baltimore Orioles,Spencer Miles,FanDuel,296,0.2223,0.0712,-0.0302,68,C,WATCH,3.0,9.0,2.0,0.0,NO,,
2026-05-31,MORNING,Daylen Lile,Washington Nationals,Griffin Canning,FanDuel,412,0.1651,0.0709,-0.0303,40,C,WATCH,9.0,9.0,9.0,0.0,NO,,
2026-05-31,MORNING,Kevin McGonigle,Detroit Tigers,Sean Burke,FanDuel,425,0.1601,0.0718,-0.0304,38,D,WATCH,8.0,9.0,8.0,0.0,NO,,
2026-05-31,MORNING,Victor Scott II,St. Louis Cardinals,Jordan Wicks,BetMGM,410,0.1651,0.0709,-0.031,40,C,WATCH,9.0,8.0,8.0,0.0,NO,,
2026-05-31,MORNING,Jackson Chourio,Milwaukee Brewers,Tatsuya Imai,BetMGM,390,0.172,0.0714,-0.0321,43,C,WATCH,8.0,9.0,8.0,0.0,NO,,
2026-05-31,MORNING,Angel Martínez,Cleveland Guardians,Ranger Suarez,DraftKings,393,0.1707,0.0709,-0.0322,42,C,WATCH,8.0,9.0,8.0,0.0,NO,,
2026-05-31,MORNING,Isaac Collins,Kansas City Royals,Jack Leiter,DraftKings,402,0.1644,0.0706,-0.0348,39,D,WATCH,9.0,9.0,9.0,0.0,NO,,
2026-05-31,MORNING,Willy Adames,San Francisco Giants,Tanner Gordon,FanDuel,369,0.1783,0.0702,-0.0349,47,C,WATCH,7.0,9.0,7.0,0.0,NO,,
2026-05-31,MORNING,Brett Baty,New York Mets,John King,DraftKings,384,0.1707,0.0709,-0.0359,42,C,WATCH,8.0,9.0,8.0,0.0,NO,,
2026-05-31,MORNING,Brooks Lee,Minnesota Twins,Braxton Ashcraft,FanDuel,355,0.1836,0.0714,-0.0362,50,C,WATCH,6.0,9.0,6.0,0.0,NO,,
2026-05-31,MORNING,Jorge Barrosa,Arizona Diamondbacks,Bryce Miller,BetMGM,378,0.1707,0.0709,-0.0385,41,C,WATCH,8.0,9.0,8.0,0.0,NO,,
2026-05-31,MORNING,Brandon Valenzuela,Toronto Blue Jays,Kyle Bradish,BetMGM,405,0.1589,0.0709,-0.0391,36,D,WATCH,9.0,8.0,9.0,0.0,NO,,
2026-05-31,MORNING,Jake Mangum,Pittsburgh Pirates,Zebby Matthews,DraftKings,398,0.159,0.0709,-0.0418,37,D,WATCH,9.0,9.0,9.0,0.0,NO,,
2026-05-31,MORNING,Andruw Monasterio,Boston Red Sox,Tanner Bibee,DraftKings,382,0.1656,0.0711,-0.0419,38,D,WATCH,9.0,9.0,9.0,0.0,NO,,
2026-05-31,MORNING,Charles McAdoo,Toronto Blue Jays,Kyle Bradish,FanDuel,350,0.1733,0.0709,-0.0489,40,C,WATCH,7.0,9.0,7.0,0.0,NO,,
2026-05-31,MORNING,Victor Scott II,St. Louis Cardinals,Jordan Wicks,FanDuel,350,0.1721,0.0713,-0.0501,41,C,WATCH,9.0,8.0,8.0,0.0,NO,,
2026-05-31,ONE_HOUR,Hunter Goodman,Colorado Rockies,Robbie Ray,BetMGM,+643,0.241,0.072,0.1064,90,B,TIER 1 💎,4.0,1.0,1.0,1.0,YES 🔥,,
2026-05-31,ONE_HOUR,Ozzie Albies,Atlanta Braves,Nick Lodolo,FanDuel,+617,0.2364,0.0706,0.0969,88,B,TIER 1 💎,4.0,1.0,1.0,1.0,YES 🔥,,
2026-05-31,ONE_HOUR,Ben Rice,New York Yankees,Jacob Lopez,BetMGM,617,0.2355,0.0727,0.096,85,B,TIER 1 💎,3.0,1.0,2.0,1.0,YES 🔥,,
2026-05-31,ONE_HOUR,Brice Turang,Milwaukee Brewers,Tatsuya Imai,BetMGM,+654,0.2231,0.0714,0.0904,81,B,TIER 1 💎,3.0,1.0,2.0,1.0,YES 🔥,,
2026-05-31,ONE_HOUR,Chad Stevens,Colorado Rockies,Robbie Ray,DraftKings,641,0.225,0.0719,0.0901,82,B,TIER 1 💎,5.0,1.0,3.0,1.0,YES 🔥,,
2026-05-31,ONE_HOUR,Jared Young,New York Mets,John King,BetMGM,+616,0.2288,0.0709,0.0892,89,B,TIER 1 💎,4.0,1.0,1.0,1.0,YES 🔥,,
2026-05-31,ONE_HOUR,Manny Machado,San Diego Padres,Zack Littell,BetMGM,618,0.2266,0.07,0.0873,86,B,TIER 1 💎,3.0,1.0,2.0,1.0,YES 🔥,,
2026-05-31,ONE_HOUR,Alika Williams,Athletics,Will Warren,FanDuel,642,0.219,0.0704,0.0842,83,B,TIER 1 💎,4.0,1.0,1.0,1.0,YES 🔥,,
2026-05-31,ONE_HOUR,Sal Stewart,Cincinnati Reds,Spencer Strider,BetMGM,564,0.2346,0.0701,0.084,89,B,TIER 1 💎,4.0,1.0,1.0,1.0,YES 🔥,,
2026-05-31,ONE_HOUR,Salvador Perez,Kansas City Royals,Jack Leiter,BetMGM,593,0.2279,0.0706,0.0836,85,B,TIER 1 💎,4.0,1.0,1.0,1.0,YES 🔥,,
2026-05-31,ONE_HOUR,Kazuma Okamoto,Toronto Blue Jays,Kyle Bradish,BetMGM,631,0.2203,0.0709,0.0835,83,B,TIER 1 💎,4.0,1.0,1.0,1.0,YES 🔥,,
2026-05-31,ONE_HOUR,Nolan Gorman,St. Louis Cardinals,Jordan Wicks,FanDuel,609,0.223,0.0713,0.0819,82,B,TIER 1 💎,5.0,1.0,3.0,1.0,YES 🔥,,
2026-05-31,ONE_HOUR,Manny Machado,San Diego Padres,Zack Littell,DraftKings,+589,0.2266,0.07,0.0814,86,B,TIER 1 💎,3.0,1.0,2.0,1.0,YES 🔥,,
2026-05-31,ONE_HOUR,Spencer Horwitz,Pittsburgh Pirates,Zebby Matthews,FanDuel,648,0.2132,0.0709,0.0795,79,B,TIER 1 💎,3.0,1.0,2.0,1.0,YES 🔥,,
2026-05-31,ONE_HOUR,Eugenio Suárez,Cincinnati Reds,Spencer Strider,DraftKings,+612,0.2192,0.0701,0.0788,79,B,TIER 1 💎,5.0,1.0,3.0,1.0,YES 🔥,,
2026-05-31,ONE_HOUR,Vinnie Pasquantino,Kansas City Royals,Jack Leiter,BetMGM,+595,0.2204,0.0706,0.0765,79,B,TIER 1 💎,3.0,1.0,2.0,1.0,YES 🔥,,
2026-05-31,ONE_HOUR,Junior Caminero,Tampa Bay Rays,Jack Kochanowicz,BetMGM,+629,0.2133,0.0714,0.0762,79,B,TIER 1 💎,4.0,1.0,1.0,1.0,YES 🔥,,
2026-05-31,ONE_HOUR,Daylen Lile,Washington Nationals,Griffin Canning,BetMGM,+576,0.2236,0.0715,0.0757,80,B,TIER 1 💎,5.0,1.0,3.0,1.0,YES 🔥,,
2026-05-31,ONE_HOUR,Josh Bell,Minnesota Twins,Braxton Ashcraft,DraftKings,+625,0.2133,0.0714,0.0754,79,B,TIER 1 💎,4.0,1.0,1.0,1.0,YES 🔥,,
2026-05-31,ONE_HOUR,Justin Foscue,Texas Rangers,Michael Wacha,BetMGM,649,0.2079,0.0716,0.0744,74,B,TIER 2 🔥,5.0,1.0,3.0,0.5,YES 🔥,,
2026-05-31,ONE_HOUR,Xavier Edwards,Miami Marlins,Nolan McLean,DraftKings,649,0.2072,0.0713,0.0737,95,A,TIER 2 🔥,5.0,1.0,3.0,0.5,YES 🔥,,
2026-05-31,ONE_HOUR,Richie Palacios,Tampa Bay Rays,Jack Kochanowicz,DraftKings,651,0.2063,0.0714,0.0732,75,B,TIER 2 🔥,3.0,1.0,2.0,0.5,YES 🔥,,
2026-05-31,ONE_HOUR,Tyler Soderstrom,Athletics,Will Warren,DraftKings,+580,0.219,0.0704,0.0719,81,B,TIER 1 💎,4.0,1.0,1.0,1.0,YES 🔥,,
2026-05-31,ONE_HOUR,Colson Montgomery,Chicago White Sox,Keider Montero,BetMGM,+575,0.2196,0.0706,0.0714,84,B,TIER 1 💎,4.0,1.0,1.0,1.0,YES 🔥,,
2026-05-31,ONE_HOUR,Ernie Clement,Toronto Blue Jays,Kyle Bradish,BetMGM,+638,0.2058,0.0709,0.0703,74,B,TIER 2 🔥,5.0,1.0,3.0,0.5,YES 🔥,,
2026-05-31,ONE_HOUR,Riley Greene,Detroit Tigers,Sean Burke,DraftKings,+664,0.2006,0.0718,0.0697,69,B,TIER 2 🔥,5.0,1.0,3.0,0.5,YES 🔥,,
2026-05-31,ONE_HOUR,Colt Emerson,Seattle Mariners,Merrill Kelly,FanDuel,587,0.2144,0.0711,0.0689,77,B,TIER 1 💎,5.0,1.0,3.0,1.0,YES 🔥,,
2026-05-31,ONE_HOUR,Kyle Stowers,Miami Marlins,Nolan McLean,FanDuel,+557,0.22,0.0708,0.0678,81,B,TIER 1 💎,4.0,1.0,1.0,1.0,YES 🔥,,
2026-05-31,ONE_HOUR,Rafael Devers,San Francisco Giants,Tanner Gordon,FanDuel,+611,0.208,0.0702,0.0674,73,B,TIER 2 🔥,2.0,1.0,4.0,0.5,YES 🔥,,
2026-05-31,ONE_HOUR,Colson Montgomery,Chicago White Sox,Keider Montero,DraftKings,554,0.2196,0.0706,0.0667,84,B,TIER 1 💎,4.0,1.0,1.0,1.0,YES 🔥,,
2026-05-31,ONE_HOUR,Ildemaro Vargas,Arizona Diamondbacks,Bryce Miller,BetMGM,582,0.21,0.0699,0.0634,76,B,TIER 1 💎,3.0,1.0,2.0,1.0,YES 🔥,,
2026-05-31,ONE_HOUR,Freddie Freeman,Los Angeles Dodgers,Andrew Painter,DraftKings,563,0.2124,0.0706,0.0616,77,B,TIER 1 💎,3.0,1.0,2.0,1.0,YES 🔥,,
2026-05-31,ONE_HOUR,Jesus Rodriguez,San Francisco Giants,Tanner Gordon,DraftKings,523,0.2191,0.0702,0.0586,79,B,TIER 1 💎,3.0,1.0,2.0,1.0,YES 🔥,,
2026-05-31,ONE_HOUR,Jake Burger,Texas Rangers,Michael Wacha,BetMGM,+507,0.2229,0.0717,0.0581,78,B,TIER 1 💎,4.0,2.0,1.0,1.0,YES 🔥,,
2026-05-31,ONE_HOUR,Paul Goldschmidt,New York Yankees,Jacob Lopez,BetMGM,+593,0.2002,0.073,0.0559,65,B,TIER 2 🔥,4.0,1.0,4.0,0.5,YES 🔥,,
2026-05-31,ONE_HOUR,Jorge Soler,Los Angeles Angels,Shane McClanahan,DraftKings,+526,0.2146,0.0718,0.0549,99,A,TIER 1 💎,4.0,1.0,1.0,1.0,YES 🔥,,
2026-05-31,ONE_HOUR,Rhys Hoskins,Cleveland Guardians,Ranger Suarez,DraftKings,+522,0.2153,0.072,0.0545,74,B,TIER 1 💎,4.0,1.0,1.0,1.0,YES 🔥,,
2026-05-31,ONE_HOUR,J.T. Realmuto,Philadelphia Phillies,Yoshinobu Yamamoto,DraftKings,577,0.201,0.0704,0.0533,71,B,TIER 2 🔥,2.0,1.0,4.0,0.5,YES 🔥,,
2026-05-31,ONE_HOUR,Chase DeLauter,Cleveland Guardians,Ranger Suarez,BetMGM,525,0.2083,0.072,0.0483,70,B,TIER 2 🔥,3.0,1.0,2.0,0.5,YES 🔥,,
2026-05-31,ONE_HOUR,Wilyer Abreu,Boston Red Sox,Tanner Bibee,BetMGM,+474,0.2197,0.0704,0.0455,78,B,TIER 1 💎,3.0,3.0,2.0,1.0,YES 🔥,,
2026-05-31,ONE_HOUR,Michael Busch,Chicago Cubs,Matthew Liberatore,FanDuel,441,0.2248,0.072,0.04,75,B,TIER 1 💎,3.0,2.0,2.0,1.0,YES 🔥,,
2026-05-31,ONE_HOUR,Isaac Paredes,Houston Astros,Jacob Misiorowski,DraftKings,+522,0.1993,0.0714,0.0386,65,B,TIER 2 🔥,5.0,2.0,3.0,0.5,YES 🔥,,
2026-05-31,ONE_HOUR,Gunnar Henderson,Baltimore Orioles,Spencer Miles,BetMGM,+490,0.197,0.0718,0.0275,64,B,TIER 2 🔥,2.0,3.0,4.0,0.5,YES 🔥,,
2026-05-31,ONE_HOUR,Hao-Yu  Lee,Detroit Tigers,Sean Burke,FanDuel,433,0.2147,0.0718,0.0271,73,B,TIER 2 🔥,4.0,2.0,1.0,0.5,YES 🔥,,
2026-05-31,ONE_HOUR,Tyler Freeman,Colorado Rockies,Robbie Ray,DraftKings,+652,0.2213,0.072,0.0883,80,B,WATCH,2.0,2.0,4.0,0.0,NO,,
2026-05-31,ONE_HOUR,Hunter Goodman,Colorado Rockies,Robbie Ray,DraftKings,583,0.2329,0.0719,0.0865,83,B,WATCH,3.0,2.0,2.0,0.0,NO,,
2026-05-31,ONE_HOUR,Eric Wagaman,New York Mets,John King,DraftKings,629,0.2213,0.0709,0.0842,80,B,WATCH,3.0,2.0,2.0,0.0,NO,,
2026-05-31,ONE_HOUR,Xander Bogaerts,San Diego Padres,Zack Littell,DraftKings,565,0.2342,0.07,0.0839,90,B,WATCH,4.0,2.0,1.0,0.0,NO,,
2026-05-31,ONE_HOUR,Xander Bogaerts,San Diego Padres,Zack Littell,FanDuel,+550,0.2342,0.07,0.0804,89,B,WATCH,4.0,2.0,1.0,0.0,NO,,
2026-05-31,ONE_HOUR,Jackson Merrill,San Diego Padres,Zack Littell,BetMGM,622,0.2189,0.07,0.0804,82,B,WATCH,5.0,3.0,3.0,0.0,NO,,
2026-05-31,ONE_HOUR,Austin Wells,New York Yankees,Jacob Lopez,BetMGM,640,0.2155,0.0727,0.0804,75,B,WATCH,1.0,2.0,5.0,0.0,NO,,
2026-05-31,ONE_HOUR,J.C. Escarra,New York Yankees,Jacob Lopez,DraftKings,589,0.2235,0.0727,0.0784,79,B,WATCH,2.0,3.0,4.0,0.0,NO,,
2026-05-31,ONE_HOUR,Elly De La Cruz,Cincinnati Reds,Spencer Strider,FanDuel,628,0.2154,0.0701,0.078,79,B,WATCH,2.0,2.0,4.0,0.0,NO,,
2026-05-31,ONE_HOUR,Jake Bauers,Milwaukee Brewers,Tatsuya Imai,BetMGM,+626,0.2155,0.0714,0.0778,78,B,WATCH,5.0,2.0,3.0,0.0,NO,,
2026-05-31,ONE_HOUR,JJ Bleday,Cincinnati Reds,Spencer Strider,DraftKings,+568,0.2269,0.0701,0.0772,84,B,WATCH,3.0,2.0,2.0,0.0,NO,,
2026-05-31,ONE_HOUR,Jake Bauers,Milwaukee Brewers,Tatsuya Imai,DraftKings,580,0.2231,0.0714,0.076,82,B,WATCH,3.0,2.0,2.0,0.0,NO,,
2026-05-31,ONE_HOUR,Curtis Mead,Washington Nationals,Griffin Canning,DraftKings,539,0.2315,0.0715,0.075,81,B,WATCH,3.0,3.0,2.0,0.0,NO,,
2026-05-31,ONE_HOUR,Luis García Jr.,Washington Nationals,Griffin Canning,DraftKings,591,0.2197,0.0715,0.075,78,B,WATCH,2.0,2.0,4.0,0.0,NO,,
2026-05-31,ONE_HOUR,Brett Sullivan,Colorado Rockies,Robbie Ray,FanDuel,580,0.2211,0.0719,0.074,78,B,WATCH,2.0,3.0,4.0,0.0,NO,,
2026-05-31,ONE_HOUR,James Wood,Washington Nationals,Griffin Canning,DraftKings,619,0.2118,0.0715,0.0728,73,B,WATCH,1.0,4.0,5.0,0.0,NO,,
2026-05-31,ONE_HOUR,Eugenio Suárez,Cincinnati Reds,Spencer Strider,FanDuel,581,0.2192,0.0701,0.0724,78,B,WATCH,5.0,4.0,3.0,0.0,NO,,
2026-05-31,ONE_HOUR,Sal Stewart,Cincinnati Reds,Spencer Strider,FanDuel,+512,0.2346,0.0701,0.0712,87,B,WATCH,4.0,3.0,1.0,0.0,NO,,
2026-05-31,ONE_HOUR,Brandon Lowe,Pittsburgh Pirates,Zebby Matthews,BetMGM,568,0.2204,0.0709,0.0707,80,B,WATCH,4.0,2.0,1.0,0.0,NO,,
2026-05-31,ONE_HOUR,Jazz Chisholm Jr.,New York Yankees,Jacob Lopez,DraftKings,537,0.2275,0.0727,0.0705,78,B,WATCH,5.0,4.0,3.0,0.0,NO,,
2026-05-31,ONE_HOUR,Carter Jensen,Kansas City Royals,Jack Leiter,DraftKings,+656,0.2017,0.0706,0.0695,70,B,WATCH,1.0,2.0,5.0,0.0,NO,,
2026-05-31,ONE_HOUR,Vladimir Guerrero Jr.,Toronto Blue Jays,Kyle Bradish,DraftKings,+651,0.2022,0.0709,0.069,71,B,WATCH,2.0,2.0,4.0,0.0,NO,,
2026-05-31,ONE_HOUR,Nathaniel Lowe,Cincinnati Reds,Spencer Strider,DraftKings,+649,0.2019,0.0701,0.0684,71,B,WATCH,6.0,4.0,6.0,0.0,NO,,
2026-05-31,ONE_HOUR,Curtis Mead,Washington Nationals,Griffin Canning,FanDuel,+511,0.2315,0.0715,0.0678,80,B,WATCH,3.0,2.0,2.0,0.0,NO,,
2026-05-31,ONE_HOUR,Garrett Mitchell,Milwaukee Brewers,Tatsuya Imai,BetMGM,+594,0.2117,0.0714,0.0676,75,B,WATCH,2.0,3.0,4.0,0.0,NO,,
2026-05-31,ONE_HOUR,Jared Triolo,Pittsburgh Pirates,Zebby Matthews,BetMGM,620,0.206,0.0709,0.0671,74,B,WATCH,5.0,3.0,3.0,0.0,NO,,
2026-05-31,ONE_HOUR,Vinnie Pasquantino,Kansas City Royals,Jack Leiter,DraftKings,551,0.2204,0.0706,0.0668,77,B,WATCH,3.0,2.0,2.0,0.0,NO,,
2026-05-31,ONE_HOUR,Jarren Duran,Boston Red Sox,Tanner Bibee,BetMGM,+642,0.2011,0.0704,0.0663,71,B,WATCH,1.0,1.0,5.0,0.0,NO,,
2026-05-31,ONE_HOUR,CJ Abrams,Washington Nationals,Griffin Canning,BetMGM,+476,0.2393,0.0715,0.0657,86,B,WATCH,4.0,3.0,1.0,0.0,NO,,
2026-05-31,ONE_HOUR,Chandler Simpson,Tampa Bay Rays,Jack Kochanowicz,DraftKings,+644,0.1993,0.0714,0.0649,70,B,WATCH,5.0,2.0,3.0,0.0,NO,,
2026-05-31,ONE_HOUR,Andrew Vaughn,Milwaukee Brewers,Tatsuya Imai,DraftKings,+501,0.2306,0.0714,0.0642,84,B,WATCH,4.0,4.0,1.0,0.0,NO,,
2026-05-31,ONE_HOUR,Javier Sanoja,Miami Marlins,Nolan McLean,BetMGM,+605,0.2056,0.0708,0.0638,73,B,WATCH,5.0,2.0,2.0,0.0,NO,,
2026-05-31,ONE_HOUR,Nick Kurtz,Athletics,Will Warren,FanDuel,572,0.2118,0.0704,0.063,77,B,WATCH,3.0,3.0,2.0,0.0,NO,,
2026-05-31,ONE_HOUR,Ryan McMahon,New York Yankees,Jacob Lopez,DraftKings,578,0.2095,0.0727,0.062,70,B,WATCH,6.0,5.0,6.0,0.0,NO,,
2026-05-31,ONE_HOUR,Mark Vientos,New York Mets,John King,DraftKings,+558,0.2138,0.0709,0.0619,75,B,WATCH,5.0,2.0,3.0,0.0,NO,,
2026-05-31,ONE_HOUR,Jarren Duran,Boston Red Sox,Tanner Bibee,DraftKings,618,0.2011,0.0704,0.0618,70,B,WATCH,1.0,2.0,5.0,0.0,NO,,
2026-05-31,ONE_HOUR,James Wood,Washington Nationals,Griffin Canning,FanDuel,+565,0.2118,0.0715,0.0615,72,B,WATCH,1.0,4.0,5.0,0.0,NO,,
2026-05-31,ONE_HOUR,Joc Pederson,Texas Rangers,Michael Wacha,DraftKings,+634,0.1973,0.0717,0.0611,67,B,WATCH,1.0,1.0,5.0,0.0,NO,,
2026-05-31,ONE_HOUR,Endy Rodríguez,Pittsburgh Pirates,Zebby Matthews,DraftKings,643,0.1951,0.0709,0.0605,68,B,WATCH,1.0,4.0,5.0,0.0,NO,,
2026-05-31,ONE_HOUR,José Fermín,St. Louis Cardinals,Jordan Wicks,BetMGM,+640,0.1956,0.0713,0.0604,66,B,WATCH,7.0,1.0,6.0,0.0,NO,,
2026-05-31,ONE_HOUR,TJ Rumfield,Colorado Rockies,Robbie Ray,BetMGM,454,0.2408,0.0719,0.0603,86,B,WATCH,4.0,4.0,1.0,0.0,NO,,
2026-05-31,ONE_HOUR,Jackson Merrill,San Diego Padres,Zack Littell,DraftKings,+530,0.2189,0.07,0.0602,79,B,WATCH,5.0,3.0,3.0,0.0,NO,,
2026-05-31,ONE_HOUR,Gabriel Moreno,Arizona Diamondbacks,Bryce Miller,DraftKings,617,0.1993,0.0699,0.0599,70,B,WATCH,2.0,2.0,4.0,0.0,NO,,
2026-05-31,ONE_HOUR,Nick Kurtz,Athletics,Will Warren,DraftKings,+558,0.2118,0.0704,0.0598,77,B,WATCH,3.0,2.0,2.0,0.0,NO,,
2026-05-31,ONE_HOUR,Andrew Vaughn,Milwaukee Brewers,Tatsuya Imai,FanDuel,557,0.2117,0.0714,0.0595,74,B,WATCH,2.0,3.0,4.0,0.0,NO,,
2026-05-31,ONE_HOUR,A.J. Ewing,New York Mets,John King,DraftKings,+626,0.1969,0.0709,0.0592,66,B,WATCH,6.0,3.0,6.0,0.0,NO,,
2026-05-31,ONE_HOUR,Connor Norby,Miami Marlins,Nolan McLean,DraftKings,521,0.22,0.0708,0.059,78,B,WATCH,4.0,2.0,1.0,0.0,NO,,
2026-05-31,ONE_HOUR,Jake Burger,Texas Rangers,Michael Wacha,FanDuel,540,0.2152,0.0716,0.059,74,B,WATCH,3.0,3.0,2.0,0.0,NO,,
2026-05-31,ONE_HOUR,Salvador Perez,Kansas City Royals,Jack Leiter,DraftKings,+490,0.2279,0.0706,0.0584,82,B,WATCH,4.0,3.0,1.0,0.0,NO,,
2026-05-31,ONE_HOUR,Thomas Saggese,St. Louis Cardinals,Jordan Wicks,DraftKings,+628,0.1956,0.0713,0.0582,66,B,WATCH,8.0,2.0,7.0,0.0,NO,,
2026-05-31,ONE_HOUR,Luis Torrens,New York Mets,John King,BetMGM,558,0.2101,0.0709,0.0581,73,B,WATCH,2.0,4.0,4.0,0.0,NO,,
2026-05-31,ONE_HOUR,Masyn Winn,St. Louis Cardinals,Jordan Wicks,FanDuel,+624,0.1956,0.0713,0.0575,66,B,WATCH,6.0,3.0,5.0,0.0,NO,,
2026-05-31,ONE_HOUR,Jhonny Pereda,Seattle Mariners,Merrill Kelly,FanDuel,586,0.2031,0.0711,0.0574,70,B,WATCH,1.0,2.0,5.0,0.0,NO,,
2026-05-31,ONE_HOUR,Jeremy Peña,Houston Astros,Jacob Misiorowski,BetMGM,+659,0.1889,0.0714,0.0571,64,B,WATCH,1.0,1.0,5.0,0.0,NO,,
2026-05-31,ONE_HOUR,Caleb Durbin,Boston Red Sox,Tanner Bibee,DraftKings,+621,0.1955,0.0704,0.0568,67,B,WATCH,6.0,2.0,6.0,0.0,NO,,
2026-05-31,ONE_HOUR,Josh Naylor,Seattle Mariners,Merrill Kelly,BetMGM,+661,0.1881,0.0711,0.0567,60,B,WATCH,3.0,1.0,3.0,0.0,NO,,
2026-05-31,ONE_HOUR,Lawrence Butler,Athletics,Will Warren,DraftKings,+654,0.1885,0.0704,0.0558,63,B,WATCH,6.0,3.0,5.0,0.0,NO,,
2026-05-31,ONE_HOUR,Joe Mack,Miami Marlins,Nolan McLean,FanDuel,618,0.1948,0.0708,0.0555,66,B,WATCH,1.0,3.0,5.0,0.0,NO,,
2026-05-31,ONE_HOUR,Henry Davis,Pittsburgh Pirates,Zebby Matthews,BetMGM,580,0.2024,0.0709,0.0553,71,B,WATCH,2.0,5.0,4.0,0.0,NO,,
2026-05-31,ONE_HOUR,Jakob Marsee,Miami Marlins,Nolan McLean,DraftKings,+645,0.1894,0.0708,0.0552,63,B,WATCH,6.0,3.0,5.0,0.0,NO,,
2026-05-31,ONE_HOUR,Bo Bichette,New York Mets,John King,BetMGM,+545,0.2101,0.0709,0.055,72,B,WATCH,2.0,4.0,4.0,0.0,NO,,
2026-05-31,ONE_HOUR,Josh Jung,Texas Rangers,Michael Wacha,DraftKings,+568,0.2046,0.0717,0.0549,70,B,WATCH,2.0,3.0,4.0,0.0,NO,,
2026-05-31,ONE_HOUR,J.P. Crawford,Seattle Mariners,Merrill Kelly,FanDuel,+650,0.1881,0.0711,0.0548,62,B,WATCH,7.0,2.0,7.0,0.0,NO,,
2026-05-31,ONE_HOUR,Javier Sanoja,Miami Marlins,Nolan McLean,FanDuel,642,0.1894,0.0708,0.0546,63,B,WATCH,6.0,4.0,6.0,0.0,NO,,
2026-05-31,ONE_HOUR,Michael Busch,Chicago Cubs,Matthew Liberatore,BetMGM,+635,0.1905,0.072,0.0545,60,B,WATCH,3.0,1.0,3.0,0.0,NO,,
2026-05-31,ONE_HOUR,Jac Caglianone,Kansas City Royals,Jack Leiter,DraftKings,530,0.2129,0.0706,0.0542,74,B,WATCH,5.0,3.0,3.0,0.0,NO,,
2026-05-31,ONE_HOUR,Caleb Durbin,Boston Red Sox,Tanner Bibee,BetMGM,606,0.1955,0.0704,0.0539,67,B,WATCH,6.0,3.0,6.0,0.0,NO,,
2026-05-31,ONE_HOUR,Hayden Senger,New York Mets,John King,BetMGM,572,0.2026,0.0709,0.0538,68,B,WATCH,1.0,5.0,5.0,0.0,NO,,
2026-05-31,ONE_HOUR,Christopher Morel,Miami Marlins,Nolan McLean,BetMGM,523,0.2128,0.0708,0.0523,75,B,WATCH,3.0,5.0,2.0,0.0,NO,,
2026-05-31,ONE_HOUR,Ryan McMahon,New York Yankees,Jacob Lopez,BetMGM,+576,0.2002,0.073,0.0523,64,B,WATCH,6.0,2.0,6.0,0.0,NO,,
2026-05-31,ONE_HOUR,David Fry,Cleveland Guardians,Ranger Suarez,BetMGM,+571,0.2012,0.072,0.0522,69,B,WATCH,5.0,2.0,3.0,0.0,NO,,
2026-05-31,ONE_HOUR,Fernando Tatis Jr.,San Diego Padres,Zack Littell,DraftKings,544,0.2074,0.07,0.0521,73,B,WATCH,1.0,4.0,5.0,0.0,NO,,
2026-05-31,ONE_HOUR,Luis Arraez,San Francisco Giants,Tanner Gordon,BetMGM,+495,0.2191,0.0702,0.0511,76,B,WATCH,3.0,2.0,2.0,0.0,NO,,
2026-05-31,ONE_HOUR,Masyn Winn,St. Louis Cardinals,Jordan Wicks,DraftKings,548,0.2054,0.0713,0.051,70,B,WATCH,6.0,3.0,5.0,0.0,NO,,
2026-05-31,ONE_HOUR,Matt Chapman,San Francisco Giants,Tanner Gordon,FanDuel,+594,0.195,0.0702,0.0509,66,B,WATCH,6.0,3.0,6.0,0.0,NO,,
2026-05-31,ONE_HOUR,Chase DeLauter,Cleveland Guardians,Ranger Suarez,DraftKings,+533,0.2083,0.072,0.0503,70,B,WATCH,3.0,3.0,2.0,0.0,NO,,
2026-05-31,ONE_HOUR,Nico Hoerner,Chicago Cubs,Matthew Liberatore,FanDuel,+613,0.1905,0.072,0.0503,61,B,WATCH,4.0,2.0,4.0,0.0,NO,,
2026-05-31,ONE_HOUR,Nolan Gorman,St. Louis Cardinals,Jordan Wicks,DraftKings,+588,0.1956,0.0713,0.0502,65,B,WATCH,5.0,4.0,4.0,0.0,NO,,
2026-05-31,ONE_HOUR,Danny Jansen,Texas Rangers,Michael Wacha,BetMGM,581,0.197,0.0716,0.0501,66,B,WATCH,1.0,5.0,5.0,0.0,NO,,
2026-05-31,ONE_HOUR,Miguel Amaya,Chicago Cubs,Matthew Liberatore,DraftKings,+608,0.1905,0.072,0.0493,61,B,WATCH,2.0,3.0,2.0,0.0,NO,,
2026-05-31,ONE_HOUR,Spencer Torkelson,Detroit Tigers,Sean Burke,DraftKings,+528,0.2076,0.0718,0.0484,72,B,WATCH,3.0,2.0,2.0,0.0,NO,,
2026-05-31,ONE_HOUR,Junior Caminero,Tampa Bay Rays,Jack Kochanowicz,DraftKings,505,0.2133,0.0714,0.048,76,B,WATCH,4.0,2.0,1.0,0.0,NO,,
2026-05-31,ONE_HOUR,Trevor Larnach,Minnesota Twins,Braxton Ashcraft,DraftKings,+560,0.1993,0.0714,0.0478,68,B,WATCH,5.0,2.0,3.0,0.0,NO,,
2026-05-31,ONE_HOUR,Alex Jackson,Minnesota Twins,Braxton Ashcraft,DraftKings,609,0.1889,0.0714,0.0478,63,B,WATCH,1.0,1.0,5.0,0.0,NO,,
2026-05-31,ONE_HOUR,Alejandro Osuna,Texas Rangers,Michael Wacha,FanDuel,+594,0.1918,0.0717,0.0477,63,B,WATCH,6.0,4.0,6.0,0.0,NO,,
2026-05-31,ONE_HOUR,Cole Young,Seattle Mariners,Merrill Kelly,DraftKings,+611,0.1881,0.0711,0.0474,59,B,WATCH,4.0,3.0,4.0,0.0,NO,,
2026-05-31,ONE_HOUR,Willi Castro,Colorado Rockies,Robbie Ray,BetMGM,601,0.1895,0.0719,0.0468,60,B,WATCH,7.0,5.0,7.0,0.0,NO,,
2026-05-31,ONE_HOUR,Nick Gonzales,Pittsburgh Pirates,Zebby Matthews,FanDuel,+647,0.1807,0.0709,0.0468,59,B,WATCH,6.0,1.0,6.0,0.0,NO,,
2026-05-31,ONE_HOUR,Jesús Sánchez,Toronto Blue Jays,Kyle Bradish,DraftKings,600,0.1896,0.0709,0.0467,62,B,WATCH,6.0,4.0,6.0,0.0,NO,,
2026-05-31,ONE_HOUR,Leody Taveras,Baltimore Orioles,Spencer Miles,BetMGM,+624,0.1847,0.0718,0.0466,60,B,WATCH,6.0,1.0,6.0,0.0,NO,,
2026-05-31,ONE_HOUR,Ezequiel Duran,Texas Rangers,Michael Wacha,BetMGM,+518,0.2083,0.0717,0.0465,71,B,WATCH,5.0,5.0,3.0,0.0,NO,,
2026-05-31,ONE_HOUR,Otto Lopez,Miami Marlins,Nolan McLean,DraftKings,+630,0.1835,0.0707,0.0465,58,C,WATCH,3.0,4.0,6.0,0.0,NO,,
2026-05-31,ONE_HOUR,Kazuma Okamoto,Toronto Blue Jays,Kyle Bradish,FanDuel,+475,0.2203,0.0709,0.0463,78,B,WATCH,4.0,3.0,1.0,0.0,NO,,
2026-05-31,ONE_HOUR,Jeremy Peña,Houston Astros,Jacob Misiorowski,FanDuel,600,0.1889,0.0714,0.046,63,B,WATCH,1.0,1.0,5.0,0.0,NO,,
2026-05-31,ONE_HOUR,Chase Meidroth,Chicago White Sox,Keider Montero,BetMGM,+528,0.2052,0.0706,0.0459,71,B,WATCH,5.0,2.0,3.0,0.0,NO,,
2026-05-31,ONE_HOUR,Geraldo Perdomo,Arizona Diamondbacks,Bryce Miller,DraftKings,+655,0.178,0.0699,0.0455,57,B,WATCH,6.0,1.0,6.0,0.0,NO,,
2026-05-31,ONE_HOUR,Samuel Basallo,Baltimore Orioles,Spencer Miles,BetMGM,535,0.2028,0.0726,0.0453,66,B,WATCH,5.0,2.0,3.0,0.0,NO,,
2026-05-31,ONE_HOUR,Brooks Lee,Minnesota Twins,Braxton Ashcraft,BetMGM,623,0.1836,0.0714,0.0453,60,B,WATCH,6.0,2.0,6.0,0.0,NO,,
2026-05-31,ONE_HOUR,Ketel Marte,Arizona Diamondbacks,Bryce Miller,BetMGM,481,0.2171,0.0699,0.045,78,B,WATCH,4.0,3.0,1.0,0.0,NO,,
2026-05-31,ONE_HOUR,Jacob Young,Washington Nationals,Griffin Canning,FanDuel,598,0.1883,0.0715,0.045,59,B,WATCH,7.0,6.0,7.0,0.0,NO,,
2026-05-31,ONE_HOUR,Bryan Reynolds,Pittsburgh Pirates,Zebby Matthews,FanDuel,+633,0.1807,0.0709,0.0442,58,B,WATCH,8.0,2.0,8.0,0.0,NO,,
2026-05-31,ONE_HOUR,Nicky Lopez,Texas Rangers,Michael Wacha,DraftKings,578,0.1915,0.0716,0.044,62,B,WATCH,6.0,6.0,6.0,0.0,NO,,
2026-05-31,ONE_HOUR,David Fry,Cleveland Guardians,Ranger Suarez,DraftKings,535,0.2012,0.072,0.0437,68,B,WATCH,5.0,3.0,3.0,0.0,NO,,
2026-05-31,ONE_HOUR,Aramis Garcia,Arizona Diamondbacks,Bryce Miller,FanDuel,573,0.1922,0.0699,0.0436,64,B,WATCH,1.0,4.0,5.0,0.0,NO,,
2026-05-31,ONE_HOUR,Brandon Lowe,Pittsburgh Pirates,Zebby Matthews,FanDuel,+629,0.1807,0.0709,0.0435,56,B,WATCH,4.0,3.0,4.0,0.0,NO,,
2026-05-31,ONE_HOUR,Dansby Swanson,Chicago Cubs,Matthew Liberatore,BetMGM,+579,0.1905,0.072,0.0432,61,B,WATCH,7.0,4.0,7.0,0.0,NO,,
2026-05-31,ONE_HOUR,Luke Keaschall,Minnesota Twins,Braxton Ashcraft,DraftKings,487,0.2133,0.0714,0.043,75,B,WATCH,4.0,4.0,1.0,0.0,NO,,
2026-05-31,ONE_HOUR,Daulton Varsho,Toronto Blue Jays,Kyle Bradish,FanDuel,+488,0.213,0.0709,0.043,74,B,WATCH,3.0,4.0,2.0,0.0,NO,,
2026-05-31,ONE_HOUR,Josh Naylor,Seattle Mariners,Merrill Kelly,FanDuel,458,0.2219,0.0711,0.0427,76,B,WATCH,3.0,3.0,2.0,0.0,NO,,
2026-05-31,ONE_HOUR,Blake Dunn,Cincinnati Reds,Spencer Strider,FanDuel,+506,0.2077,0.0701,0.0427,71,B,WATCH,1.0,5.0,5.0,0.0,NO,,
2026-05-31,ONE_HOUR,Sung-Mun Song,San Diego Padres,Zack Littell,BetMGM,+657,0.1747,0.07,0.0426,55,B,WATCH,8.0,4.0,8.0,0.0,NO,,
2026-05-31,ONE_HOUR,Ian Happ,Chicago Cubs,Matthew Liberatore,FanDuel,+575,0.1905,0.072,0.0424,61,B,WATCH,8.0,5.0,8.0,0.0,NO,,
2026-05-31,ONE_HOUR,Jonathan Aranda,Tampa Bay Rays,Jack Kochanowicz,FanDuel,+551,0.1959,0.0714,0.0422,66,B,WATCH,2.0,3.0,4.0,0.0,NO,,
2026-05-31,ONE_HOUR,Patrick Wisdom,Seattle Mariners,Merrill Kelly,BetMGM,544,0.1975,0.0711,0.0422,65,B,WATCH,6.0,4.0,6.0,0.0,NO,,
2026-05-31,ONE_HOUR,Mike Trout,Los Angeles Angels,Shane McClanahan,DraftKings,+539,0.1982,0.0722,0.0417,87,B,WATCH,2.0,2.0,4.0,0.0,NO,,
2026-05-31,ONE_HOUR,Kerry Carpenter,Detroit Tigers,Sean Burke,DraftKings,+478,0.2147,0.0718,0.0417,75,B,WATCH,4.0,3.0,1.0,0.0,NO,,
2026-05-31,ONE_HOUR,Ty France,San Diego Padres,Zack Littell,DraftKings,+525,0.2016,0.07,0.0416,69,B,WATCH,6.0,5.0,6.0,0.0,NO,,
2026-05-31,ONE_HOUR,Trea Turner,Philadelphia Phillies,Yoshinobu Yamamoto,BetMGM,+618,0.1809,0.071,0.0416,58,B,WATCH,8.0,1.0,8.0,0.0,NO,,
2026-05-31,ONE_HOUR,Mitch Garver,Seattle Mariners,Merrill Kelly,FanDuel,+581,0.1881,0.0711,0.0412,61,B,WATCH,2.0,4.0,2.0,0.0,NO,,
2026-05-31,ONE_HOUR,Brent Rooker,Athletics,Will Warren,DraftKings,+516,0.2034,0.0713,0.041,89,B,WATCH,2.0,4.0,4.0,0.0,NO,,
2026-05-31,ONE_HOUR,Kyle Manzardo,Cleveland Guardians,Ranger Suarez,BetMGM,+592,0.1853,0.072,0.0408,59,B,WATCH,6.0,4.0,6.0,0.0,NO,,
2026-05-31,ONE_HOUR,Willi Castro,Colorado Rockies,Robbie Ray,FanDuel,+479,0.2134,0.072,0.0407,70,B,WATCH,1.0,3.0,5.0,0.0,NO,,
2026-05-31,ONE_HOUR,Vaughn Grissom,Los Angeles Angels,Shane McClanahan,FanDuel,+496,0.2083,0.072,0.0405,71,B,WATCH,3.0,3.0,2.0,0.0,NO,,
2026-05-31,ONE_HOUR,Carson Benge,New York Mets,John King,DraftKings,+517,0.2026,0.0709,0.0405,67,B,WATCH,1.0,5.0,5.0,0.0,NO,,
2026-05-31,ONE_HOUR,Rafael Marchán,Philadelphia Phillies,Yoshinobu Yamamoto,BetMGM,+611,0.1809,0.071,0.0402,56,B,WATCH,3.0,2.0,4.0,0.0,NO,,
2026-05-31,ONE_HOUR,Daniel Susac,San Francisco Giants,Tanner Gordon,DraftKings,522,0.2006,0.0702,0.0398,68,B,WATCH,1.0,2.0,5.0,0.0,NO,,
2026-05-31,ONE_HOUR,Austin Riley,Atlanta Braves,Nick Lodolo,FanDuel,510,0.2035,0.0706,0.0395,65,B,WATCH,6.0,4.0,6.0,0.0,NO,,
2026-05-31,ONE_HOUR,Miguel Rojas,Los Angeles Dodgers,Andrew Painter,FanDuel,649,0.1728,0.0706,0.0393,54,C,WATCH,7.0,3.0,7.0,0.0,NO,,
2026-05-31,ONE_HOUR,Miguel Vargas,Chicago White Sox,Keider Montero,DraftKings,+515,0.2016,0.0706,0.039,68,B,WATCH,2.0,3.0,4.0,0.0,NO,,
2026-05-31,ONE_HOUR,Eric Haase,San Francisco Giants,Tanner Gordon,BetMGM,490,0.208,0.0702,0.0385,71,B,WATCH,2.0,3.0,4.0,0.0,NO,,
2026-05-31,ONE_HOUR,Chad Stevens,Colorado Rockies,Robbie Ray,BetMGM,+639,0.1739,0.072,0.0385,51,C,WATCH,9.0,4.0,9.0,0.0,NO,,
2026-05-31,ONE_HOUR,Jac Caglianone,Kansas City Royals,Jack Leiter,BetMGM,+472,0.2129,0.0706,0.0381,72,B,WATCH,5.0,4.0,3.0,0.0,NO,,
2026-05-31,ONE_HOUR,Isaac Collins,Kansas City Royals,Jack Leiter,FanDuel,530,0.1961,0.0706,0.0374,64,B,WATCH,6.0,4.0,6.0,0.0,NO,,
2026-05-31,ONE_HOUR,Tristan Peters,Chicago White Sox,Keider Montero,FanDuel,+638,0.1728,0.0706,0.0373,53,C,WATCH,7.0,4.0,6.0,0.0,NO,,
2026-05-31,ONE_HOUR,Edouard Julien,Colorado Rockies,Robbie Ray,BetMGM,487,0.2072,0.0719,0.0369,67,B,WATCH,6.0,6.0,6.0,0.0,NO,,
2026-05-31,ONE_HOUR,Casey Schmitt,San Francisco Giants,Tanner Gordon,FanDuel,+511,0.2006,0.0702,0.0369,67,B,WATCH,1.0,4.0,5.0,0.0,NO,,
2026-05-31,ONE_HOUR,Yandy Díaz,Tampa Bay Rays,Jack Kochanowicz,DraftKings,+558,0.1889,0.0714,0.0369,61,B,WATCH,1.0,4.0,5.0,0.0,NO,,
2026-05-31,ONE_HOUR,Alex Freeland,Los Angeles Dodgers,Andrew Painter,DraftKings,447,0.2196,0.0706,0.0368,76,B,WATCH,4.0,4.0,1.0,0.0,NO,,
2026-05-31,ONE_HOUR,Gabriel Moreno,Arizona Diamondbacks,Bryce Miller,BetMGM,+608,0.178,0.0699,0.0367,56,B,WATCH,2.0,2.0,2.0,0.0,NO,,
2026-05-31,ONE_HOUR,Miguel Amaya,Chicago Cubs,Matthew Liberatore,BetMGM,465,0.2134,0.072,0.0364,71,B,WATCH,2.0,3.0,4.0,0.0,NO,,
2026-05-31,ONE_HOUR,Anthony Volpe,New York Yankees,Jacob Lopez,BetMGM,+510,0.2002,0.073,0.0363,63,B,WATCH,7.0,3.0,7.0,0.0,NO,,
2026-05-31,ONE_HOUR,Jung Hoo Lee,San Francisco Giants,Tanner Gordon,DraftKings,+469,0.2117,0.0702,0.036,73,B,WATCH,5.0,5.0,3.0,0.0,NO,,
2026-05-31,ONE_HOUR,Liam Hicks,Miami Marlins,Nolan McLean,BetMGM,+501,0.202,0.0708,0.0356,67,B,WATCH,2.0,5.0,3.0,0.0,NO,,
2026-05-31,ONE_HOUR,José Caballero,New York Yankees,Jacob Lopez,FanDuel,582,0.1816,0.0727,0.035,54,C,WATCH,8.0,6.0,8.0,0.0,NO,,
2026-05-31,ONE_HOUR,Freddie Freeman,Los Angeles Dodgers,Andrew Painter,FanDuel,+588,0.18,0.0706,0.0347,57,B,WATCH,3.0,1.0,4.0,0.0,NO,,
2026-05-31,ONE_HOUR,Austin Riley,Atlanta Braves,Nick Lodolo,BetMGM,+492,0.2035,0.0706,0.0345,65,B,WATCH,6.0,2.0,6.0,0.0,NO,,
2026-05-31,ONE_HOUR,Dansby Swanson,Chicago Cubs,Matthew Liberatore,FanDuel,574,0.1829,0.072,0.0345,56,B,WATCH,7.0,4.0,7.0,0.0,NO,,
2026-05-31,ONE_HOUR,Isaac Collins,Kansas City Royals,Jack Leiter,DraftKings,+517,0.1961,0.0706,0.0341,63,B,WATCH,6.0,5.0,6.0,0.0,NO,,
2026-05-31,ONE_HOUR,Ketel Marte,Arizona Diamondbacks,Bryce Miller,FanDuel,+595,0.178,0.0699,0.0341,56,B,WATCH,4.0,3.0,4.0,0.0,NO,,
2026-05-31,ONE_HOUR,Matt Chapman,San Francisco Giants,Tanner Gordon,DraftKings,521,0.195,0.0702,0.034,64,B,WATCH,6.0,4.0,6.0,0.0,NO,,
2026-05-31,ONE_HOUR,Kevin McGonigle,Detroit Tigers,Sean Burke,DraftKings,+513,0.1971,0.0718,0.0339,65,B,WATCH,2.0,4.0,4.0,0.0,NO,,
2026-05-31,ONE_HOUR,Alex Bregman,Chicago Cubs,Matthew Liberatore,BetMGM,+538,0.1905,0.072,0.0338,60,B,WATCH,6.0,6.0,6.0,0.0,NO,,
2026-05-31,ONE_HOUR,Sung-Mun Song,San Diego Padres,Zack Littell,DraftKings,609,0.1747,0.07,0.0337,54,C,WATCH,8.0,6.0,8.0,0.0,NO,,
2026-05-31,ONE_HOUR,Michael Massey,Kansas City Royals,Jack Leiter,DraftKings,586,0.1793,0.0706,0.0336,55,B,WATCH,7.0,5.0,7.0,0.0,NO,,
2026-05-31,ONE_HOUR,Brooks Lee,Minnesota Twins,Braxton Ashcraft,DraftKings,+516,0.1959,0.0714,0.0335,65,B,WATCH,2.0,3.0,4.0,0.0,NO,,
2026-05-31,ONE_HOUR,JJ Wetherholt,St. Louis Cardinals,Jordan Wicks,BetMGM,+516,0.1956,0.0713,0.0332,61,B,WATCH,4.0,5.0,3.0,0.0,NO,,
2026-05-31,ONE_HOUR,Zack Gelof,Athletics,Will Warren,BetMGM,543,0.1885,0.0704,0.0329,61,B,WATCH,6.0,4.0,6.0,0.0,NO,,
2026-05-31,ONE_HOUR,Rafael Devers,San Francisco Giants,Tanner Gordon,DraftKings,415,0.2266,0.0702,0.0324,78,B,WATCH,4.0,5.0,1.0,0.0,NO,,
2026-05-31,ONE_HOUR,Pedro Pagés,St. Louis Cardinals,Jordan Wicks,DraftKings,+511,0.1956,0.0713,0.0319,63,B,WATCH,2.0,6.0,1.0,0.0,NO,,
2026-05-31,ONE_HOUR,Jorge Mateo,Atlanta Braves,Nick Lodolo,FanDuel,+549,0.186,0.0706,0.0319,58,B,WATCH,7.0,3.0,7.0,0.0,NO,,
2026-05-31,ONE_HOUR,Fernando Tatis Jr.,San Diego Padres,Zack Littell,BetMGM,+469,0.2074,0.07,0.0316,70,B,WATCH,1.0,6.0,5.0,0.0,NO,,
2026-05-31,ONE_HOUR,Daniel Susac,San Francisco Giants,Tanner Gordon,BetMGM,+628,0.169,0.0702,0.0316,51,C,WATCH,8.0,6.0,8.0,0.0,NO,,
2026-05-31,ONE_HOUR,Michael Harris II,Atlanta Braves,Nick Lodolo,DraftKings,+437,0.217,0.0706,0.0308,73,B,WATCH,2.0,4.0,4.0,0.0,NO,,
2026-05-31,ONE_HOUR,P.J. Higgins,Cincinnati Reds,Spencer Strider,FanDuel,621,0.1692,0.0701,0.0305,50,C,WATCH,9.0,6.0,8.0,0.0,NO,,
2026-05-31,ONE_HOUR,Nick Loftin,Kansas City Royals,Jack Leiter,BetMGM,+615,0.17,0.0706,0.0301,50,C,WATCH,8.0,6.0,8.0,0.0,NO,,
2026-05-31,ONE_HOUR,Mitch Garver,Seattle Mariners,Merrill Kelly,BetMGM,453,0.2107,0.0711,0.0298,70,B,WATCH,2.0,6.0,4.0,0.0,NO,,
2026-05-31,ONE_HOUR,Pete Crow-Armstrong,Chicago Cubs,Matthew Liberatore,DraftKings,623,0.1677,0.072,0.0293,48,C,WATCH,9.0,5.0,9.0,0.0,NO,,
2026-05-31,ONE_HOUR,Anthony Volpe,New York Yankees,Jacob Lopez,FanDuel,516,0.1916,0.0727,0.0292,58,B,WATCH,7.0,7.0,7.0,0.0,NO,,
2026-05-31,ONE_HOUR,J.C. Escarra,New York Yankees,Jacob Lopez,FanDuel,+484,0.2002,0.073,0.029,62,B,WATCH,2.0,4.0,2.0,0.0,NO,,
2026-05-31,ONE_HOUR,Will Brennan,San Francisco Giants,Tanner Gordon,DraftKings,614,0.169,0.0702,0.0289,50,C,WATCH,8.0,6.0,8.0,0.0,NO,,
2026-05-31,ONE_HOUR,Gage Workman,Detroit Tigers,Sean Burke,FanDuel,612,0.1689,0.0718,0.0285,49,C,WATCH,7.0,1.0,7.0,0.0,NO,,
2026-05-31,ONE_HOUR,Andrew Benintendi,Chicago White Sox,Keider Montero,BetMGM,443,0.2124,0.0706,0.0282,72,B,WATCH,3.0,4.0,2.0,0.0,NO,,
2026-05-31,ONE_HOUR,Taylor Ward,Baltimore Orioles,Spencer Miles,DraftKings,+516,0.1905,0.072,0.0282,68,B,WATCH,1.0,2.0,5.0,0.0,NO,,
2026-05-31,ONE_HOUR,Brandon Nimmo,Texas Rangers,Michael Wacha,BetMGM,+433,0.2156,0.0717,0.028,72,B,WATCH,3.0,6.0,2.0,0.0,NO,,
2026-05-31,ONE_HOUR,Miguel Rojas,Los Angeles Dodgers,Andrew Painter,BetMGM,+557,0.18,0.0706,0.0278,56,B,WATCH,7.0,2.0,7.0,0.0,NO,,
2026-05-31,ONE_HOUR,Luis García Jr.,Washington Nationals,Griffin Canning,FanDuel,+420,0.2197,0.0715,0.0274,72,B,WATCH,2.0,5.0,4.0,0.0,NO,,
2026-05-31,ONE_HOUR,Jackson Chourio,Milwaukee Brewers,Tatsuya Imai,BetMGM,591,0.172,0.0714,0.0273,50,C,WATCH,8.0,4.0,8.0,0.0,NO,,
2026-05-31,ONE_HOUR,Masataka Yoshida,Boston Red Sox,Tanner Bibee,FanDuel,+400,0.2272,0.0704,0.0272,79,B,WATCH,4.0,4.0,1.0,0.0,NO,,
2026-05-31,ONE_HOUR,Ezequiel Tovar,Colorado Rockies,Robbie Ray,DraftKings,+405,0.2252,0.072,0.0272,75,B,WATCH,5.0,5.0,3.0,0.0,NO,,
2026-05-31,ONE_HOUR,Sal Frelick,Milwaukee Brewers,Tatsuya Imai,DraftKings,+548,0.1815,0.0714,0.0272,55,B,WATCH,7.0,5.0,6.0,0.0,NO,,
2026-05-31,ONE_HOUR,Nick Gonzales,Pittsburgh Pirates,Zebby Matthews,DraftKings,513,0.1897,0.0709,0.0266,61,B,WATCH,6.0,6.0,6.0,0.0,NO,,
2026-05-31,ONE_HOUR,Edmundo Sosa,Philadelphia Phillies,Yoshinobu Yamamoto,FanDuel,518,0.1884,0.0704,0.0266,61,B,WATCH,6.0,2.0,6.0,0.0,NO,,
2026-05-31,ONE_HOUR,Paul Goldschmidt,New York Yankees,Jacob Lopez,DraftKings,361,0.2434,0.0727,0.0265,82,B,WATCH,4.0,8.0,1.0,0.0,NO,,
2026-05-31,ONE_HOUR,Wilyer Abreu,Boston Red Sox,Tanner Bibee,FanDuel,417,0.2197,0.0704,0.0263,75,B,WATCH,3.0,4.0,2.0,0.0,NO,,
2026-05-31,ONE_HOUR,Nick Allen,Houston Astros,Jacob Misiorowski,DraftKings,+653,0.1591,0.0714,0.0263,44,C,WATCH,8.0,3.0,8.0,0.0,NO,,
2026-05-31,ONE_HOUR,Richie Palacios,Tampa Bay Rays,Jack Kochanowicz,BetMGM,+455,0.2063,0.0714,0.0262,69,B,WATCH,3.0,5.0,2.0,0.0,NO,,
2026-05-31,ONE_HOUR,Max Muncy,Los Angeles Dodgers,Andrew Painter,FanDuel,458,0.2052,0.0706,0.026,67,B,WATCH,5.0,5.0,3.0,0.0,NO,,
2026-05-31,ONE_HOUR,Vidal Bruján,New York Mets,John King,DraftKings,619,0.1651,0.0709,0.026,46,C,WATCH,9.0,7.0,9.0,0.0,NO,,
2026-05-31,ONE_HOUR,Brandon Marsh,Philadelphia Phillies,Yoshinobu Yamamoto,BetMGM,657,0.1579,0.0704,0.0258,45,C,WATCH,9.0,3.0,9.0,0.0,NO,,
2026-05-31,ONE_HOUR,Taylor Ward,Baltimore Orioles,Spencer Miles,BetMGM,498,0.1928,0.0729,0.0256,68,B,WATCH,1.0,3.0,5.0,0.0,NO,,
2026-05-31,ONE_HOUR,Tyler Soderstrom,Athletics,Will Warren,FanDuel,626,0.1633,0.0704,0.0256,47,C,WATCH,8.0,5.0,8.0,0.0,NO,,
2026-05-31,ONE_HOUR,José Ramírez,Cleveland Guardians,Ranger Suarez,FanDuel,+481,0.1977,0.072,0.0255,64,B,WATCH,2.0,5.0,4.0,0.0,NO,,
2026-05-31,ONE_HOUR,Colt Emerson,Seattle Mariners,Merrill Kelly,BetMGM,+514,0.1881,0.0711,0.0252,59,B,WATCH,5.0,5.0,5.0,0.0,NO,,
2026-05-31,ONE_HOUR,Jake Mangum,Pittsburgh Pirates,Zebby Matthews,DraftKings,+543,0.1807,0.0709,0.0252,56,B,WATCH,9.0,4.0,9.0,0.0,NO,,
2026-05-31,ONE_HOUR,Spencer Steer,Cincinnati Reds,Spencer Strider,FanDuel,527,0.1846,0.0701,0.0251,57,B,WATCH,7.0,7.0,7.0,0.0,NO,,
2026-05-31,ONE_HOUR,Drew Gilbert,San Francisco Giants,Tanner Gordon,BetMGM,+621,0.1634,0.0702,0.0247,47,C,WATCH,9.0,7.0,9.0,0.0,NO,,
2026-05-31,ONE_HOUR,Victor Scott II,St. Louis Cardinals,Jordan Wicks,BetMGM,+485,0.1956,0.0713,0.0246,62,B,WATCH,9.0,7.0,8.0,0.0,NO,,
2026-05-31,ONE_HOUR,TJ Rumfield,Colorado Rockies,Robbie Ray,DraftKings,+379,0.2331,0.072,0.0244,78,B,WATCH,3.0,6.0,2.0,0.0,NO,,
2026-05-31,ONE_HOUR,Garrett Stubbs,Philadelphia Phillies,Yoshinobu Yamamoto,BetMGM,+537,0.1809,0.071,0.0239,56,B,WATCH,1.0,3.0,2.0,0.0,NO,,
2026-05-31,ONE_HOUR,Patrick Wisdom,Seattle Mariners,Merrill Kelly,DraftKings,+508,0.1881,0.0711,0.0236,58,B,WATCH,6.0,6.0,6.0,0.0,NO,,
2026-05-31,ONE_HOUR,Kevin McGonigle,Detroit Tigers,Sean Burke,BetMGM,632,0.1601,0.0718,0.0235,44,C,WATCH,8.0,3.0,8.0,0.0,NO,,
2026-05-31,ONE_HOUR,Matt Vierling,Detroit Tigers,Sean Burke,BetMGM,+519,0.1848,0.0718,0.0232,55,B,WATCH,6.0,5.0,6.0,0.0,NO,,
2026-05-31,ONE_HOUR,Ha-Seong Kim,Atlanta Braves,Nick Lodolo,FanDuel,+553,0.1763,0.0706,0.0232,52,C,WATCH,8.0,5.0,8.0,0.0,NO,,
2026-05-31,ONE_HOUR,Connor Norby,Miami Marlins,Nolan McLean,FanDuel,+567,0.1731,0.0708,0.0232,49,C,WATCH,7.0,6.0,7.0,0.0,NO,,
2026-05-31,ONE_HOUR,Drew Gilbert,San Francisco Giants,Tanner Gordon,DraftKings,613,0.1634,0.0702,0.0232,47,C,WATCH,9.0,7.0,9.0,0.0,NO,,
2026-05-31,ONE_HOUR,Mookie Betts,Los Angeles Dodgers,Andrew Painter,FanDuel,+498,0.1903,0.0719,0.0231,77,B,WATCH,8.0,3.0,1.0,0.0,NO,,
2026-05-31,ONE_HOUR,Travis Bazzana,Cleveland Guardians,Ranger Suarez,DraftKings,+497,0.1906,0.072,0.0231,60,B,WATCH,1.0,6.0,5.0,0.0,NO,,
2026-05-31,ONE_HOUR,Jorge Soler,Los Angeles Angels,Shane McClanahan,BetMGM,420,0.2146,0.0718,0.0223,97,B,WATCH,4.0,3.0,1.0,0.0,NO,,
2026-05-31,ONE_HOUR,Jonah Heim,Athletics,Will Warren,FanDuel,483,0.1938,0.0704,0.0223,62,B,WATCH,1.0,6.0,5.0,0.0,NO,,
2026-05-31,ONE_HOUR,Dalton Rushing,Los Angeles Dodgers,Andrew Painter,BetMGM,+533,0.18,0.0706,0.022,56,B,WATCH,1.0,4.0,2.0,0.0,NO,,
2026-05-31,ONE_HOUR,Henry Bolte,Athletics,Will Warren,DraftKings,635,0.1579,0.0704,0.0219,43,C,WATCH,9.0,7.0,9.0,0.0,NO,,
2026-05-31,ONE_HOUR,Austin Martin,Minnesota Twins,Braxton Ashcraft,DraftKings,+496,0.1889,0.0714,0.0211,60,B,WATCH,1.0,4.0,5.0,0.0,NO,,
2026-05-31,ONE_HOUR,Masataka Yoshida,Boston Red Sox,Tanner Bibee,BetMGM,385,0.2272,0.0704,0.021,79,B,WATCH,4.0,5.0,1.0,0.0,NO,,
2026-05-31,ONE_HOUR,Blaze Alexander,Baltimore Orioles,Spencer Miles,BetMGM,610,0.1619,0.0726,0.021,44,C,WATCH,8.0,4.0,8.0,0.0,NO,,
2026-05-31,ONE_HOUR,Taylor Walls,Tampa Bay Rays,Jack Kochanowicz,DraftKings,+650,0.1539,0.0714,0.0205,41,C,WATCH,9.0,6.0,8.0,0.0,NO,,
2026-05-31,ONE_HOUR,Jose Siri,Los Angeles Angels,Shane McClanahan,DraftKings,+570,0.1694,0.072,0.0202,48,C,WATCH,7.0,4.0,7.0,0.0,NO,,
2026-05-31,ONE_HOUR,Nico Hoerner,Chicago Cubs,Matthew Liberatore,BetMGM,371,0.2324,0.072,0.0201,79,B,WATCH,4.0,6.0,1.0,0.0,NO,,
2026-05-31,ONE_HOUR,Ozzie Albies,Atlanta Braves,Nick Lodolo,DraftKings,362,0.2364,0.0706,0.0199,79,B,WATCH,4.0,5.0,1.0,0.0,NO,,
2026-05-31,ONE_HOUR,Alec Burleson,St. Louis Cardinals,Jordan Wicks,DraftKings,374,0.2308,0.0713,0.0198,78,B,WATCH,3.0,5.0,2.0,0.0,NO,,
2026-05-31,ONE_HOUR,Rafael Marchán,Philadelphia Phillies,Yoshinobu Yamamoto,DraftKings,421,0.2118,0.0704,0.0198,70,B,WATCH,3.0,5.0,2.0,0.0,NO,,
2026-05-31,ONE_HOUR,Jonah Heim,Athletics,Will Warren,DraftKings,+441,0.2046,0.0704,0.0198,67,B,WATCH,5.0,5.0,3.0,0.0,NO,,
2026-05-31,ONE_HOUR,Zack Gelof,Athletics,Will Warren,FanDuel,+554,0.1723,0.0704,0.0194,51,C,WATCH,7.0,6.0,6.0,0.0,NO,,
2026-05-31,ONE_HOUR,Orlando Arcia,Minnesota Twins,Braxton Ashcraft,FanDuel,+508,0.1836,0.0714,0.0191,57,B,WATCH,6.0,5.0,6.0,0.0,NO,,
2026-05-31,ONE_HOUR,Henry Davis,Pittsburgh Pirates,Zebby Matthews,FanDuel,+519,0.1807,0.0709,0.0191,55,B,WATCH,2.0,5.0,2.0,0.0,NO,,
2026-05-31,ONE_HOUR,J.T. Realmuto,Philadelphia Phillies,Yoshinobu Yamamoto,FanDuel,+518,0.1809,0.071,0.019,55,B,WATCH,2.0,4.0,3.0,0.0,NO,,
2026-05-31,ONE_HOUR,Gavin Sheets,San Diego Padres,Zack Littell,DraftKings,409,0.215,0.07,0.0186,72,B,WATCH,2.0,8.0,4.0,0.0,NO,,
2026-05-31,ONE_HOUR,Daulton Varsho,Toronto Blue Jays,Kyle Bradish,DraftKings,414,0.213,0.0709,0.0185,71,B,WATCH,3.0,6.0,2.0,0.0,NO,,
2026-05-31,ONE_HOUR,Ryan Waldschmidt,Arizona Diamondbacks,Bryce Miller,FanDuel,623,0.1566,0.0699,0.0183,43,C,WATCH,9.0,5.0,9.0,0.0,NO,,
2026-05-31,ONE_HOUR,Gavin Sheets,San Diego Padres,Zack Littell,FanDuel,+408,0.215,0.07,0.0182,72,B,WATCH,2.0,7.0,4.0,0.0,NO,,
2026-05-31,ONE_HOUR,Carlos Narváez,Boston Red Sox,Tanner Bibee,DraftKings,+585,0.1639,0.0704,0.0179,46,C,WATCH,9.0,5.0,9.0,0.0,NO,,
2026-05-31,ONE_HOUR,Julio Rodríguez,Seattle Mariners,Merrill Kelly,DraftKings,+487,0.1881,0.0711,0.0177,58,B,WATCH,9.0,7.0,9.0,0.0,NO,,
2026-05-31,ONE_HOUR,Austin Hedges,Cleveland Guardians,Ranger Suarez,DraftKings,+599,0.1606,0.072,0.0175,43,C,WATCH,8.0,7.0,7.0,0.0,NO,,
2026-05-31,ONE_HOUR,Braxton Fulford,Colorado Rockies,Robbie Ray,DraftKings,+516,0.1798,0.072,0.0174,52,C,WATCH,8.0,7.0,8.0,0.0,NO,,
2026-05-31,ONE_HOUR,Wenceel Pérez,Detroit Tigers,Sean Burke,BetMGM,+559,0.1689,0.0718,0.0172,48,C,WATCH,7.0,6.0,7.0,0.0,NO,,
2026-05-31,ONE_HOUR,Blaze Alexander,Baltimore Orioles,Spencer Miles,DraftKings,+600,0.1601,0.0718,0.0172,43,C,WATCH,8.0,4.0,8.0,0.0,NO,,
2026-05-31,ONE_HOUR,José Tena,Washington Nationals,Griffin Canning,DraftKings,+484,0.1883,0.0715,0.0171,55,B,WATCH,7.0,6.0,7.0,0.0,NO,,
2026-05-31,ONE_HOUR,Victor Caratini,Minnesota Twins,Braxton Ashcraft,FanDuel,459,0.1959,0.0714,0.017,63,B,WATCH,2.0,6.0,4.0,0.0,NO,,
2026-05-31,ONE_HOUR,Jake Rogers,Detroit Tigers,Sean Burke,DraftKings,455,0.1971,0.0718,0.0169,63,B,WATCH,2.0,4.0,4.0,0.0,NO,,
2026-05-31,ONE_HOUR,Randy Arozarena,Seattle Mariners,Merrill Kelly,DraftKings,547,0.1712,0.0711,0.0166,49,C,WATCH,8.0,7.0,8.0,0.0,NO,,
2026-05-31,ONE_HOUR,Zach Neto,Los Angeles Angels,Shane McClanahan,BetMGM,469,0.1922,0.0726,0.0165,63,B,WATCH,1.0,5.0,5.0,0.0,NO,,
2026-05-31,ONE_HOUR,Hunter Feduccia,Tampa Bay Rays,Jack Kochanowicz,BetMGM,+600,0.1591,0.0714,0.0163,43,C,WATCH,8.0,7.0,7.0,0.0,NO,,
2026-05-31,ONE_HOUR,Elly De La Cruz,Cincinnati Reds,Spencer Strider,DraftKings,+401,0.2154,0.0701,0.0158,71,B,WATCH,2.0,6.0,4.0,0.0,NO,,
2026-05-31,ONE_HOUR,Willy Adames,San Francisco Giants,Tanner Gordon,BetMGM,+373,0.2266,0.0702,0.0152,78,B,WATCH,4.0,8.0,1.0,0.0,NO,,
2026-05-31,ONE_HOUR,Jorge Barrosa,Arizona Diamondbacks,Bryce Miller,BetMGM,+514,0.178,0.0699,0.0151,54,C,WATCH,8.0,4.0,8.0,0.0,NO,,
2026-05-31,ONE_HOUR,Isiah Kiner-Falefa,Boston Red Sox,Tanner Bibee,DraftKings,406,0.2123,0.0704,0.0147,70,B,WATCH,5.0,6.0,3.0,0.0,NO,,
2026-05-31,ONE_HOUR,Taylor Trammell,Houston Astros,Jacob Misiorowski,DraftKings,+402,0.2133,0.0714,0.0141,72,B,WATCH,4.0,4.0,1.0,0.0,NO,,
2026-05-31,ONE_HOUR,Isaac Paredes,Houston Astros,Jacob Misiorowski,BetMGM,439,0.1993,0.0714,0.0138,62,B,WATCH,5.0,3.0,3.0,0.0,NO,,
2026-05-31,ONE_HOUR,Cam Smith,Houston Astros,Jacob Misiorowski,BetMGM,+489,0.1836,0.0714,0.0138,56,B,WATCH,6.0,5.0,6.0,0.0,NO,,
2026-05-31,ONE_HOUR,Dylan Crews,Washington Nationals,Griffin Canning,BetMGM,375,0.2236,0.0715,0.0131,72,B,WATCH,5.0,7.0,3.0,0.0,NO,,
2026-05-31,ONE_HOUR,Tim Tawa,Arizona Diamondbacks,Bryce Miller,BetMGM,+506,0.178,0.0699,0.013,53,C,WATCH,7.0,5.0,7.0,0.0,NO,,
2026-05-31,ONE_HOUR,Adley Rutschman,Baltimore Orioles,Spencer Miles,DraftKings,+413,0.2076,0.0718,0.0126,68,B,WATCH,3.0,5.0,2.0,0.0,NO,,
2026-05-31,ONE_HOUR,Christian Walker,Houston Astros,Jacob Misiorowski,FanDuel,416,0.2063,0.0714,0.0125,66,B,WATCH,3.0,4.0,2.0,0.0,NO,,
2026-05-31,ONE_HOUR,Max Schuemann,New York Yankees,Jacob Lopez,DraftKings,+432,0.2002,0.073,0.0122,60,B,WATCH,9.0,5.0,9.0,0.0,NO,,
2026-05-31,ONE_HOUR,Alec Bohm,Philadelphia Phillies,Yoshinobu Yamamoto,DraftKings,523,0.1723,0.0704,0.0118,51,C,WATCH,7.0,6.0,7.0,0.0,NO,,
2026-05-31,ONE_HOUR,Brayan Rocchio,Cleveland Guardians,Ranger Suarez,FanDuel,597,0.1553,0.072,0.0118,40,C,WATCH,9.0,4.0,8.0,0.0,NO,,
2026-05-31,ONE_HOUR,Jackson Holliday,Baltimore Orioles,Spencer Miles,BetMGM,+599,0.1548,0.0718,0.0117,38,D,WATCH,9.0,6.0,9.0,0.0,NO,,
2026-05-31,ONE_HOUR,Ronald Acuña Jr.,Atlanta Braves,Nick Lodolo,BetMGM,+406,0.2093,0.0706,0.0116,67,B,WATCH,1.0,6.0,5.0,0.0,NO,,
2026-05-31,ONE_HOUR,Endy Rodríguez,Pittsburgh Pirates,Zebby Matthews,FanDuel,+491,0.1807,0.0709,0.0115,54,C,WATCH,1.0,6.0,1.0,0.0,NO,,
2026-05-31,ONE_HOUR,Taylor Trammell,Houston Astros,Jacob Misiorowski,BetMGM,395,0.2133,0.0714,0.0113,71,B,WATCH,4.0,5.0,1.0,0.0,NO,,
2026-05-31,ONE_HOUR,Darell Hernaiz,Athletics,Will Warren,BetMGM,521,0.1723,0.0704,0.0113,50,C,WATCH,7.0,8.0,7.0,0.0,NO,,
2026-05-31,ONE_HOUR,Rhys Hoskins,Cleveland Guardians,Ranger Suarez,FanDuel,390,0.2153,0.072,0.0112,69,B,WATCH,4.0,5.0,1.0,0.0,NO,,
2026-05-31,ONE_HOUR,Randy Arozarena,Seattle Mariners,Merrill Kelly,FanDuel,+464,0.1881,0.0711,0.0108,57,B,WATCH,8.0,8.0,8.0,0.0,NO,,
2026-05-31,ONE_HOUR,Luis Rengifo,Milwaukee Brewers,Tatsuya Imai,BetMGM,382,0.218,0.0723,0.0106,66,C,WATCH,5.0,5.0,3.0,0.0,NO,,
2026-05-31,ONE_HOUR,Ernie Clement,Toronto Blue Jays,Kyle Bradish,DraftKings,412,0.2058,0.0709,0.0105,66,B,WATCH,5.0,8.0,3.0,0.0,NO,,
2026-05-31,ONE_HOUR,Keibert Ruiz,Washington Nationals,Griffin Canning,DraftKings,516,0.1726,0.0715,0.0103,47,C,WATCH,9.0,8.0,9.0,0.0,NO,,
2026-05-31,ONE_HOUR,Bobby Witt Jr.,Kansas City Royals,Jack Leiter,DraftKings,402,0.2092,0.0706,0.01,67,B,WATCH,2.0,7.0,4.0,0.0,NO,,
2026-05-31,ONE_HOUR,Nathan Lukes,Toronto Blue Jays,Kyle Bradish,DraftKings,+439,0.195,0.0709,0.0095,61,B,WATCH,1.0,5.0,5.0,0.0,NO,,
2026-05-31,ONE_HOUR,Ha-Seong Kim,Atlanta Braves,Nick Lodolo,DraftKings,499,0.1763,0.0706,0.0094,50,C,WATCH,8.0,6.0,8.0,0.0,NO,,
2026-05-31,ONE_HOUR,Bobby Witt Jr.,Kansas City Royals,Jack Leiter,FanDuel,+400,0.2092,0.0706,0.0092,67,B,WATCH,2.0,7.0,4.0,0.0,NO,,
2026-05-31,ONE_HOUR,Leody Taveras,Baltimore Orioles,Spencer Miles,FanDuel,463,0.1868,0.0726,0.0092,56,B,WATCH,6.0,5.0,6.0,0.0,NO,,
2026-05-31,ONE_HOUR,Logan O'Hoppe,Los Angeles Angels,Shane McClanahan,BetMGM,+571,0.1581,0.0709,0.0091,52,C,WATCH,8.0,5.0,8.0,0.0,NO,,
2026-05-31,ONE_HOUR,Isiah Kiner-Falefa,Boston Red Sox,Tanner Bibee,FanDuel,+392,0.2123,0.0704,0.009,70,B,WATCH,5.0,6.0,3.0,0.0,NO,,
2026-05-31,ONE_HOUR,Kyle Karros,Colorado Rockies,Robbie Ray,DraftKings,+403,0.2074,0.072,0.0086,64,B,WATCH,6.0,8.0,6.0,0.0,NO,,
2026-05-31,ONE_HOUR,Austin Wells,New York Yankees,Jacob Lopez,DraftKings,+422,0.2002,0.073,0.0086,59,B,WATCH,1.0,6.0,1.0,0.0,NO,,
2026-05-31,ONE_HOUR,Vaughn Grissom,Los Angeles Angels,Shane McClanahan,DraftKings,400,0.2083,0.072,0.0083,67,B,WATCH,3.0,6.0,2.0,0.0,NO,,
2026-05-31,ONE_HOUR,Jazz Chisholm Jr.,New York Yankees,Jacob Lopez,BetMGM,+420,0.2002,0.073,0.0079,57,B,WATCH,5.0,7.0,5.0,0.0,NO,,
2026-05-31,ONE_HOUR,Ildemaro Vargas,Arizona Diamondbacks,Bryce Miller,DraftKings,+487,0.178,0.0699,0.0076,53,C,WATCH,3.0,6.0,3.0,0.0,NO,,
2026-05-31,ONE_HOUR,Andrew Benintendi,Chicago White Sox,Keider Montero,FanDuel,+388,0.2124,0.0706,0.0075,70,B,WATCH,3.0,5.0,2.0,0.0,NO,,
2026-05-31,ONE_HOUR,Edmundo Sosa,Philadelphia Phillies,Yoshinobu Yamamoto,BetMGM,+474,0.1809,0.071,0.0066,54,C,WATCH,6.0,5.0,6.0,0.0,NO,,
2026-05-31,ONE_HOUR,Carlos Narváez,Boston Red Sox,Tanner Bibee,BetMGM,536,0.1639,0.0704,0.0066,45,C,WATCH,9.0,7.0,9.0,0.0,NO,,
2026-05-31,ONE_HOUR,Drew Romo,Chicago White Sox,Keider Montero,DraftKings,+534,0.1638,0.0706,0.006,44,C,WATCH,8.0,6.0,7.0,0.0,NO,,
2026-05-31,ONE_HOUR,Brett Baty,New York Mets,John King,BetMGM,506,0.1707,0.0709,0.0057,47,C,WATCH,8.0,9.0,8.0,0.0,NO,,
2026-05-31,ONE_HOUR,Alejandro Osuna,Texas Rangers,Michael Wacha,BetMGM,524,0.166,0.0716,0.0057,44,C,WATCH,8.0,8.0,8.0,0.0,NO,,
2026-05-31,ONE_HOUR,Bryce Eldridge,San Francisco Giants,Tanner Gordon,FanDuel,+479,0.1783,0.0702,0.0056,52,C,WATCH,7.0,9.0,7.0,0.0,NO,,
2026-05-31,ONE_HOUR,Luis Torrens,New York Mets,John King,FanDuel,+527,0.1651,0.0709,0.0056,44,C,WATCH,9.0,6.0,9.0,0.0,NO,,
2026-05-31,ONE_HOUR,William Contreras,Milwaukee Brewers,Tatsuya Imai,DraftKings,403,0.2042,0.0714,0.0054,64,B,WATCH,1.0,6.0,5.0,0.0,NO,,
2026-05-31,ONE_HOUR,José Fermín,St. Louis Cardinals,Jordan Wicks,DraftKings,448,0.1878,0.0713,0.0053,56,B,WATCH,7.0,6.0,6.0,0.0,NO,,
2026-05-31,ONE_HOUR,Kyle Isbel,Kansas City Royals,Jack Leiter,BetMGM,+527,0.1644,0.0706,0.0049,44,C,WATCH,9.0,8.0,9.0,0.0,NO,,
2026-05-31,ONE_HOUR,Zack Short,Detroit Tigers,Sean Burke,FanDuel,567,0.1548,0.0718,0.0049,39,D,WATCH,9.0,5.0,9.0,0.0,NO,,
2026-05-31,ONE_HOUR,Christian Vázquez,Houston Astros,Jacob Misiorowski,DraftKings,+571,0.1539,0.0714,0.0049,39,D,WATCH,9.0,6.0,9.0,0.0,NO,,
2026-05-31,ONE_HOUR,Mickey Gasper,Boston Red Sox,Tanner Bibee,DraftKings,+390,0.2086,0.0704,0.0045,67,B,WATCH,2.0,7.0,4.0,0.0,NO,,
2026-05-31,ONE_HOUR,Jorge Barrosa,Arizona Diamondbacks,Bryce Miller,DraftKings,535,0.162,0.0699,0.0045,44,C,WATCH,8.0,7.0,8.0,0.0,NO,,
2026-05-31,ONE_HOUR,Jake Rogers,Detroit Tigers,Sean Burke,FanDuel,+564,0.1548,0.0718,0.0042,39,D,WATCH,9.0,7.0,9.0,0.0,NO,,
2026-05-31,ONE_HOUR,José Caballero,New York Yankees,Jacob Lopez,BetMGM,+410,0.2002,0.073,0.0041,59,B,WATCH,8.0,8.0,8.0,0.0,NO,,
2026-05-31,ONE_HOUR,Jorbit Vivas,Washington Nationals,Griffin Canning,BetMGM,+473,0.1785,0.0715,0.004,49,C,WATCH,8.0,7.0,8.0,0.0,NO,,
2026-05-31,ONE_HOUR,Ryan Waldschmidt,Arizona Diamondbacks,Bryce Miller,BetMGM,+474,0.178,0.0699,0.0038,52,C,WATCH,9.0,7.0,9.0,0.0,NO,,
2026-05-31,ONE_HOUR,Bryce Harper,Philadelphia Phillies,Yoshinobu Yamamoto,BetMGM,340,0.2308,0.0715,0.0035,99,B,WATCH,4.0,8.0,1.0,0.0,NO,,
2026-05-31,ONE_HOUR,Christian Yelich,Milwaukee Brewers,Tatsuya Imai,BetMGM,+398,0.2042,0.0714,0.0034,64,B,WATCH,1.0,6.0,5.0,0.0,NO,,
2026-05-31,ONE_HOUR,J.P. Crawford,Seattle Mariners,Merrill Kelly,DraftKings,463,0.1806,0.0711,0.0029,52,C,WATCH,7.0,9.0,7.0,0.0,NO,,
2026-05-31,ONE_HOUR,Mauricio Dubón,Atlanta Braves,Nick Lodolo,DraftKings,+358,0.2209,0.0706,0.0026,71,B,WATCH,5.0,7.0,3.0,0.0,NO,,
2026-05-31,ONE_HOUR,Kyle Isbel,Kansas City Royals,Jack Leiter,DraftKings,518,0.1644,0.0706,0.0026,43,C,WATCH,9.0,8.0,9.0,0.0,NO,,
2026-05-31,ONE_HOUR,Pedro Ramírez,Chicago Cubs,Matthew Liberatore,FanDuel,365,0.2172,0.072,0.0021,69,B,WATCH,5.0,7.0,3.0,0.0,NO,,
2026-05-31,ONE_HOUR,Matt Olson,Atlanta Braves,Nick Lodolo,BetMGM,340,0.2286,0.0706,0.0014,75,B,WATCH,3.0,7.0,2.0,0.0,NO,,
2026-05-31,ONE_HOUR,David Hamilton,Milwaukee Brewers,Tatsuya Imai,DraftKings,407,0.1985,0.0714,0.0013,60,B,WATCH,6.0,7.0,6.0,0.0,NO,,
2026-05-31,ONE_HOUR,Charles McAdoo,Toronto Blue Jays,Kyle Bradish,FanDuel,+481,0.1733,0.0709,0.0012,46,C,WATCH,7.0,6.0,7.0,0.0,NO,,
2026-05-31,ONE_HOUR,Kyle Higashioka,Texas Rangers,Michael Wacha,BetMGM,+473,0.1754,0.0717,0.0009,47,C,WATCH,7.0,7.0,7.0,0.0,NO,,
2026-05-31,ONE_HOUR,Brett Baty,New York Mets,John King,DraftKings,+456,0.1801,0.0709,0.0002,51,C,WATCH,7.0,7.0,7.0,0.0,NO,,
2026-05-31,ONE_HOUR,Konnor Griffin,Pittsburgh Pirates,Zebby Matthews,BetMGM,+450,0.1807,0.0709,-0.0011,53,C,WATCH,7.0,7.0,7.0,0.0,NO,,
2026-05-31,ONE_HOUR,Max Schuemann,New York Yankees,Jacob Lopez,FanDuel,466,0.1756,0.0727,-0.0011,47,C,WATCH,9.0,9.0,9.0,0.0,NO,,
2026-05-31,ONE_HOUR,Alec Bohm,Philadelphia Phillies,Yoshinobu Yamamoto,FanDuel,+449,0.1809,0.071,-0.0013,53,C,WATCH,7.0,6.0,7.0,0.0,NO,,
2026-05-31,ONE_HOUR,Nolan Arenado,Arizona Diamondbacks,Bryce Miller,BetMGM,+457,0.178,0.0699,-0.0015,50,C,WATCH,5.0,8.0,5.0,0.0,NO,,
2026-05-31,ONE_HOUR,Alex Call,Los Angeles Dodgers,Andrew Painter,BetMGM,525,0.1584,0.0706,-0.0016,42,C,WATCH,9.0,6.0,8.0,0.0,NO,,
2026-05-31,ONE_HOUR,Spencer Horwitz,Pittsburgh Pirates,Zebby Matthews,BetMGM,+448,0.1807,0.0709,-0.0018,53,C,WATCH,3.0,8.0,3.0,0.0,NO,,
2026-05-31,ONE_HOUR,Spencer Steer,Cincinnati Reds,Spencer Strider,DraftKings,+436,0.1846,0.0701,-0.0019,54,C,WATCH,7.0,7.0,7.0,0.0,NO,,
2026-05-31,ONE_HOUR,Chadwick Tromp,Atlanta Braves,Nick Lodolo,DraftKings,479,0.1705,0.0706,-0.0022,46,C,WATCH,9.0,8.0,9.0,0.0,NO,,
2026-05-31,ONE_HOUR,Christian Vázquez,Houston Astros,Jacob Misiorowski,FanDuel,540,0.1539,0.0714,-0.0024,38,D,WATCH,9.0,7.0,9.0,0.0,NO,,
2026-05-31,ONE_HOUR,Nick Allen,Houston Astros,Jacob Misiorowski,FanDuel,518,0.1591,0.0714,-0.0027,41,C,WATCH,8.0,8.0,8.0,0.0,NO,,
2026-05-31,ONE_HOUR,Orlando Arcia,Minnesota Twins,Braxton Ashcraft,DraftKings,485,0.1679,0.0714,-0.0031,45,C,WATCH,7.0,8.0,7.0,0.0,NO,,
2026-05-31,ONE_HOUR,Alec Burleson,St. Louis Cardinals,Jordan Wicks,BetMGM,+403,0.1956,0.0713,-0.0032,58,C,WATCH,3.0,8.0,2.0,0.0,NO,,
2026-05-31,ONE_HOUR,Ben Rice,New York Yankees,Jacob Lopez,DraftKings,+390,0.2002,0.073,-0.0039,56,C,WATCH,3.0,9.0,3.0,0.0,NO,,
2026-05-31,ONE_HOUR,Jhonny Pereda,Seattle Mariners,Merrill Kelly,BetMGM,+420,0.1881,0.0711,-0.0042,55,C,WATCH,1.0,9.0,1.0,0.0,NO,,
2026-05-31,ONE_HOUR,P.J. Higgins,Cincinnati Reds,Spencer Strider,DraftKings,+476,0.1692,0.0701,-0.0044,46,C,WATCH,9.0,8.0,8.0,0.0,NO,,
2026-05-31,ONE_HOUR,Brandon Valenzuela,Toronto Blue Jays,Kyle Bradish,FanDuel,512,0.1589,0.0709,-0.0045,40,C,WATCH,9.0,9.0,9.0,0.0,NO,,
2026-05-31,ONE_HOUR,Christian Walker,Houston Astros,Jacob Misiorowski,BetMGM,+374,0.2063,0.0714,-0.0046,64,C,WATCH,3.0,7.0,2.0,0.0,NO,,
2026-05-31,ONE_HOUR,Nathaniel Lowe,Cincinnati Reds,Spencer Strider,BetMGM,384,0.2019,0.0701,-0.0047,62,C,WATCH,6.0,8.0,6.0,0.0,NO,,
2026-05-31,ONE_HOUR,Luke Keaschall,Minnesota Twins,Braxton Ashcraft,BetMGM,+479,0.1679,0.0714,-0.0048,45,C,WATCH,7.0,6.0,7.0,0.0,NO,,
2026-05-31,ONE_HOUR,Chase Meidroth,Chicago White Sox,Keider Montero,DraftKings,376,0.2052,0.0706,-0.0049,64,C,WATCH,5.0,5.0,3.0,0.0,NO,,
2026-05-31,ONE_HOUR,Jacob Young,Washington Nationals,Griffin Canning,BetMGM,+373,0.206,0.0715,-0.0055,61,C,WATCH,6.0,8.0,6.0,0.0,NO,,
2026-05-31,ONE_HOUR,Spencer Torkelson,Detroit Tigers,Sean Burke,BetMGM,368,0.2076,0.0718,-0.006,66,C,WATCH,3.0,6.0,2.0,0.0,NO,,
2026-05-31,ONE_HOUR,Kody Clemens,Minnesota Twins,Braxton Ashcraft,DraftKings,+371,0.2063,0.0714,-0.006,66,C,WATCH,3.0,7.0,2.0,0.0,NO,,
2026-05-31,ONE_HOUR,Jo Adell,Los Angeles Angels,Shane McClanahan,DraftKings,+383,0.2008,0.0719,-0.0062,78,C,WATCH,5.0,6.0,3.0,0.0,NO,,
2026-05-31,ONE_HOUR,Sam Haggerty,Texas Rangers,Michael Wacha,BetMGM,500,0.1605,0.0716,-0.0062,40,C,WATCH,9.0,9.0,9.0,0.0,NO,,
2026-05-31,ONE_HOUR,Carson Kelly,Chicago Cubs,Matthew Liberatore,FanDuel,370,0.2058,0.072,-0.007,62,C,WATCH,1.0,8.0,5.0,0.0,NO,,
2026-05-31,ONE_HOUR,Jake Meyers,Houston Astros,Jacob Misiorowski,BetMGM,+472,0.1679,0.0714,-0.007,45,C,WATCH,7.0,8.0,7.0,0.0,NO,,
2026-05-31,ONE_HOUR,Will Smith,Los Angeles Dodgers,Andrew Painter,DraftKings,377,0.2016,0.0706,-0.008,63,C,WATCH,2.0,7.0,4.0,0.0,NO,,
2026-05-31,ONE_HOUR,Will Smith,Los Angeles Dodgers,Andrew Painter,FanDuel,+432,0.18,0.0706,-0.008,52,C,WATCH,2.0,5.0,3.0,0.0,NO,,
2026-05-31,ONE_HOUR,Drew Romo,Chicago White Sox,Keider Montero,BetMGM,482,0.1638,0.0706,-0.008,43,C,WATCH,8.0,6.0,7.0,0.0,NO,,
2026-05-31,ONE_HOUR,Kyle Manzardo,Cleveland Guardians,Ranger Suarez,FanDuel,416,0.1853,0.072,-0.0085,53,C,WATCH,6.0,6.0,6.0,0.0,NO,,
2026-05-31,ONE_HOUR,Jesús Sánchez,Toronto Blue Jays,Kyle Bradish,FanDuel,+403,0.1896,0.0709,-0.0092,56,C,WATCH,6.0,7.0,6.0,0.0,NO,,
2026-05-31,ONE_HOUR,Joey Ortiz,Milwaukee Brewers,Tatsuya Imai,BetMGM,+469,0.1664,0.0714,-0.0094,43,C,WATCH,9.0,7.0,8.0,0.0,NO,,
2026-05-31,ONE_HOUR,Luis Arraez,San Francisco Giants,Tanner Gordon,FanDuel,352,0.2117,0.0702,-0.0095,65,C,WATCH,5.0,9.0,3.0,0.0,NO,,
2026-05-31,ONE_HOUR,Pete Alonso,Baltimore Orioles,Spencer Miles,DraftKings,+346,0.2146,0.0718,-0.0096,69,C,WATCH,4.0,7.0,1.0,0.0,NO,,
2026-05-31,ONE_HOUR,Garrett Stubbs,Philadelphia Phillies,Yoshinobu Yamamoto,FanDuel,391,0.1938,0.0704,-0.0098,59,C,WATCH,1.0,9.0,5.0,0.0,NO,,
2026-05-31,ONE_HOUR,Jo Adell,Los Angeles Angels,Shane McClanahan,FanDuel,373,0.2008,0.0719,-0.0106,78,C,WATCH,5.0,9.0,3.0,0.0,NO,,
2026-05-31,ONE_HOUR,Colt Keith,Detroit Tigers,Sean Burke,FanDuel,+398,0.19,0.0718,-0.0108,56,C,WATCH,1.0,8.0,5.0,0.0,NO,,
2026-05-31,ONE_HOUR,Carson Kelly,Chicago Cubs,Matthew Liberatore,DraftKings,+396,0.1905,0.072,-0.0111,54,C,WATCH,1.0,7.0,1.0,0.0,NO,,
2026-05-31,ONE_HOUR,Jeff McNeil,Athletics,Will Warren,DraftKings,+473,0.1633,0.0704,-0.0112,42,C,WATCH,8.0,7.0,7.0,0.0,NO,,
2026-05-31,ONE_HOUR,Brandon Marsh,Philadelphia Phillies,Yoshinobu Yamamoto,DraftKings,+419,0.1809,0.071,-0.0118,52,C,WATCH,9.0,7.0,9.0,0.0,NO,,
2026-05-31,ONE_HOUR,Shea Langeliers,Athletics,Will Warren,BetMGM,367,0.201,0.0704,-0.0131,62,C,WATCH,2.0,9.0,4.0,0.0,NO,,
2026-05-31,ONE_HOUR,Zach Neto,Los Angeles Angels,Shane McClanahan,FanDuel,+387,0.1922,0.0726,-0.0131,59,C,WATCH,1.0,7.0,5.0,0.0,NO,,
2026-05-31,ONE_HOUR,Pedro Ramírez,Chicago Cubs,Matthew Liberatore,BetMGM,+391,0.1905,0.072,-0.0131,54,C,WATCH,5.0,8.0,5.0,0.0,NO,,
2026-05-31,ONE_HOUR,Ian Happ,Chicago Cubs,Matthew Liberatore,BetMGM,436,0.1734,0.072,-0.0132,45,C,WATCH,8.0,9.0,8.0,0.0,NO,,
2026-05-31,ONE_HOUR,Geraldo Perdomo,Arizona Diamondbacks,Bryce Miller,FanDuel,398,0.1869,0.0699,-0.0139,55,C,WATCH,6.0,8.0,6.0,0.0,NO,,
2026-05-31,ONE_HOUR,Samuel Basallo,Baltimore Orioles,Spencer Miles,DraftKings,+365,0.2005,0.0718,-0.0145,59,C,WATCH,5.0,8.0,3.0,0.0,NO,,
2026-05-31,ONE_HOUR,Taylor Walls,Tampa Bay Rays,Jack Kochanowicz,BetMGM,492,0.1539,0.0714,-0.015,37,D,WATCH,9.0,6.0,8.0,0.0,NO,,
2026-05-31,ONE_HOUR,Dillon Dingler,Detroit Tigers,Sean Burke,DraftKings,387,0.19,0.0718,-0.0153,55,C,WATCH,1.0,8.0,5.0,0.0,NO,,
2026-05-31,ONE_HOUR,Nick Castellanos,San Diego Padres,Zack Littell,DraftKings,+401,0.1843,0.07,-0.0153,53,C,WATCH,7.0,8.0,7.0,0.0,NO,,
2026-05-31,ONE_HOUR,Pete Alonso,Baltimore Orioles,Spencer Miles,FanDuel,330,0.217,0.0726,-0.0155,68,C,WATCH,4.0,7.0,1.0,0.0,NO,,
2026-05-31,ONE_HOUR,Chadwick Tromp,Atlanta Braves,Nick Lodolo,FanDuel,+436,0.1705,0.0706,-0.0161,44,C,WATCH,9.0,8.0,9.0,0.0,NO,,
2026-05-31,ONE_HOUR,Alex Jackson,Minnesota Twins,Braxton Ashcraft,BetMGM,+488,0.1539,0.0714,-0.0162,36,D,WATCH,9.0,8.0,9.0,0.0,NO,,
2026-05-31,ONE_HOUR,Juan Soto,New York Mets,John King,BetMGM,+328,0.2172,0.0696,-0.0164,99,C,WATCH,3.0,8.0,2.0,0.0,NO,,
2026-05-31,ONE_HOUR,Heriberto Hernández,Miami Marlins,Nolan McLean,FanDuel,471,0.1587,0.0708,-0.0164,39,D,WATCH,9.0,7.0,7.0,0.0,NO,,
2026-05-31,ONE_HOUR,Connor Wong,Boston Red Sox,Tanner Bibee,DraftKings,436,0.1695,0.0704,-0.0171,45,C,WATCH,8.0,8.0,8.0,0.0,NO,,
2026-05-31,ONE_HOUR,Nick Castellanos,San Diego Padres,Zack Littell,BetMGM,396,0.1843,0.07,-0.0173,53,C,WATCH,7.0,9.0,7.0,0.0,NO,,
2026-05-31,ONE_HOUR,Pete Crow-Armstrong,Chicago Cubs,Matthew Liberatore,BetMGM,+381,0.1905,0.072,-0.0174,53,C,WATCH,9.0,9.0,9.0,0.0,NO,,
2026-05-31,ONE_HOUR,Jackson Holliday,Baltimore Orioles,Spencer Miles,DraftKings,474,0.1566,0.0726,-0.0177,34,D,WATCH,9.0,8.0,9.0,0.0,NO,,
2026-05-31,ONE_HOUR,Xavier Edwards,Miami Marlins,Nolan McLean,FanDuel,+367,0.1963,0.0713,-0.0178,78,C,WATCH,1.0,7.0,4.0,0.0,NO,,
2026-05-31,ONE_HOUR,Blake Perkins,Milwaukee Brewers,Tatsuya Imai,DraftKings,442,0.1664,0.0714,-0.0181,42,C,WATCH,9.0,9.0,9.0,0.0,NO,,
2026-05-31,ONE_HOUR,Matt Olson,Atlanta Braves,Nick Lodolo,DraftKings,+305,0.2286,0.0706,-0.0183,73,C,WATCH,3.0,9.0,2.0,0.0,NO,,
2026-05-31,ONE_HOUR,Sam Antonacci,Chicago White Sox,Keider Montero,BetMGM,+370,0.1944,0.0706,-0.0184,57,C,WATCH,1.0,7.0,5.0,0.0,NO,,
2026-05-31,ONE_HOUR,José Ramírez,Cleveland Guardians,Ranger Suarez,BetMGM,360,0.1977,0.072,-0.0197,58,C,WATCH,2.0,7.0,4.0,0.0,NO,,
2026-05-31,ONE_HOUR,Jake McCarthy,Colorado Rockies,Robbie Ray,DraftKings,+375,0.1897,0.072,-0.0209,52,C,WATCH,7.0,9.0,7.0,0.0,NO,,
2026-05-31,ONE_HOUR,Zach McKinstry,Detroit Tigers,Sean Burke,BetMGM,+449,0.1601,0.0718,-0.022,39,D,WATCH,8.0,9.0,8.0,0.0,NO,,
2026-05-31,ONE_HOUR,Brayan Rocchio,Cleveland Guardians,Ranger Suarez,DraftKings,+463,0.1553,0.072,-0.0223,36,D,WATCH,9.0,8.0,8.0,0.0,NO,,
2026-05-31,ONE_HOUR,Tristan Gray,Minnesota Twins,Braxton Ashcraft,BetMGM,+451,0.1591,0.0714,-0.0224,38,D,WATCH,8.0,9.0,8.0,0.0,NO,,
2026-05-31,ONE_HOUR,Colt Keith,Detroit Tigers,Sean Burke,BetMGM,381,0.1848,0.0718,-0.0231,52,C,WATCH,6.0,9.0,6.0,0.0,NO,,
2026-05-31,ONE_HOUR,Kyle Karros,Colorado Rockies,Robbie Ray,FanDuel,391,0.1796,0.0719,-0.0241,47,C,WATCH,8.0,9.0,8.0,0.0,NO,,
2026-05-31,ONE_HOUR,Marcelo Mayer,Boston Red Sox,Tanner Bibee,BetMGM,+392,0.1788,0.0704,-0.0245,49,C,WATCH,7.0,8.0,7.0,0.0,NO,,
2026-05-31,ONE_HOUR,Mookie Betts,Los Angeles Dodgers,Andrew Painter,DraftKings,405,0.1732,0.0719,-0.0248,63,C,WATCH,8.0,8.0,6.0,0.0,NO,,
2026-05-31,ONE_HOUR,Nicky Lopez,Texas Rangers,Michael Wacha,FanDuel,+423,0.1663,0.0717,-0.0249,41,C,WATCH,8.0,8.0,8.0,0.0,NO,,
2026-05-31,ONE_HOUR,Jared Triolo,Pittsburgh Pirates,Zebby Matthews,FanDuel,+383,0.1807,0.0709,-0.0264,50,C,WATCH,5.0,9.0,5.0,0.0,NO,,
2026-05-31,ONE_HOUR,Otto Lopez,Miami Marlins,Nolan McLean,FanDuel,495,0.1415,0.0707,-0.0266,24,D,WATCH,8.0,8.0,8.0,0.0,NO,,
2026-05-31,ONE_HOUR,Bryson Stott,Philadelphia Phillies,Yoshinobu Yamamoto,DraftKings,+381,0.1809,0.071,-0.027,48,C,WATCH,5.0,8.0,5.0,0.0,NO,,
2026-05-31,ONE_HOUR,Colton Cowser,Baltimore Orioles,Spencer Miles,DraftKings,404,0.1708,0.0726,-0.0276,43,C,WATCH,7.0,9.0,7.0,0.0,NO,,
2026-05-31,ONE_HOUR,Alex Freeland,Los Angeles Dodgers,Andrew Painter,BetMGM,+378,0.18,0.0706,-0.0292,47,C,WATCH,4.0,6.0,5.0,0.0,NO,,
2026-05-31,ONE_HOUR,Oswald Peraza,Los Angeles Angels,Shane McClanahan,DraftKings,+364,0.1853,0.072,-0.0302,50,C,WATCH,6.0,8.0,6.0,0.0,NO,,
2026-05-31,ONE_HOUR,Nick Loftin,Kansas City Royals,Jack Leiter,FanDuel,399,0.17,0.0706,-0.0304,42,C,WATCH,8.0,9.0,8.0,0.0,NO,,
2026-05-31,ONE_HOUR,Tim Tawa,Arizona Diamondbacks,Bryce Miller,FanDuel,396,0.1709,0.0699,-0.0307,44,C,WATCH,7.0,9.0,7.0,0.0,NO,,
2026-05-31,ONE_HOUR,Nick Madrigal,Los Angeles Angels,Shane McClanahan,BetMGM,+437,0.1553,0.072,-0.0309,35,D,WATCH,9.0,9.0,9.0,0.0,NO,,
2026-05-31,ONE_HOUR,Max Muncy,Los Angeles Dodgers,Andrew Painter,DraftKings,+374,0.18,0.0706,-0.031,47,C,WATCH,5.0,7.0,6.0,0.0,NO,,
2026-05-31,ONE_HOUR,Marcelo Mayer,Boston Red Sox,Tanner Bibee,DraftKings,373,0.1788,0.0704,-0.0327,48,C,WATCH,7.0,9.0,7.0,0.0,NO,,
2026-05-31,ONE_HOUR,Tristan Peters,Chicago White Sox,Keider Montero,DraftKings,386,0.1728,0.0706,-0.033,44,C,WATCH,7.0,8.0,6.0,0.0,NO,,
2026-05-31,ONE_HOUR,Esteury Ruiz,Miami Marlins,Nolan McLean,BetMGM,+421,0.1587,0.0708,-0.0332,37,D,WATCH,9.0,8.0,9.0,0.0,NO,,
2026-05-31,ONE_HOUR,David Hamilton,Milwaukee Brewers,Tatsuya Imai,BetMGM,+384,0.172,0.0714,-0.0346,43,C,WATCH,8.0,8.0,7.0,0.0,NO,,
2026-05-31,ONE_HOUR,Aramis Garcia,Arizona Diamondbacks,Bryce Miller,BetMGM,+370,0.178,0.0699,-0.0348,48,C,WATCH,1.0,9.0,1.0,0.0,NO,,
2026-05-31,ONE_HOUR,Bryce Harper,Philadelphia Phillies,Yoshinobu Yamamoto,FanDuel,+343,0.1905,0.072,-0.0353,78,C,WATCH,4.0,9.0,1.0,0.0,NO,,
2026-05-31,ONE_HOUR,Alex Call,Los Angeles Dodgers,Andrew Painter,FanDuel,+362,0.18,0.0706,-0.0364,49,C,WATCH,9.0,8.0,8.0,0.0,NO,,
2026-05-31,ONE_HOUR,Freddy Fermin,San Diego Padres,Zack Littell,DraftKings,+379,0.169,0.07,-0.0398,43,C,WATCH,9.0,9.0,9.0,0.0,NO,,
2026-05-31,ONE_HOUR,Connor Wong,Boston Red Sox,Tanner Bibee,FanDuel,+377,0.1695,0.0704,-0.0402,42,C,WATCH,8.0,9.0,8.0,0.0,NO,,
2026-05-31,ONE_HOUR,Michael Massey,Kansas City Royals,Jack Leiter,FanDuel,+353,0.1793,0.0706,-0.0414,46,C,WATCH,7.0,9.0,7.0,0.0,NO,,
2026-05-31,ONE_HOUR,Marcus Semien,New York Mets,John King,BetMGM,+371,0.1707,0.0709,-0.0416,41,C,WATCH,8.0,9.0,8.0,0.0,NO,,
2026-05-31,ONE_HOUR,Colton Cowser,Baltimore Orioles,Spencer Miles,BetMGM,+375,0.1689,0.0718,-0.0417,41,C,WATCH,7.0,9.0,7.0,0.0,NO,,
2026-05-31,ONE_HOUR,Rikuu Nishida,Chicago White Sox,Keider Montero,DraftKings,+399,0.1584,0.0706,-0.042,36,D,WATCH,9.0,8.0,8.0,0.0,NO,,
2026-05-31,ONE_HOUR,Cedric Mullins,Tampa Bay Rays,Jack Kochanowicz,BetMGM,+366,0.1679,0.0714,-0.0467,40,C,WATCH,7.0,8.0,6.0,0.0,NO,,
2026-05-31,ONE_HOUR,Brandon Valenzuela,Toronto Blue Jays,Kyle Bradish,DraftKings,+386,0.1589,0.0709,-0.0469,35,D,WATCH,9.0,8.0,9.0,0.0,NO,,
2026-05-31,ONE_HOUR,Cedric Mullins,Tampa Bay Rays,Jack Kochanowicz,FanDuel,365,0.1679,0.0714,-0.0472,40,C,WATCH,7.0,8.0,6.0,0.0,NO,,
2026-05-31,ONE_HOUR,Yordan Alvarez,Houston Astros,Jacob Misiorowski,DraftKings,+309,0.1959,0.0714,-0.0486,55,C,WATCH,2.0,9.0,4.0,0.0,NO,,
2026-05-31,ONE_HOUR,Keibert Ruiz,Washington Nationals,Griffin Canning,FanDuel,+351,0.1726,0.0715,-0.0491,40,C,WATCH,9.0,9.0,9.0,0.0,NO,,
2026-05-31,ONE_HOUR,Owen Caissie,Miami Marlins,Nolan McLean,BetMGM,+366,0.1641,0.0708,-0.0505,37,D,WATCH,8.0,9.0,8.0,0.0,NO,,
2026-05-31,ONE_HOUR,Andrés Giménez,Toronto Blue Jays,Kyle Bradish,BetMGM,+361,0.1643,0.0709,-0.0526,37,D,WATCH,8.0,9.0,8.0,0.0,NO,,
2026-05-31,ONE_HOUR,Darell Hernaiz,Athletics,Will Warren,DraftKings,+360,0.1579,0.0704,-0.0594,34,D,WATCH,9.0,8.0,8.0,0.0,NO,,
2026-05-31,ONE_HOUR,Yordan Alvarez,Houston Astros,Jacob Misiorowski,FanDuel,282,0.1959,0.0714,-0.0659,53,C,WATCH,2.0,9.0,4.0,0.0,NO,,
2026-05-30,LOCK,Jordan Walker,St. Louis Cardinals,Ben Brown,BetMGM,662,0.2119,0.0709,0.0806,78,B,TIER 1 💎,4.0,1.0,1.0,1.0,YES 🔥,NO HR,-1.0
2026-05-30,LOCK,Riley Greene,Detroit Tigers,Anthony Kay,DraftKings,639,0.2133,0.0714,0.078,77,B,TIER 1 💎,4.0,1.0,1.0,1.0,YES 🔥,NO HR,-1.0
2026-05-30,LOCK,Eugenio Suárez,Cincinnati Reds,Martín Pérez,FanDuel,642,0.2112,0.0707,0.0764,77,B,TIER 1 💎,4.0,1.0,1.0,1.0,YES 🔥,NO HR,-1.0
2026-05-30,LOCK,Willson Contreras,Boston Red Sox,Parker Messick,BetMGM,641,0.2109,0.0706,0.076,77,B,TIER 1 💎,4.0,1.0,1.0,1.0,YES 🔥,NO HR,-1.0
2026-05-30,LOCK,Alex Bregman,Chicago Cubs,Kyle Leahy,BetMGM,636,0.2119,0.0709,0.076,77,B,TIER 1 💎,4.0,1.0,1.0,1.0,YES 🔥,NO HR,-1.0
2026-05-30,LOCK,Brandon Marsh,Philadelphia Phillies,Roki Sasaki,FanDuel,637,0.2109,0.0706,0.0753,77,B,TIER 1 💎,4.0,1.0,1.0,1.0,YES 🔥,NO HR,-1.0
2026-05-30,LOCK,Ryan Vilade,Tampa Bay Rays,Reid Detmers,BetMGM,630,0.2119,0.0709,0.0749,77,B,TIER 1 💎,4.0,1.0,1.0,1.0,YES 🔥,NO HR,-1.0
2026-05-30,LOCK,Daulton Varsho,Toronto Blue Jays,Brandon Young,DraftKings,631,0.2112,0.0707,0.0744,77,B,TIER 1 💎,4.0,1.0,1.0,1.0,YES 🔥,NO HR,-1.0
2026-05-30,LOCK,Connor Norby,Miami Marlins,Christian Scott,DraftKings,614,0.2119,0.0709,0.0718,77,B,TIER 1 💎,,1.0,1.0,1.0,YES 🔥,NO HR,-1.0
2026-05-30,LOCK,Maikel Garcia,Kansas City Royals,Kumar Rocker,FanDuel,649,0.2049,0.0709,0.0714,73,B,TIER 2 🔥,3.0,1.0,2.0,0.5,YES 🔥,NO HR,-0.5
2026-05-30,LOCK,Ozzie Albies,Atlanta Braves,Brady Singer,DraftKings,606,0.2119,0.0709,0.0702,76,B,TIER 1 💎,,1.0,1.0,1.0,YES 🔥,NO HR,-1.0
2026-05-30,LOCK,Jake Burger,Texas Rangers,Seth Lugo,DraftKings,594,0.2136,0.0715,0.0695,76,B,TIER 1 💎,,1.0,1.0,1.0,YES 🔥,NO HR,-1.0
2026-05-30,LOCK,Josh Naylor,Seattle Mariners,Ryne Nelson,BetMGM,638,0.2049,0.0709,0.0694,73,B,TIER 2 🔥,3.0,1.0,2.0,0.5,YES 🔥,NO HR,-0.5
2026-05-30,LOCK,Jake Bauers,Milwaukee Brewers,Peter Lambert,DraftKings,632,0.2059,0.0712,0.0693,73,B,TIER 2 🔥,,1.0,2.0,0.5,YES 🔥,NO HR,-0.5
2026-05-30,LOCK,Ozzie Albies,Atlanta Braves,Brady Singer,BetMGM,596,0.2119,0.0709,0.0682,76,B,TIER 1 💎,4.0,1.0,1.0,1.0,YES 🔥,NO HR,-1.0
2026-05-30,LOCK,Willi Castro,Colorado Rockies,Adrian Houser,DraftKings,598,0.2113,0.0707,0.068,76,B,TIER 1 💎,4.0,1.0,1.0,1.0,YES 🔥,NO HR,-1.0
2026-05-30,LOCK,Brent Rooker,Athletics,Ryan Weathers,FanDuel,589,0.213,0.0713,0.0678,96,A,TIER 1 💎,4.0,1.0,1.0,1.0,YES 🔥,NO HR,-1.0
2026-05-30,LOCK,Sung-Mun Song,San Diego Padres,Foster Griffin,DraftKings,665,0.198,0.0709,0.0673,69,B,TIER 2 🔥,,1.0,3.0,0.5,YES 🔥,NO HR,-0.5
2026-05-30,LOCK,Geraldo Perdomo,Arizona Diamondbacks,Bryan Woo,DraftKings,619,0.2049,0.0709,0.0659,72,B,TIER 2 🔥,3.0,1.0,2.0,0.5,YES 🔥,NO HR,-0.5
2026-05-30,LOCK,Samuel Basallo,Baltimore Orioles,Trey Yesavage,DraftKings,647,0.1989,0.0712,0.065,68,B,TIER 2 🔥,5.0,1.0,3.0,0.5,YES 🔥,NO HR,-0.5
2026-05-30,LOCK,Nolan Arenado,Arizona Diamondbacks,Bryan Woo,BetMGM,649,0.198,0.0709,0.0645,68,B,TIER 2 🔥,,1.0,3.0,0.5,YES 🔥,NO HR,-0.5
2026-05-30,LOCK,Andrés Chaparro,Washington Nationals,Michael King,DraftKings,648,0.198,0.0709,0.0643,68,B,TIER 2 🔥,5.0,1.0,4.0,0.5,YES 🔥,NO HR,-0.5
2026-05-30,LOCK,Nick Kurtz,Athletics,Ryan Weathers,FanDuel,608,0.2049,0.0709,0.0637,72,B,TIER 2 🔥,,1.0,2.0,0.5,YES 🔥,HR,3.04
2026-05-30,LOCK,Michael Busch,Chicago Cubs,Kyle Leahy,BetMGM,607,0.2049,0.0709,0.0635,72,B,TIER 2 🔥,,1.0,2.0,0.5,YES 🔥,NO HR,-0.5
2026-05-30,LOCK,Charles McAdoo,Toronto Blue Jays,Brandon Young,FanDuel,564,0.2137,0.0715,0.0631,76,B,TIER 1 💎,,1.0,1.0,1.0,YES 🔥,NO HR,-1.0
2026-05-30,LOCK,Spencer Torkelson,Detroit Tigers,Anthony Kay,FanDuel,618,0.2021,0.0723,0.0628,68,B,TIER 2 🔥,,1.0,3.0,0.5,YES 🔥,NO HR,-0.5
2026-05-30,LOCK,Oswald Peraza,Los Angeles Angels,Drew Rasmussen,DraftKings,632,0.198,0.0709,0.0614,68,B,TIER 2 🔥,,1.0,3.0,0.5,YES 🔥,HR,3.16
2026-05-30,LOCK,Rafael Marchán,Philadelphia Phillies,Roki Sasaki,DraftKings,586,0.2062,0.0713,0.0604,72,B,TIER 2 🔥,,1.0,2.0,0.5,YES 🔥,NO HR,-0.5
2026-05-30,LOCK,Austin Martin,Minnesota Twins,Mitch Keller,BetMGM,623,0.198,0.0709,0.0597,68,B,TIER 2 🔥,5.0,1.0,3.0,0.5,YES 🔥,NO HR,-0.5
2026-05-30,LOCK,Ben Rice,New York Yankees,J.T. Ginn,BetMGM,569,0.2065,0.0714,0.057,71,B,TIER 2 🔥,,1.0,2.0,0.5,YES 🔥,NO HR,-0.5
2026-05-30,LOCK,Luke Keaschall,Minnesota Twins,Mitch Keller,BetMGM,540,0.2119,0.0709,0.0556,75,B,TIER 1 💎,,1.0,1.0,1.0,YES 🔥,NO HR,-1.0
2026-05-30,LOCK,Jose Siri,Los Angeles Angels,Drew Rasmussen,DraftKings,597,0.198,0.0709,0.0545,67,B,TIER 2 🔥,5.0,2.0,4.0,0.5,YES 🔥,NO HR,-0.5
2026-05-30,LOCK,Jazz Chisholm Jr.,New York Yankees,J.T. Ginn,DraftKings,592,0.1973,0.0706,0.0528,67,B,TIER 2 🔥,5.0,1.0,3.0,0.5,YES 🔥,NO HR,-0.5
2026-05-30,LOCK,Rafael Devers,San Francisco Giants,Ryan Feltner,FanDuel,528,0.2119,0.0709,0.0526,74,B,TIER 1 💎,4.0,1.0,1.0,1.0,YES 🔥,NO HR,-1.0
2026-05-30,LOCK,Kyle Tucker,Los Angeles Dodgers,Jesús Luzardo,BetMGM,588,0.1973,0.0706,0.0519,67,B,TIER 2 🔥,5.0,1.0,3.0,0.5,YES 🔥,NO HR,-0.5
2026-05-30,LOCK,JJ Wetherholt,St. Louis Cardinals,Ben Brown,BetMGM,520,0.2119,0.0709,0.0506,74,B,TIER 1 💎,,1.0,1.0,1.0,YES 🔥,NO HR,-1.0
2026-05-30,LOCK,Miguel Andujar,San Diego Padres,Foster Griffin,DraftKings,545,0.2049,0.0709,0.0499,70,B,TIER 2 🔥,3.0,1.0,2.0,0.5,YES 🔥,NO HR,-0.5
2026-05-30,LOCK,Chase DeLauter,Cleveland Guardians,Sonny Gray,DraftKings,543,0.2049,0.0709,0.0494,70,B,TIER 2 🔥,3.0,1.0,3.0,0.5,YES 🔥,NO HR,-0.5
2026-05-30,LOCK,Jake Burger,Texas Rangers,Seth Lugo,FanDuel,498,0.213,0.0713,0.0458,74,B,TIER 1 💎,4.0,2.0,1.0,1.0,YES 🔥,NO HR,-1.0
2026-05-30,LOCK,Colson Montgomery,Chicago White Sox,Framber Valdez,BetMGM,519,0.2049,0.0709,0.0434,69,B,TIER 2 🔥,3.0,1.0,3.0,0.5,YES 🔥,HR,2.6
2026-05-30,LOCK,Kyle Stowers,Miami Marlins,Christian Scott,DraftKings,493,0.2119,0.0709,0.0432,73,B,TIER 1 💎,4.0,2.0,1.0,1.0,YES 🔥,NO HR,-1.0
2026-05-30,LOCK,Eric Wagaman,New York Mets,Tyler Phillips,DraftKings,513,0.2049,0.0709,0.0418,69,B,TIER 2 🔥,,2.0,2.0,0.5,YES 🔥,NO HR,-0.5
2026-05-30,LOCK,Matt McLain,Cincinnati Reds,Martín Pérez,FanDuel,488,0.2112,0.0707,0.0411,73,B,TIER 1 💎,,2.0,1.0,1.0,YES 🔥,NO HR,-1.0
2026-05-30,LOCK,Alex Freeland,Los Angeles Dodgers,Jesús Luzardo,BetMGM,478,0.2111,0.0706,0.0381,72,B,TIER 2 🔥,,1.0,1.0,0.5,YES 🔥,NO HR,-0.5
2026-05-30,LOCK,Spencer Horwitz,Pittsburgh Pirates,Bailey Ober,BetMGM,491,0.2049,0.0709,0.0357,69,B,TIER 2 🔥,,3.0,2.0,0.5,YES 🔥,HR,2.46
2026-05-30,LOCK,Isaac Paredes,Houston Astros,Brandon Sproat,BetMGM,511,0.198,0.0709,0.0343,65,B,TIER 2 🔥,5.0,1.0,3.0,0.5,YES 🔥,NO HR,-0.5
2026-05-30,LOCK,Mark Vientos,New York Mets,Tyler Phillips,DraftKings,506,0.198,0.0709,0.033,64,B,TIER 2 🔥,5.0,3.0,3.0,0.5,YES 🔥,NO HR,-0.5
2026-05-30,LOCK,William Contreras,Milwaukee Brewers,Peter Lambert,DraftKings,455,0.2129,0.0712,0.0327,72,B,TIER 2 🔥,4.0,2.0,1.0,0.5,YES 🔥,NO HR,-0.5
2026-05-30,LOCK,Gage Workman,Detroit Tigers,Anthony Kay,BetMGM,649,0.2063,0.0714,0.0728,73,B,WATCH,3.0,2.0,3.0,0.0,NO,,0.0
2026-05-30,LOCK,Matt Vierling,Detroit Tigers,Anthony Kay,FanDuel,626,0.2063,0.0714,0.0685,73,B,WATCH,3.0,3.0,2.0,0.0,NO,,0.0
2026-05-30,LOCK,Wilyer Abreu,Boston Red Sox,Parker Messick,FanDuel,631,0.204,0.0706,0.0672,72,B,WATCH,3.0,2.0,2.0,0.0,NO,,0.0
2026-05-30,LOCK,Isaac Paredes,Houston Astros,Brandon Sproat,DraftKings,660,0.198,0.0709,0.0664,68,B,WATCH,,3.0,3.0,0.0,NO,,0.0
2026-05-30,LOCK,Troy Johnston,Colorado Rockies,Adrian Houser,FanDuel,644,0.1974,0.0707,0.063,68,B,WATCH,5.0,2.0,3.0,0.0,NO,,0.0
2026-05-30,LOCK,Vladimir Guerrero Jr.,Toronto Blue Jays,Brandon Young,FanDuel,605,0.2043,0.0707,0.0624,72,B,WATCH,3.0,2.0,2.0,0.0,NO,,0.0
2026-05-30,LOCK,Austin Riley,Atlanta Braves,Brady Singer,DraftKings,635,0.198,0.0709,0.0619,68,B,WATCH,,2.0,3.0,0.0,NO,,0.0
2026-05-30,LOCK,Vinnie Pasquantino,Kansas City Royals,Kumar Rocker,BetMGM,564,0.2119,0.0709,0.0613,75,B,WATCH,4.0,2.0,1.0,0.0,NO,,0.0
2026-05-30,LOCK,Tyler Heineman,Toronto Blue Jays,Brandon Young,BetMGM,641,0.1961,0.0715,0.0612,66,B,WATCH,,2.0,4.0,0.0,NO,,0.0
2026-05-30,LOCK,Vinnie Pasquantino,Kansas City Royals,Kumar Rocker,DraftKings,590,0.2049,0.0709,0.06,71,B,WATCH,,2.0,2.0,0.0,NO,,0.0
2026-05-30,LOCK,Nathan Lukes,Toronto Blue Jays,Brandon Young,BetMGM,646,0.1939,0.0707,0.0598,66,B,WATCH,2.0,3.0,4.0,0.0,NO,,0.0
2026-05-30,LOCK,Gunnar Henderson,Baltimore Orioles,Trey Yesavage,FanDuel,637,0.1954,0.0712,0.0597,66,B,WATCH,2.0,2.0,4.0,0.0,NO,,0.0
2026-05-30,LOCK,TJ Rumfield,Colorado Rockies,Adrian Houser,DraftKings,645,0.1939,0.0707,0.0597,66,B,WATCH,2.0,3.0,4.0,0.0,NO,,0.0
2026-05-30,LOCK,Dillon Dingler,Detroit Tigers,Anthony Kay,FanDuel,618,0.1985,0.0723,0.0592,66,B,WATCH,,2.0,4.0,0.0,NO,,0.0
2026-05-30,LOCK,J.T. Realmuto,Philadelphia Phillies,Roki Sasaki,BetMGM,630,0.1957,0.0713,0.0587,66,B,WATCH,,2.0,4.0,0.0,NO,,0.0
2026-05-30,LOCK,Julio Rodríguez,Seattle Mariners,Ryne Nelson,FanDuel,636,0.1945,0.0709,0.0586,66,B,WATCH,2.0,2.0,4.0,0.0,NO,,0.0
2026-05-30,LOCK,Mickey Gasper,Boston Red Sox,Parker Messick,DraftKings,577,0.2062,0.0713,0.0585,71,B,WATCH,,2.0,2.0,0.0,NO,,0.0
2026-05-30,LOCK,Christopher Morel,Miami Marlins,Christian Scott,DraftKings,578,0.2049,0.0709,0.0574,71,B,WATCH,,2.0,2.0,0.0,NO,,0.0
2026-05-30,LOCK,Adley Rutschman,Baltimore Orioles,Trey Yesavage,FanDuel,571,0.2058,0.0712,0.0568,71,B,WATCH,3.0,3.0,2.0,0.0,NO,,0.0
2026-05-30,LOCK,Keibert Ruiz,Washington Nationals,Michael King,BetMGM,623,0.1945,0.0709,0.0562,65,B,WATCH,,1.0,4.0,0.0,NO,,0.0
2026-05-30,LOCK,Ezequiel Duran,Texas Rangers,Seth Lugo,BetMGM,597,0.1996,0.0715,0.0561,67,B,WATCH,,2.0,3.0,0.0,NO,,0.0
2026-05-30,LOCK,Brandon Nimmo,Texas Rangers,Seth Lugo,DraftKings,563,0.2066,0.0715,0.0558,71,B,WATCH,,3.0,2.0,0.0,NO,,0.0
2026-05-30,LOCK,Nick Madrigal,Los Angeles Angels,Drew Rasmussen,DraftKings,653,0.1876,0.0709,0.0548,61,B,WATCH,1.0,1.0,7.0,0.0,NO,,0.0
2026-05-30,LOCK,Victor Caratini,Minnesota Twins,Mitch Keller,FanDuel,614,0.1945,0.0709,0.0545,65,B,WATCH,,2.0,4.0,0.0,NO,,0.0
2026-05-30,LOCK,Joc Pederson,Texas Rangers,Seth Lugo,FanDuel,641,0.1886,0.0713,0.0536,61,B,WATCH,1.0,1.0,5.0,0.0,NO,,0.0
2026-05-30,LOCK,Dominic Smith,Atlanta Braves,Brady Singer,BetMGM,592,0.198,0.0709,0.0535,67,B,WATCH,5.0,2.0,3.0,0.0,NO,,0.0
2026-05-30,LOCK,Luis Rengifo,Milwaukee Brewers,Peter Lambert,FanDuel,577,0.2013,0.0721,0.0535,63,C,WATCH,,2.0,3.0,0.0,NO,,0.0
2026-05-30,LOCK,Adrian Del Castillo,Arizona Diamondbacks,Bryan Woo,BetMGM,590,0.198,0.0709,0.0531,67,B,WATCH,5.0,2.0,3.0,0.0,NO,,0.0
2026-05-30,LOCK,Jesus Rodriguez,San Francisco Giants,Ryan Feltner,DraftKings,556,0.2049,0.0709,0.0525,71,B,WATCH,,2.0,2.0,0.0,NO,,0.0
2026-05-30,LOCK,Carter Jensen,Kansas City Royals,Kumar Rocker,FanDuel,640,0.1876,0.0709,0.0524,61,B,WATCH,,3.0,5.0,0.0,NO,,0.0
2026-05-30,LOCK,Mitch Garver,Seattle Mariners,Ryne Nelson,BetMGM,602,0.1945,0.0709,0.0521,65,B,WATCH,,2.0,4.0,0.0,NO,,0.0
2026-05-30,LOCK,Riley Greene,Detroit Tigers,Anthony Kay,FanDuel,507,0.2162,0.0723,0.0515,74,B,WATCH,,3.0,1.0,0.0,NO,,0.0
2026-05-30,LOCK,Jeremy Peña,Houston Astros,Brandon Sproat,DraftKings,635,0.1876,0.0709,0.0515,61,B,WATCH,,4.0,5.0,0.0,NO,,0.0
2026-05-30,LOCK,Salvador Perez,Kansas City Royals,Kumar Rocker,BetMGM,582,0.198,0.0709,0.0514,67,B,WATCH,5.0,3.0,4.0,0.0,NO,,0.0
2026-05-30,LOCK,Colby Thomas,Athletics,Ryan Weathers,BetMGM,630,0.1876,0.0709,0.0506,61,B,WATCH,1.0,2.0,5.0,0.0,NO,,0.0
2026-05-30,LOCK,Andrew Vaughn,Milwaukee Brewers,Peter Lambert,BetMGM,651,0.1832,0.0712,0.0501,58,B,WATCH,6.0,1.0,6.0,0.0,NO,,0.0
2026-05-30,LOCK,Kody Clemens,Minnesota Twins,Mitch Keller,BetMGM,545,0.2049,0.0709,0.0499,70,B,WATCH,,3.0,2.0,0.0,NO,,0.0
2026-05-30,LOCK,José Tena,Washington Nationals,Michael King,FanDuel,575,0.198,0.0709,0.0498,66,B,WATCH,5.0,2.0,3.0,0.0,NO,,0.0
2026-05-30,LOCK,Jhonny Pereda,Seattle Mariners,Ryne Nelson,FanDuel,625,0.1876,0.0709,0.0496,61,B,WATCH,,3.0,5.0,0.0,NO,,0.0
2026-05-30,LOCK,Henry Davis,Pittsburgh Pirates,Bailey Ober,BetMGM,589,0.1945,0.0709,0.0494,65,B,WATCH,,1.0,4.0,0.0,NO,,0.0
2026-05-30,LOCK,Ceddanne Rafaela,Boston Red Sox,Parker Messick,FanDuel,593,0.1937,0.0706,0.0494,65,B,WATCH,2.0,3.0,5.0,0.0,NO,,0.0
2026-05-30,LOCK,Alika Williams,Athletics,Ryan Weathers,FanDuel,513,0.2119,0.0709,0.0487,74,B,WATCH,,2.0,1.0,0.0,NO,,0.0
2026-05-30,LOCK,JJ Bleday,Cincinnati Reds,Martín Pérez,DraftKings,651,0.1818,0.0707,0.0486,58,B,WATCH,6.0,2.0,6.0,0.0,NO,,0.0
2026-05-30,LOCK,Luke Raley,Seattle Mariners,Ryne Nelson,DraftKings,569,0.198,0.0709,0.0485,66,B,WATCH,5.0,3.0,3.0,0.0,NO,,0.0
2026-05-30,LOCK,Austin Hedges,Cleveland Guardians,Sonny Gray,DraftKings,619,0.1876,0.0709,0.0485,61,B,WATCH,,2.0,5.0,0.0,NO,,0.0
2026-05-30,LOCK,Jorge Soler,Los Angeles Angels,Drew Rasmussen,DraftKings,507,0.213,0.0713,0.0483,97,B,WATCH,4.0,3.0,1.0,0.0,NO,,0.0
2026-05-30,LOCK,Kevin McGonigle,Detroit Tigers,Anthony Kay,BetMGM,596,0.1914,0.0723,0.0477,61,B,WATCH,,5.0,5.0,0.0,NO,,0.0
2026-05-30,LOCK,Cam Smith,Houston Astros,Brandon Sproat,BetMGM,642,0.1824,0.0709,0.0476,58,B,WATCH,,5.0,6.0,0.0,NO,,0.0
2026-05-30,LOCK,Jahmai Jones,Detroit Tigers,Anthony Kay,DraftKings,635,0.1836,0.0714,0.0475,58,B,WATCH,6.0,4.0,7.0,0.0,NO,,0.0
2026-05-30,LOCK,Nick Sogard,Boston Red Sox,Parker Messick,DraftKings,568,0.1971,0.0706,0.0474,66,B,WATCH,5.0,4.0,3.0,0.0,NO,,0.0
2026-05-30,LOCK,Mike Trout,Los Angeles Angels,Drew Rasmussen,FanDuel,574,0.1955,0.0712,0.0471,84,B,WATCH,2.0,4.0,5.0,0.0,NO,,0.0
2026-05-30,LOCK,Edmundo Sosa,Philadelphia Phillies,Roki Sasaki,BetMGM,632,0.1835,0.0713,0.0469,58,B,WATCH,,3.0,6.0,0.0,NO,,0.0
2026-05-30,LOCK,Bryson Stott,Philadelphia Phillies,Roki Sasaki,DraftKings,556,0.1992,0.0713,0.0468,66,B,WATCH,,4.0,3.0,0.0,NO,,0.0
2026-05-30,LOCK,Tyler Stephenson,Cincinnati Reds,Martín Pérez,DraftKings,580,0.1939,0.0707,0.0468,64,B,WATCH,,1.0,4.0,0.0,NO,,0.0
2026-05-30,LOCK,Byron Buxton,Minnesota Twins,Mitch Keller,DraftKings,610,0.1876,0.0709,0.0467,61,B,WATCH,1.0,2.0,6.0,0.0,NO,,0.0
2026-05-30,LOCK,Ben Williamson,Tampa Bay Rays,Reid Detmers,DraftKings,637,0.1824,0.0709,0.0467,58,B,WATCH,,1.0,6.0,0.0,NO,,0.0
2026-05-30,LOCK,Xavier Edwards,Miami Marlins,Christian Scott,FanDuel,604,0.1885,0.0713,0.0465,80,B,WATCH,1.0,1.0,4.0,0.0,NO,,0.0
2026-05-30,LOCK,Ben Rice,New York Yankees,J.T. Ginn,FanDuel,576,0.1939,0.0706,0.0459,64,B,WATCH,2.0,2.0,4.0,0.0,NO,,0.0
2026-05-30,LOCK,Garrett Stubbs,Philadelphia Phillies,Roki Sasaki,DraftKings,600,0.1887,0.0713,0.0459,61,B,WATCH,,5.0,5.0,0.0,NO,,0.0
2026-05-30,LOCK,David Hamilton,Milwaukee Brewers,Peter Lambert,DraftKings,627,0.1832,0.0712,0.0457,58,B,WATCH,,4.0,6.0,0.0,NO,,0.0
2026-05-30,LOCK,Fernando Tatis Jr.,San Diego Padres,Foster Griffin,FanDuel,604,0.1876,0.0709,0.0455,60,B,WATCH,1.0,2.0,5.0,0.0,NO,,0.0
2026-05-30,LOCK,Edouard Julien,Colorado Rockies,Adrian Houser,FanDuel,629,0.1825,0.0709,0.0453,58,B,WATCH,,3.0,6.0,0.0,NO,,0.0
2026-05-30,LOCK,Nico Hoerner,Chicago Cubs,Kyle Leahy,BetMGM,500,0.2119,0.0709,0.0452,73,B,WATCH,,2.0,1.0,0.0,NO,,0.0
2026-05-30,LOCK,Will Smith,Los Angeles Dodgers,Jesús Luzardo,FanDuel,632,0.1817,0.0706,0.0451,57,B,WATCH,6.0,2.0,6.0,0.0,NO,,0.0
2026-05-30,LOCK,Jeremiah Jackson,Baltimore Orioles,Trey Yesavage,BetMGM,535,0.2021,0.0724,0.0446,66,B,WATCH,,3.0,3.0,0.0,NO,,0.0
2026-05-30,LOCK,Iván Herrera,St. Louis Cardinals,Ben Brown,DraftKings,566,0.1945,0.0709,0.0444,64,B,WATCH,2.0,2.0,4.0,0.0,NO,,0.0
2026-05-30,LOCK,Bobby Witt Jr.,Kansas City Royals,Kumar Rocker,FanDuel,565,0.1945,0.0709,0.0441,64,B,WATCH,2.0,4.0,5.0,0.0,NO,,0.0
2026-05-30,LOCK,Xander Bogaerts,San Diego Padres,Foster Griffin,DraftKings,623,0.1824,0.0709,0.044,57,B,WATCH,6.0,3.0,6.0,0.0,NO,,0.0
2026-05-30,LOCK,Nick Gonzales,Pittsburgh Pirates,Bailey Ober,DraftKings,622,0.1824,0.0709,0.0439,57,B,WATCH,,2.0,6.0,0.0,NO,,0.0
2026-05-30,LOCK,Alex Jackson,Minnesota Twins,Mitch Keller,FanDuel,595,0.1876,0.0709,0.0437,60,B,WATCH,,4.0,5.0,0.0,NO,,0.0
2026-05-30,LOCK,A.J. Ewing,New York Mets,Tyler Phillips,DraftKings,619,0.1824,0.0709,0.0433,57,B,WATCH,6.0,1.0,6.0,0.0,NO,,0.0
2026-05-30,LOCK,Mauricio Dubón,Atlanta Braves,Brady Singer,BetMGM,618,0.1824,0.0709,0.0431,57,B,WATCH,6.0,3.0,6.0,0.0,NO,,0.0
2026-05-30,LOCK,George Springer,Toronto Blue Jays,Brandon Young,DraftKings,594,0.187,0.0707,0.0429,60,B,WATCH,1.0,4.0,5.0,0.0,NO,,0.0
2026-05-30,LOCK,Luis Torrens,New York Mets,Tyler Phillips,DraftKings,559,0.1945,0.0709,0.0428,64,B,WATCH,,1.0,4.0,0.0,NO,,0.0
2026-05-30,LOCK,Cody Bellinger,New York Yankees,J.T. Ginn,FanDuel,493,0.2112,0.0706,0.0425,73,B,WATCH,4.0,3.0,1.0,0.0,NO,,0.0
2026-05-30,LOCK,Joc Pederson,Texas Rangers,Seth Lugo,BetMGM,582,0.1891,0.0715,0.0425,60,B,WATCH,,4.0,5.0,0.0,NO,,0.0
2026-05-30,LOCK,Jorbit Vivas,Washington Nationals,Michael King,DraftKings,615,0.1824,0.0709,0.0425,57,B,WATCH,6.0,3.0,8.0,0.0,NO,,0.0
2026-05-30,LOCK,Chadwick Tromp,Atlanta Braves,Brady Singer,FanDuel,589,0.1876,0.0709,0.0424,60,B,WATCH,,4.0,5.0,0.0,NO,,0.0
2026-05-30,LOCK,Jacob Young,Washington Nationals,Michael King,DraftKings,542,0.198,0.0709,0.0422,66,B,WATCH,5.0,4.0,5.0,0.0,NO,,0.0
2026-05-30,LOCK,Sebastián Rivero,Los Angeles Angels,Drew Rasmussen,DraftKings,556,0.1945,0.0709,0.0421,64,B,WATCH,,2.0,4.0,0.0,NO,,0.0
2026-05-30,LOCK,Alec Bohm,Philadelphia Phillies,Roki Sasaki,FanDuel,543,0.1971,0.0706,0.0416,65,B,WATCH,5.0,2.0,4.0,0.0,NO,,0.0
2026-05-30,LOCK,Brooks Lee,Minnesota Twins,Mitch Keller,BetMGM,553,0.1945,0.0709,0.0414,64,B,WATCH,2.0,3.0,5.0,0.0,NO,,0.0
2026-05-30,LOCK,Kevin McGonigle,Detroit Tigers,Anthony Kay,DraftKings,577,0.1888,0.0714,0.0411,60,B,WATCH,1.0,5.0,6.0,0.0,NO,,0.0
2026-05-30,LOCK,Alex Bregman,Chicago Cubs,Kyle Leahy,FanDuel,608,0.1824,0.0709,0.0411,57,B,WATCH,,3.0,6.0,0.0,NO,,0.0
2026-05-30,LOCK,Isiah Kiner-Falefa,Boston Red Sox,Parker Messick,FanDuel,532,0.1992,0.0713,0.041,66,B,WATCH,,3.0,3.0,0.0,NO,,0.0
2026-05-30,LOCK,Nasim Nuñez,Washington Nationals,Michael King,DraftKings,606,0.1824,0.0709,0.0407,57,B,WATCH,,2.0,6.0,0.0,NO,,0.0
2026-05-30,LOCK,Zach Neto,Los Angeles Angels,Drew Rasmussen,DraftKings,572,0.1885,0.0712,0.0397,64,B,WATCH,1.0,5.0,6.0,0.0,NO,,0.0
2026-05-30,LOCK,Henry Bolte,Athletics,Ryan Weathers,FanDuel,599,0.1824,0.0709,0.0393,57,B,WATCH,6.0,3.0,6.0,0.0,NO,,0.0
2026-05-30,LOCK,Marcus Semien,New York Mets,Tyler Phillips,DraftKings,597,0.1824,0.0709,0.0389,57,B,WATCH,,3.0,6.0,0.0,NO,,0.0
2026-05-30,LOCK,Liam Hicks,Miami Marlins,Christian Scott,FanDuel,542,0.1945,0.0709,0.0388,63,B,WATCH,2.0,3.0,3.0,0.0,NO,,0.0
2026-05-30,LOCK,Carson Benge,New York Mets,Tyler Phillips,DraftKings,570,0.1876,0.0709,0.0383,60,B,WATCH,1.0,2.0,5.0,0.0,NO,,0.0
2026-05-30,LOCK,Aramis Garcia,Arizona Diamondbacks,Bryan Woo,DraftKings,569,0.1876,0.0709,0.0381,59,B,WATCH,,2.0,5.0,0.0,NO,,0.0
2026-05-30,LOCK,Sal Stewart,Cincinnati Reds,Martín Pérez,FanDuel,500,0.2043,0.0707,0.0376,69,B,WATCH,3.0,3.0,2.0,0.0,NO,,0.0
2026-05-30,LOCK,Zack Gelof,Athletics,Ryan Weathers,BetMGM,589,0.1824,0.0709,0.0372,57,B,WATCH,,3.0,6.0,0.0,NO,,0.0
2026-05-30,LOCK,Brandon Nimmo,Texas Rangers,Seth Lugo,BetMGM,492,0.206,0.0713,0.0371,69,B,WATCH,3.0,3.0,2.0,0.0,NO,,0.0
2026-05-30,LOCK,Shea Langeliers,Athletics,Ryan Weathers,BetMGM,495,0.2049,0.0709,0.0369,69,B,WATCH,3.0,4.0,2.0,0.0,NO,,0.0
2026-05-30,LOCK,Trea Turner,Philadelphia Phillies,Roki Sasaki,BetMGM,537,0.1937,0.0706,0.0367,63,B,WATCH,2.0,3.0,5.0,0.0,NO,,0.0
2026-05-30,LOCK,Freddy Fermin,San Diego Padres,Foster Griffin,DraftKings,563,0.1876,0.0709,0.0367,59,B,WATCH,,2.0,5.0,0.0,NO,,0.0
2026-05-30,LOCK,Edmundo Sosa,Philadelphia Phillies,Roki Sasaki,FanDuel,473,0.2109,0.0706,0.0364,72,B,WATCH,4.0,4.0,2.0,0.0,NO,,0.0
2026-05-30,LOCK,Jesús Sánchez,Toronto Blue Jays,Brandon Young,FanDuel,587,0.1818,0.0707,0.0362,56,B,WATCH,6.0,5.0,6.0,0.0,NO,,0.0
2026-05-30,LOCK,Josh Jung,Texas Rangers,Seth Lugo,DraftKings,527,0.1956,0.0713,0.0361,63,B,WATCH,2.0,4.0,4.0,0.0,NO,,0.0
2026-05-30,LOCK,Casey Schmitt,San Francisco Giants,Ryan Feltner,DraftKings,492,0.2049,0.0709,0.036,69,B,WATCH,3.0,2.0,2.0,0.0,NO,,0.0
2026-05-30,LOCK,Manny Machado,San Diego Padres,Foster Griffin,DraftKings,468,0.2119,0.0709,0.0358,72,B,WATCH,4.0,4.0,1.0,0.0,NO,,0.0
2026-05-30,LOCK,Joe Mack,Miami Marlins,Christian Scott,BetMGM,559,0.1876,0.0709,0.0358,59,B,WATCH,,3.0,5.0,0.0,NO,,0.0
2026-05-30,LOCK,Carter Jensen,Kansas City Royals,Kumar Rocker,DraftKings,559,0.1876,0.0709,0.0358,59,B,WATCH,1.0,5.0,6.0,0.0,NO,,0.0
2026-05-30,LOCK,Masyn Winn,St. Louis Cardinals,Ben Brown,BetMGM,582,0.1824,0.0709,0.0357,56,B,WATCH,6.0,3.0,6.0,0.0,NO,,0.0
2026-05-30,LOCK,Masataka Yoshida,Boston Red Sox,Parker Messick,FanDuel,585,0.1815,0.0706,0.0356,56,B,WATCH,6.0,5.0,8.0,0.0,NO,,0.0
2026-05-30,LOCK,Yandy Díaz,Tampa Bay Rays,Reid Detmers,FanDuel,557,0.1876,0.0709,0.0354,59,B,WATCH,1.0,2.0,5.0,0.0,NO,,0.0
2026-05-30,LOCK,Jac Caglianone,Kansas City Royals,Kumar Rocker,BetMGM,579,0.1824,0.0709,0.0351,56,B,WATCH,6.0,6.0,7.0,0.0,NO,,0.0
2026-05-30,LOCK,Ty France,San Diego Padres,Foster Griffin,DraftKings,465,0.2119,0.0709,0.0349,72,B,WATCH,,3.0,1.0,0.0,NO,,0.0
2026-05-30,LOCK,Yandy Díaz,Tampa Bay Rays,Reid Detmers,DraftKings,552,0.1876,0.0709,0.0342,59,B,WATCH,,2.0,5.0,0.0,NO,,0.0
2026-05-30,LOCK,Danny Jansen,Texas Rangers,Seth Lugo,BetMGM,649,0.1676,0.0713,0.0341,48,C,WATCH,7.0,5.0,8.0,0.0,NO,,0.0
2026-05-30,LOCK,Tristan Gray,Minnesota Twins,Mitch Keller,DraftKings,509,0.198,0.0709,0.0338,65,B,WATCH,,5.0,3.0,0.0,NO,,0.0
2026-05-30,LOCK,Taylor Ward,Baltimore Orioles,Trey Yesavage,FanDuel,550,0.187,0.0707,0.0331,66,B,WATCH,1.0,4.0,5.0,0.0,NO,,0.0
2026-05-30,LOCK,David Fry,Cleveland Guardians,Sonny Gray,DraftKings,569,0.1824,0.0709,0.0329,56,B,WATCH,6.0,2.0,8.0,0.0,NO,,0.0
2026-05-30,LOCK,Gavin Sheets,San Diego Padres,Foster Griffin,FanDuel,481,0.2049,0.0709,0.0328,68,B,WATCH,,4.0,2.0,0.0,NO,,0.0
2026-05-30,LOCK,Taylor Trammell,Houston Astros,Brandon Sproat,DraftKings,458,0.2119,0.0709,0.0327,72,B,WATCH,4.0,2.0,1.0,0.0,NO,,0.0
2026-05-30,LOCK,Jonathan Aranda,Tampa Bay Rays,Reid Detmers,DraftKings,518,0.1945,0.0709,0.0327,63,B,WATCH,2.0,3.0,4.0,0.0,NO,,0.0
2026-05-30,LOCK,James Outman,Minnesota Twins,Mitch Keller,DraftKings,568,0.1824,0.0709,0.0327,56,B,WATCH,6.0,4.0,8.0,0.0,NO,,0.0
2026-05-30,LOCK,Nolan Gorman,St. Louis Cardinals,Ben Brown,FanDuel,504,0.198,0.0709,0.0324,64,B,WATCH,5.0,4.0,3.0,0.0,NO,,0.0
2026-05-30,LOCK,Tyler Callihan,Pittsburgh Pirates,Bailey Ober,BetMGM,517,0.1945,0.0709,0.0324,63,B,WATCH,2.0,1.0,5.0,0.0,NO,,0.0
2026-05-30,LOCK,J.T. Realmuto,Philadelphia Phillies,Roki Sasaki,FanDuel,648,0.166,0.0706,0.0323,48,C,WATCH,7.0,5.0,8.0,0.0,NO,,0.0
2026-05-30,LOCK,Cole Young,Seattle Mariners,Ryne Nelson,FanDuel,456,0.2119,0.0709,0.032,72,B,WATCH,,4.0,1.0,0.0,NO,,0.0
2026-05-30,LOCK,Konnor Griffin,Pittsburgh Pirates,Bailey Ober,FanDuel,565,0.1824,0.0709,0.032,56,B,WATCH,6.0,2.0,7.0,0.0,NO,,0.0
2026-05-30,LOCK,Amed Rosario,New York Yankees,J.T. Ginn,BetMGM,558,0.1837,0.0714,0.0318,56,B,WATCH,,3.0,6.0,0.0,NO,,0.0
2026-05-30,LOCK,Ty France,San Diego Padres,Foster Griffin,BetMGM,641,0.1667,0.0709,0.0318,48,C,WATCH,7.0,5.0,7.0,0.0,NO,,0.0
2026-05-30,LOCK,Brandon Lowe,Pittsburgh Pirates,Bailey Ober,FanDuel,454,0.2119,0.0709,0.0314,72,B,WATCH,,4.0,1.0,0.0,NO,,0.0
2026-05-30,LOCK,Edgar Quero,Chicago White Sox,Framber Valdez,BetMGM,500,0.198,0.0709,0.0313,64,B,WATCH,5.0,2.0,4.0,0.0,NO,,0.0
2026-05-30,LOCK,Travis Bazzana,Cleveland Guardians,Sonny Gray,BetMGM,540,0.1876,0.0709,0.0313,59,B,WATCH,1.0,3.0,6.0,0.0,NO,,0.0
2026-05-30,LOCK,Jared Young,New York Mets,Tyler Phillips,BetMGM,453,0.2119,0.0709,0.031,72,B,WATCH,4.0,4.0,1.0,0.0,NO,,0.0
2026-05-30,LOCK,Luis García Jr.,Washington Nationals,Michael King,DraftKings,510,0.1945,0.0709,0.0306,62,B,WATCH,2.0,5.0,6.0,0.0,NO,,0.0
2026-05-30,LOCK,Gabriel Moreno,Arizona Diamondbacks,Bryan Woo,BetMGM,451,0.2119,0.0709,0.0304,72,B,WATCH,4.0,3.0,1.0,0.0,NO,,0.0
2026-05-30,LOCK,Andrew Benintendi,Chicago White Sox,Framber Valdez,FanDuel,558,0.1824,0.0709,0.0304,56,B,WATCH,6.0,3.0,7.0,0.0,NO,,0.0
2026-05-30,LOCK,Tyler Tolbert,Kansas City Royals,Kumar Rocker,FanDuel,557,0.1824,0.0709,0.0301,56,B,WATCH,,4.0,6.0,0.0,NO,,0.0
2026-05-30,LOCK,Trent Grisham,New York Yankees,J.T. Ginn,FanDuel,537,0.1869,0.0706,0.0299,58,B,WATCH,1.0,4.0,5.0,0.0,NO,,0.0
2026-05-30,LOCK,Christian Walker,Houston Astros,Brandon Sproat,FanDuel,471,0.2049,0.0709,0.0298,68,B,WATCH,3.0,3.0,2.0,0.0,NO,,0.0
2026-05-30,LOCK,Derek Hill,Chicago White Sox,Framber Valdez,BetMGM,554,0.1824,0.0709,0.0295,56,B,WATCH,,2.0,6.0,0.0,NO,,0.0
2026-05-30,LOCK,Rafael Devers,San Francisco Giants,Ryan Feltner,DraftKings,448,0.2119,0.0709,0.0294,71,B,WATCH,,4.0,1.0,0.0,NO,,0.0
2026-05-30,LOCK,Pedro Ramírez,Chicago Cubs,Kyle Leahy,FanDuel,493,0.198,0.0709,0.0294,64,B,WATCH,,4.0,3.0,0.0,NO,,0.0
2026-05-30,LOCK,Brandon Valenzuela,Toronto Blue Jays,Brandon Young,DraftKings,526,0.1891,0.0715,0.0294,59,B,WATCH,,5.0,5.0,0.0,NO,,0.0
2026-05-30,LOCK,Colson Montgomery,Chicago White Sox,Framber Valdez,DraftKings,447,0.2119,0.0709,0.0291,71,B,WATCH,,3.0,1.0,0.0,NO,,0.0
2026-05-30,LOCK,Mike Yastrzemski,Atlanta Braves,Brady Singer,BetMGM,625,0.1667,0.0709,0.0288,47,C,WATCH,7.0,4.0,7.0,0.0,NO,,0.0
2026-05-30,LOCK,Matt Chapman,San Francisco Giants,Ryan Feltner,BetMGM,551,0.1824,0.0709,0.0287,56,B,WATCH,,5.0,6.0,0.0,NO,,0.0
2026-05-30,LOCK,Dominic Canzone,Seattle Mariners,Ryne Nelson,DraftKings,619,0.1667,0.0709,0.0276,47,C,WATCH,7.0,4.0,7.0,0.0,NO,,0.0
2026-05-30,LOCK,Junior Caminero,Tampa Bay Rays,Reid Detmers,DraftKings,463,0.2049,0.0709,0.0273,67,B,WATCH,,4.0,2.0,0.0,NO,,0.0
2026-05-30,LOCK,Jonathan Aranda,Tampa Bay Rays,Reid Detmers,FanDuel,498,0.1945,0.0709,0.0273,62,B,WATCH,,3.0,4.0,0.0,NO,,0.0
2026-05-30,LOCK,Ezequiel Tovar,Colorado Rockies,Adrian Houser,BetMGM,547,0.1818,0.0707,0.0273,55,B,WATCH,6.0,4.0,6.0,0.0,NO,,0.0
2026-05-30,LOCK,Junior Caminero,Tampa Bay Rays,Reid Detmers,FanDuel,462,0.2049,0.0709,0.027,67,B,WATCH,3.0,4.0,2.0,0.0,NO,,0.0
2026-05-30,LOCK,Blake Dunn,Cincinnati Reds,Martín Pérez,DraftKings,525,0.187,0.0707,0.027,58,B,WATCH,1.0,4.0,5.0,0.0,NO,,0.0
2026-05-30,LOCK,Dillon Dingler,Detroit Tigers,Anthony Kay,DraftKings,489,0.1958,0.0714,0.026,62,B,WATCH,2.0,6.0,5.0,0.0,NO,,0.0
2026-05-30,LOCK,Jeff McNeil,Athletics,Ryan Weathers,FanDuel,481,0.198,0.0709,0.0259,64,B,WATCH,,4.0,3.0,0.0,NO,,0.0
2026-05-30,LOCK,Brandon Lowe,Pittsburgh Pirates,Bailey Ober,BetMGM,493,0.1945,0.0709,0.0259,62,B,WATCH,2.0,3.0,4.0,0.0,NO,,0.0
2026-05-30,LOCK,Jorge Mateo,Atlanta Braves,Brady Singer,DraftKings,610,0.1667,0.0709,0.0259,47,C,WATCH,,5.0,7.0,0.0,NO,,0.0
2026-05-30,LOCK,Colt Keith,Detroit Tigers,Anthony Kay,DraftKings,533,0.1836,0.0714,0.0256,55,B,WATCH,6.0,7.0,8.0,0.0,NO,,0.0
2026-05-30,LOCK,Tyler Soderstrom,Athletics,Ryan Weathers,DraftKings,653,0.158,0.0709,0.0252,42,C,WATCH,,5.0,8.0,0.0,NO,,0.0
2026-05-30,LOCK,Chad Stevens,Colorado Rockies,Adrian Houser,BetMGM,478,0.1981,0.0709,0.0251,64,B,WATCH,,4.0,3.0,0.0,NO,,0.0
2026-05-30,LOCK,Corbin Carroll,Arizona Diamondbacks,Bryan Woo,DraftKings,489,0.1945,0.0709,0.0247,62,B,WATCH,2.0,4.0,4.0,0.0,NO,,0.0
2026-05-30,LOCK,Ryan Vilade,Tampa Bay Rays,Reid Detmers,DraftKings,433,0.2119,0.0709,0.0243,71,B,WATCH,,5.0,1.0,0.0,NO,,0.0
2026-05-30,LOCK,Dalton Rushing,Los Angeles Dodgers,Jesús Luzardo,FanDuel,515,0.1869,0.0706,0.0243,58,B,WATCH,,2.0,5.0,0.0,NO,,0.0
2026-05-30,LOCK,Mookie Betts,Los Angeles Dodgers,Jesús Luzardo,DraftKings,424,0.215,0.0719,0.0242,91,B,WATCH,4.0,3.0,1.0,0.0,NO,,0.0
2026-05-30,LOCK,José Caballero,New York Yankees,J.T. Ginn,DraftKings,650,0.1575,0.0706,0.0242,42,C,WATCH,8.0,5.0,9.0,0.0,NO,,0.0
2026-05-30,LOCK,Tyler Soderstrom,Athletics,Ryan Weathers,BetMGM,475,0.198,0.0709,0.0241,63,B,WATCH,5.0,5.0,3.0,0.0,NO,,0.0
2026-05-30,LOCK,Ronald Acuña Jr.,Atlanta Braves,Brady Singer,BetMGM,511,0.1876,0.0709,0.0239,58,B,WATCH,1.0,5.0,5.0,0.0,NO,,0.0
2026-05-30,LOCK,Willy Adames,San Francisco Giants,Ryan Feltner,FanDuel,600,0.1667,0.0709,0.0239,47,C,WATCH,,6.0,7.0,0.0,NO,,0.0
2026-05-30,LOCK,Oneil Cruz,Pittsburgh Pirates,Bailey Ober,BetMGM,474,0.198,0.0709,0.0238,63,B,WATCH,5.0,4.0,3.0,0.0,NO,,0.0
2026-05-30,LOCK,Freddie Freeman,Los Angeles Dodgers,Jesús Luzardo,BetMGM,454,0.2042,0.0706,0.0237,67,B,WATCH,3.0,4.0,2.0,0.0,NO,,0.0
2026-05-30,LOCK,Wenceel Pérez,Detroit Tigers,Anthony Kay,DraftKings,582,0.1702,0.0723,0.0235,47,C,WATCH,,6.0,7.0,0.0,NO,,0.0
2026-05-30,LOCK,Miguel Vargas,Chicago White Sox,Framber Valdez,BetMGM,447,0.2049,0.0709,0.0221,67,B,WATCH,,4.0,2.0,0.0,NO,,0.0
2026-05-30,LOCK,Chase Meidroth,Chicago White Sox,Framber Valdez,FanDuel,503,0.1876,0.0709,0.0217,58,B,WATCH,1.0,4.0,6.0,0.0,NO,,0.0
2026-05-30,LOCK,Xavier Edwards,Miami Marlins,Christian Scott,DraftKings,462,0.199,0.0713,0.0211,83,B,WATCH,,4.0,3.0,0.0,NO,,0.0
2026-05-30,LOCK,Nick Loftin,Kansas City Royals,Kumar Rocker,BetMGM,465,0.198,0.0709,0.021,63,B,WATCH,,5.0,3.0,0.0,NO,,0.0
2026-05-30,LOCK,Hunter Goodman,Colorado Rockies,Adrian Houser,BetMGM,445,0.2043,0.0707,0.0209,67,B,WATCH,3.0,5.0,2.0,0.0,NO,,0.0
2026-05-30,LOCK,Michael Busch,Chicago Cubs,Kyle Leahy,DraftKings,443,0.2049,0.0709,0.0208,67,B,WATCH,3.0,2.0,2.0,0.0,NO,,0.0
2026-05-30,LOCK,Ian Happ,Chicago Cubs,Kyle Leahy,FanDuel,464,0.198,0.0709,0.0207,63,B,WATCH,5.0,3.0,3.0,0.0,NO,,0.0
2026-05-30,LOCK,Michael Harris II,Atlanta Braves,Brady Singer,BetMGM,475,0.1945,0.0709,0.0206,61,B,WATCH,2.0,6.0,4.0,0.0,NO,,0.0
2026-05-30,LOCK,Eric Haase,San Francisco Giants,Ryan Feltner,DraftKings,627,0.158,0.0709,0.0205,42,C,WATCH,8.0,3.0,8.0,0.0,NO,,0.0
2026-05-30,LOCK,Isiah Kiner-Falefa,Boston Red Sox,Parker Messick,BetMGM,587,0.166,0.0706,0.0204,46,C,WATCH,7.0,6.0,9.0,0.0,NO,,0.0
2026-05-30,LOCK,Darell Hernaiz,Athletics,Ryan Weathers,BetMGM,626,0.158,0.0709,0.0203,42,C,WATCH,8.0,6.0,8.0,0.0,NO,,0.0
2026-05-30,LOCK,Mauricio Dubón,Atlanta Braves,Brady Singer,DraftKings,623,0.158,0.0709,0.0197,41,C,WATCH,,6.0,8.0,0.0,NO,,0.0
2026-05-30,LOCK,Cedric Mullins,Tampa Bay Rays,Reid Detmers,BetMGM,623,0.158,0.0709,0.0197,41,C,WATCH,8.0,5.0,8.0,0.0,NO,,0.0
2026-05-30,LOCK,Curtis Mead,Washington Nationals,Michael King,DraftKings,420,0.2119,0.0709,0.0196,70,B,WATCH,,3.0,1.0,0.0,NO,,0.0
2026-05-30,LOCK,Ketel Marte,Arizona Diamondbacks,Bryan Woo,BetMGM,420,0.2119,0.0709,0.0196,70,B,WATCH,,3.0,1.0,0.0,NO,,0.0
2026-05-30,LOCK,CJ Abrams,Washington Nationals,Michael King,DraftKings,420,0.2119,0.0709,0.0196,70,B,WATCH,4.0,6.0,1.0,0.0,NO,,0.0
2026-05-30,LOCK,Kyle Karros,Colorado Rockies,Adrian Houser,DraftKings,580,0.1662,0.0707,0.0192,46,C,WATCH,7.0,6.0,7.0,0.0,NO,,0.0
2026-05-30,LOCK,Nolan Gorman,St. Louis Cardinals,Ben Brown,DraftKings,459,0.198,0.0709,0.0191,63,B,WATCH,,2.0,3.0,0.0,NO,,0.0
2026-05-30,LOCK,Kazuma Okamoto,Toronto Blue Jays,Brandon Young,BetMGM,461,0.1973,0.0707,0.0191,63,B,WATCH,5.0,6.0,3.0,0.0,NO,,0.0
2026-05-30,LOCK,Weston Wilson,Baltimore Orioles,Trey Yesavage,BetMGM,603,0.1613,0.0724,0.0191,42,C,WATCH,,6.0,8.0,0.0,NO,,0.0
2026-05-30,LOCK,Wenceel Pérez,Detroit Tigers,Anthony Kay,BetMGM,571,0.1678,0.0714,0.0188,46,C,WATCH,7.0,8.0,9.0,0.0,NO,,0.0
2026-05-30,LOCK,Ryan McMahon,New York Yankees,J.T. Ginn,BetMGM,577,0.1662,0.0706,0.0184,46,C,WATCH,7.0,6.0,7.0,0.0,NO,,0.0
2026-05-30,LOCK,Taylor Walls,Tampa Bay Rays,Reid Detmers,FanDuel,641,0.1528,0.0709,0.0179,38,D,WATCH,,6.0,9.0,0.0,NO,,0.0
2026-05-30,LOCK,Jonah Heim,Athletics,Ryan Weathers,DraftKings,489,0.1876,0.0709,0.0178,57,B,WATCH,,6.0,5.0,0.0,NO,,0.0
2026-05-30,LOCK,Kyle Manzardo,Cleveland Guardians,Sonny Gray,BetMGM,414,0.2119,0.0709,0.0173,70,B,WATCH,4.0,4.0,1.0,0.0,NO,,0.0
2026-05-30,LOCK,Geraldo Perdomo,Arizona Diamondbacks,Bryan Woo,BetMGM,505,0.1824,0.0709,0.0171,54,C,WATCH,,4.0,6.0,0.0,NO,,0.0
2026-05-30,LOCK,Andrés Chaparro,Washington Nationals,Michael King,BetMGM,430,0.2049,0.0709,0.0163,66,B,WATCH,,4.0,2.0,0.0,NO,,0.0
2026-05-30,LOCK,Jorge Mateo,Atlanta Braves,Brady Singer,BetMGM,604,0.158,0.0709,0.016,41,C,WATCH,8.0,7.0,8.0,0.0,NO,,0.0
2026-05-30,LOCK,Tim Tawa,Arizona Diamondbacks,Bryan Woo,DraftKings,563,0.1667,0.0709,0.0159,46,C,WATCH,,5.0,7.0,0.0,NO,,0.0
2026-05-30,LOCK,Luis García Jr.,Washington Nationals,Michael King,FanDuel,448,0.198,0.0709,0.0155,62,B,WATCH,,5.0,3.0,0.0,NO,,0.0
2026-05-30,LOCK,Josh Bell,Minnesota Twins,Mitch Keller,DraftKings,427,0.2049,0.0709,0.0152,66,B,WATCH,3.0,5.0,2.0,0.0,NO,,0.0
2026-05-30,LOCK,Mookie Betts,Los Angeles Dodgers,Jesús Luzardo,FanDuel,588,0.1604,0.0719,0.0151,61,B,WATCH,,3.0,7.0,0.0,NO,,0.0
2026-05-30,LOCK,Andy Pages,Los Angeles Dodgers,Jesús Luzardo,BetMGM,459,0.1938,0.0706,0.0149,60,B,WATCH,2.0,5.0,4.0,0.0,NO,,0.0
2026-05-30,LOCK,Andrés Giménez,Toronto Blue Jays,Brandon Young,DraftKings,600,0.1575,0.0707,0.0147,41,C,WATCH,8.0,7.0,9.0,0.0,NO,,0.0
2026-05-30,LOCK,Drew Millas,Washington Nationals,Michael King,BetMGM,478,0.1876,0.0709,0.0146,57,B,WATCH,,6.0,5.0,0.0,NO,,0.0
2026-05-30,LOCK,Brett Sullivan,Colorado Rockies,Adrian Houser,BetMGM,455,0.1946,0.0709,0.0145,60,B,WATCH,,5.0,4.0,0.0,NO,,0.0
2026-05-30,LOCK,TJ Friedl,Cincinnati Reds,Martín Pérez,BetMGM,624,0.1523,0.0707,0.0142,38,D,WATCH,9.0,5.0,9.0,0.0,NO,,0.0
2026-05-30,LOCK,Logan O'Hoppe,Los Angeles Angels,Drew Rasmussen,BetMGM,481,0.1859,0.0703,0.0138,67,B,WATCH,,4.0,5.0,0.0,NO,,0.0
2026-05-30,LOCK,Nick Allen,Houston Astros,Brandon Sproat,BetMGM,554,0.1667,0.0709,0.0138,45,C,WATCH,7.0,4.0,8.0,0.0,NO,,0.0
2026-05-30,LOCK,Pete Crow-Armstrong,Chicago Cubs,Kyle Leahy,FanDuel,475,0.1876,0.0709,0.0137,57,B,WATCH,1.0,4.0,5.0,0.0,NO,,0.0
2026-05-30,LOCK,Endy Rodríguez,Pittsburgh Pirates,Bailey Ober,FanDuel,553,0.1667,0.0709,0.0136,45,C,WATCH,7.0,5.0,8.0,0.0,NO,,0.0
2026-05-30,LOCK,Matt Chapman,San Francisco Giants,Ryan Feltner,FanDuel,491,0.1824,0.0709,0.0132,54,C,WATCH,6.0,4.0,6.0,0.0,NO,,0.0
2026-05-30,LOCK,Vidal Bruján,New York Mets,Tyler Phillips,FanDuel,615,0.1528,0.0709,0.013,38,D,WATCH,,7.0,9.0,0.0,NO,,0.0
2026-05-30,LOCK,Ezequiel Duran,Texas Rangers,Seth Lugo,DraftKings,437,0.199,0.0713,0.0128,62,B,WATCH,5.0,6.0,3.0,0.0,NO,,0.0
2026-05-30,LOCK,Luis Arraez,San Francisco Giants,Ryan Feltner,BetMGM,449,0.1945,0.0709,0.0124,60,B,WATCH,2.0,5.0,4.0,0.0,NO,,0.0
2026-05-30,LOCK,Adolis García,Philadelphia Phillies,Roki Sasaki,DraftKings,590,0.1573,0.0706,0.0124,41,C,WATCH,8.0,6.0,9.0,0.0,NO,,0.0
2026-05-30,LOCK,Patrick Wisdom,Seattle Mariners,Ryne Nelson,BetMGM,488,0.1824,0.0709,0.0123,54,C,WATCH,,5.0,6.0,0.0,NO,,0.0
2026-05-30,LOCK,Nick Fortes,Tampa Bay Rays,Reid Detmers,DraftKings,547,0.1667,0.0709,0.0122,45,C,WATCH,7.0,6.0,7.0,0.0,NO,,0.0
2026-05-30,LOCK,Christian Yelich,Milwaukee Brewers,Peter Lambert,FanDuel,467,0.1885,0.0712,0.0121,56,B,WATCH,1.0,3.0,5.0,0.0,NO,,0.0
2026-05-30,LOCK,Alejandro Osuna,Texas Rangers,Seth Lugo,BetMGM,484,0.1833,0.0713,0.0121,54,C,WATCH,6.0,7.0,6.0,0.0,NO,,0.0
2026-05-30,LOCK,Liam Hicks,Miami Marlins,Christian Scott,BetMGM,446,0.1945,0.0709,0.0114,60,B,WATCH,,5.0,4.0,0.0,NO,,0.0
2026-05-30,LOCK,Daniel Schneemann,Cleveland Guardians,Sonny Gray,BetMGM,485,0.1824,0.0709,0.0114,53,C,WATCH,6.0,5.0,7.0,0.0,NO,,0.0
2026-05-30,LOCK,Cam Smith,Houston Astros,Brandon Sproat,DraftKings,485,0.1824,0.0709,0.0114,53,C,WATCH,6.0,5.0,6.0,0.0,NO,,0.0
2026-05-30,LOCK,Austin Martin,Minnesota Twins,Mitch Keller,FanDuel,581,0.158,0.0709,0.0112,40,C,WATCH,,6.0,8.0,0.0,NO,,0.0
2026-05-30,LOCK,Luisangel Acuña,Chicago White Sox,Framber Valdez,DraftKings,542,0.1667,0.0709,0.011,45,C,WATCH,7.0,5.0,8.0,0.0,NO,,0.0
2026-05-30,LOCK,Nicky Lopez,Texas Rangers,Seth Lugo,FanDuel,576,0.1589,0.0713,0.011,40,C,WATCH,8.0,8.0,9.0,0.0,NO,,0.0
2026-05-30,LOCK,Matt McLain,Cincinnati Reds,Martín Pérez,BetMGM,581,0.1575,0.0707,0.0107,40,C,WATCH,8.0,6.0,8.0,0.0,NO,,0.0
2026-05-30,LOCK,Gavin Sheets,San Diego Padres,Foster Griffin,DraftKings,443,0.1945,0.0709,0.0104,60,B,WATCH,2.0,6.0,4.0,0.0,NO,,0.0
2026-05-30,LOCK,Daulton Varsho,Toronto Blue Jays,Brandon Young,BetMGM,596,0.1541,0.0715,0.0104,38,D,WATCH,,7.0,9.0,0.0,NO,,0.0
2026-05-30,LOCK,Jo Adell,Los Angeles Angels,Drew Rasmussen,BetMGM,484,0.1814,0.0705,0.0101,69,B,WATCH,6.0,6.0,9.0,0.0,NO,,0.0
2026-05-30,LOCK,Angel Martínez,Cleveland Guardians,Sonny Gray,DraftKings,432,0.198,0.0709,0.01,62,B,WATCH,5.0,6.0,4.0,0.0,NO,,0.0
2026-05-30,LOCK,Jake Meyers,Houston Astros,Brandon Sproat,FanDuel,575,0.158,0.0709,0.0099,40,C,WATCH,8.0,6.0,9.0,0.0,NO,,0.0
2026-05-30,LOCK,Ryan Waldschmidt,Arizona Diamondbacks,Bryan Woo,BetMGM,479,0.1824,0.0709,0.0096,53,C,WATCH,6.0,5.0,6.0,0.0,NO,,0.0
2026-05-30,LOCK,Jackson Chourio,Milwaukee Brewers,Peter Lambert,DraftKings,570,0.1588,0.0712,0.0096,40,C,WATCH,,6.0,8.0,0.0,NO,,0.0
2026-05-30,LOCK,Jared Triolo,Pittsburgh Pirates,Bailey Ober,DraftKings,430,0.198,0.0709,0.0093,62,B,WATCH,,7.0,3.0,0.0,NO,,0.0
2026-05-30,LOCK,Willy Adames,San Francisco Giants,Ryan Feltner,DraftKings,461,0.1876,0.0709,0.0093,56,B,WATCH,1.0,6.0,5.0,0.0,NO,,0.0
2026-05-30,LOCK,Randy Arozarena,Seattle Mariners,Ryne Nelson,DraftKings,393,0.2119,0.0709,0.009,69,B,WATCH,4.0,5.0,1.0,0.0,NO,,0.0
2026-05-30,LOCK,Daylen Lile,Washington Nationals,Michael King,DraftKings,410,0.2049,0.0709,0.0089,65,B,WATCH,3.0,7.0,2.0,0.0,NO,,0.0
2026-05-30,LOCK,JJ Wetherholt,St. Louis Cardinals,Ben Brown,FanDuel,459,0.1876,0.0709,0.0087,56,B,WATCH,1.0,5.0,5.0,0.0,NO,,0.0
2026-05-30,LOCK,Brooks Lee,Minnesota Twins,Mitch Keller,DraftKings,476,0.1824,0.0709,0.0087,53,C,WATCH,,7.0,6.0,0.0,NO,,0.0
2026-05-30,LOCK,Seiya Suzuki,Chicago Cubs,Kyle Leahy,BetMGM,475,0.1824,0.0709,0.0084,53,C,WATCH,6.0,5.0,6.0,0.0,NO,,0.0
2026-05-30,LOCK,Daniel Susac,San Francisco Giants,Ryan Feltner,BetMGM,455,0.1876,0.0709,0.0074,56,B,WATCH,,7.0,5.0,0.0,NO,,0.0
2026-05-30,LOCK,Cedric Mullins,Tampa Bay Rays,Reid Detmers,FanDuel,563,0.158,0.0709,0.0072,40,C,WATCH,,7.0,8.0,0.0,NO,,0.0
2026-05-30,LOCK,Shea Langeliers,Athletics,Ryan Weathers,DraftKings,433,0.1945,0.0709,0.0069,59,B,WATCH,,7.0,4.0,0.0,NO,,0.0
2026-05-30,LOCK,Mitch Garver,Seattle Mariners,Ryne Nelson,FanDuel,561,0.158,0.0709,0.0068,40,C,WATCH,8.0,6.0,8.0,0.0,NO,,0.0
2026-05-30,LOCK,Joey Ortiz,Milwaukee Brewers,Peter Lambert,DraftKings,556,0.1588,0.0712,0.0064,40,C,WATCH,8.0,4.0,8.0,0.0,NO,,0.0
2026-05-30,LOCK,Braxton Fulford,Colorado Rockies,Adrian Houser,DraftKings,450,0.1877,0.0709,0.0059,56,B,WATCH,,7.0,5.0,0.0,NO,,0.0
2026-05-30,LOCK,Marcelo Mayer,Boston Red Sox,Parker Messick,DraftKings,422,0.1971,0.0706,0.0055,61,B,WATCH,5.0,7.0,4.0,0.0,NO,,0.0
2026-05-30,LOCK,Gabriel Moreno,Arizona Diamondbacks,Bryan Woo,DraftKings,429,0.1945,0.0709,0.0055,59,B,WATCH,,7.0,4.0,0.0,NO,,0.0
2026-05-30,LOCK,Bo Bichette,New York Mets,Tyler Phillips,BetMGM,429,0.1945,0.0709,0.0055,59,B,WATCH,2.0,5.0,4.0,0.0,NO,,0.0
2026-05-30,LOCK,Tyler Stephenson,Cincinnati Reds,Martín Pérez,BetMGM,522,0.1662,0.0707,0.0054,44,C,WATCH,7.0,7.0,7.0,0.0,NO,,0.0
2026-05-30,LOCK,Jake Bauers,Milwaukee Brewers,Peter Lambert,BetMGM,416,0.1989,0.0712,0.0051,61,B,WATCH,5.0,5.0,3.0,0.0,NO,,0.0
2026-05-30,LOCK,Alec Burleson,St. Louis Cardinals,Ben Brown,FanDuel,400,0.2049,0.0709,0.0049,65,B,WATCH,,3.0,2.0,0.0,NO,,0.0
2026-05-30,LOCK,Chandler Simpson,Tampa Bay Rays,Reid Detmers,BetMGM,418,0.198,0.0709,0.0049,61,B,WATCH,,8.0,3.0,0.0,NO,,0.0
2026-05-30,LOCK,José Fermín,St. Louis Cardinals,Ben Brown,FanDuel,518,0.1667,0.0709,0.0049,44,C,WATCH,,4.0,6.0,0.0,NO,,0.0
2026-05-30,LOCK,Moisés Ballesteros,Chicago Cubs,Kyle Leahy,BetMGM,517,0.1667,0.0709,0.0047,44,C,WATCH,7.0,6.0,7.0,0.0,NO,,0.0
2026-05-30,LOCK,Kody Clemens,Minnesota Twins,Mitch Keller,FanDuel,382,0.2119,0.0709,0.0044,68,B,WATCH,4.0,6.0,1.0,0.0,NO,,0.0
2026-05-30,LOCK,Rodolfo Durán,San Diego Padres,Foster Griffin,FanDuel,426,0.1945,0.0709,0.0044,59,B,WATCH,,6.0,4.0,0.0,NO,,0.0
2026-05-30,LOCK,Christopher Morel,Miami Marlins,Christian Scott,BetMGM,550,0.158,0.0709,0.0042,40,C,WATCH,8.0,4.0,7.0,0.0,NO,,0.0
2026-05-30,LOCK,Spencer Horwitz,Pittsburgh Pirates,Bailey Ober,FanDuel,445,0.1876,0.0709,0.0041,55,B,WATCH,1.0,6.0,6.0,0.0,NO,,0.0
2026-05-30,LOCK,Myles Straw,Toronto Blue Jays,Brandon Young,BetMGM,463,0.1818,0.0707,0.0041,53,C,WATCH,6.0,8.0,7.0,0.0,NO,,0.0
2026-05-30,LOCK,Nico Hoerner,Chicago Cubs,Kyle Leahy,DraftKings,425,0.1945,0.0709,0.004,59,B,WATCH,2.0,7.0,4.0,0.0,NO,,0.0
2026-05-30,LOCK,Jake McCarthy,Colorado Rockies,Adrian Houser,BetMGM,446,0.187,0.0707,0.0039,55,B,WATCH,1.0,7.0,5.0,0.0,NO,,0.0
2026-05-30,LOCK,Tyler Tolbert,Kansas City Royals,Kumar Rocker,BetMGM,397,0.2049,0.0709,0.0037,65,B,WATCH,3.0,7.0,3.0,0.0,NO,,0.0
2026-05-30,LOCK,J.P. Crawford,Seattle Mariners,Ryne Nelson,DraftKings,443,0.1876,0.0709,0.0034,55,B,WATCH,1.0,7.0,5.0,0.0,NO,,0.0
2026-05-30,LOCK,Caleb Durbin,Boston Red Sox,Parker Messick,FanDuel,508,0.1678,0.0713,0.0033,44,C,WATCH,,5.0,7.0,0.0,NO,,0.0
2026-05-30,LOCK,Jackson Holliday,Baltimore Orioles,Trey Yesavage,BetMGM,543,0.1587,0.0712,0.0032,40,C,WATCH,8.0,5.0,8.0,0.0,NO,,0.0
2026-05-30,LOCK,Jakob Marsee,Miami Marlins,Christian Scott,DraftKings,413,0.198,0.0709,0.0031,61,B,WATCH,5.0,5.0,2.0,0.0,NO,,0.0
2026-05-30,LOCK,Elly De La Cruz,Cincinnati Reds,Martín Pérez,DraftKings,424,0.1939,0.0707,0.003,59,B,WATCH,2.0,8.0,4.0,0.0,NO,,0.0
2026-05-30,LOCK,Randal Grichuk,Chicago White Sox,Framber Valdez,FanDuel,378,0.2119,0.0709,0.0027,68,B,WATCH,4.0,6.0,1.0,0.0,NO,,0.0
2026-05-30,LOCK,Ryan McMahon,New York Yankees,J.T. Ginn,DraftKings,504,0.168,0.0714,0.0024,44,C,WATCH,,4.0,7.0,0.0,NO,,0.0
2026-05-30,LOCK,Anthony Volpe,New York Yankees,J.T. Ginn,DraftKings,537,0.1592,0.0714,0.0023,39,D,WATCH,,5.0,8.0,0.0,NO,,0.0
2026-05-30,LOCK,Bryan Reynolds,Pittsburgh Pirates,Bailey Ober,DraftKings,392,0.2049,0.0709,0.0017,64,B,WATCH,3.0,7.0,2.0,0.0,NO,,0.0
2026-05-30,LOCK,Rhys Hoskins,Cleveland Guardians,Sonny Gray,BetMGM,375,0.2119,0.0709,0.0014,68,B,WATCH,4.0,7.0,2.0,0.0,NO,,0.0
2026-05-30,LOCK,Randy Arozarena,Seattle Mariners,Ryne Nelson,FanDuel,538,0.158,0.0709,0.0013,39,D,WATCH,,7.0,8.0,0.0,NO,,0.0
2026-05-30,LOCK,Donovan Walton,Los Angeles Angels,Drew Rasmussen,FanDuel,374,0.2119,0.0709,0.0009,68,B,WATCH,,5.0,1.0,0.0,NO,,0.0
2026-05-30,LOCK,Vaughn Grissom,Los Angeles Angels,Drew Rasmussen,FanDuel,390,0.2049,0.0709,0.0009,64,B,WATCH,3.0,7.0,2.0,0.0,NO,,0.0
2026-05-30,LOCK,Isaac Collins,Kansas City Royals,Kumar Rocker,BetMGM,503,0.1667,0.0709,0.0009,44,C,WATCH,7.0,8.0,8.0,0.0,NO,,0.0
2026-05-30,LOCK,Jung Hoo Lee,San Francisco Giants,Ryan Feltner,DraftKings,407,0.198,0.0709,0.0007,61,B,WATCH,5.0,7.0,3.0,0.0,NO,,0.0
2026-05-30,LOCK,Ketel Marte,Arizona Diamondbacks,Bryan Woo,FanDuel,435,0.1876,0.0709,0.0007,55,B,WATCH,1.0,6.0,5.0,0.0,NO,,0.0
2026-05-30,LOCK,Pete Alonso,Baltimore Orioles,Trey Yesavage,DraftKings,371,0.2128,0.0712,0.0005,68,B,WATCH,4.0,6.0,1.0,0.0,NO,,0.0
2026-05-30,LOCK,Jazz Chisholm Jr.,New York Yankees,J.T. Ginn,BetMGM,402,0.1995,0.0714,0.0003,61,B,WATCH,,6.0,3.0,0.0,NO,,0.0
2026-05-30,LOCK,Wade Meckler,Los Angeles Angels,Drew Rasmussen,BetMGM,405,0.198,0.0709,-0.0,60,B,WATCH,5.0,8.0,3.0,0.0,NO,,0.0
2026-05-30,LOCK,Miguel Amaya,Chicago Cubs,Kyle Leahy,FanDuel,414,0.1945,0.0709,-0.0,59,B,WATCH,,6.0,4.0,0.0,NO,,0.0
2026-05-30,LOCK,Jeremiah Jackson,Baltimore Orioles,Trey Yesavage,FanDuel,551,0.1535,0.0712,-0.0001,36,D,WATCH,9.0,7.0,9.0,0.0,NO,,0.0
2026-05-30,LOCK,Jackson Chourio,Milwaukee Brewers,Peter Lambert,BetMGM,411,0.1955,0.0712,-0.0002,59,C,WATCH,2.0,6.0,4.0,0.0,NO,,0.0
2026-05-30,LOCK,P.J. Higgins,Cincinnati Reds,Martín Pérez,FanDuel,433,0.187,0.0707,-0.0007,55,C,WATCH,,4.0,5.0,0.0,NO,,0.0
2026-05-30,LOCK,Brice Turang,Milwaukee Brewers,Peter Lambert,DraftKings,368,0.2129,0.0712,-0.0008,68,C,WATCH,,7.0,1.0,0.0,NO,,0.0
2026-05-30,LOCK,Chandler Simpson,Tampa Bay Rays,Reid Detmers,DraftKings,403,0.198,0.0709,-0.0008,60,C,WATCH,5.0,7.0,3.0,0.0,NO,,0.0
2026-05-30,LOCK,Daylen Lile,Washington Nationals,Michael King,FanDuel,550,0.1528,0.0709,-0.001,36,D,WATCH,,8.0,9.0,0.0,NO,,0.0
2026-05-30,LOCK,Blaze Alexander,Baltimore Orioles,Trey Yesavage,FanDuel,433,0.1861,0.0724,-0.0015,52,C,WATCH,,7.0,6.0,0.0,NO,,0.0
2026-05-30,LOCK,Victor Caratini,Minnesota Twins,Mitch Keller,BetMGM,443,0.1824,0.0709,-0.0018,52,C,WATCH,6.0,7.0,7.0,0.0,NO,,0.0
2026-05-30,LOCK,Trevor Larnach,Minnesota Twins,Mitch Keller,FanDuel,409,0.1945,0.0709,-0.0019,58,C,WATCH,2.0,8.0,4.0,0.0,NO,,0.0
2026-05-30,LOCK,Jose Siri,Los Angeles Angels,Drew Rasmussen,FanDuel,546,0.1528,0.0709,-0.002,36,D,WATCH,,7.0,9.0,0.0,NO,,0.0
2026-05-30,LOCK,Hao-Yu  Lee,Detroit Tigers,Anthony Kay,DraftKings,512,0.1613,0.0723,-0.0021,39,D,WATCH,,8.0,8.0,0.0,NO,,0.0
2026-05-30,LOCK,Dane Myers,Cincinnati Reds,Martín Pérez,DraftKings,526,0.1575,0.0707,-0.0022,39,D,WATCH,,5.0,8.0,0.0,NO,,0.0
2026-05-30,LOCK,Nick Kurtz,Athletics,Ryan Weathers,DraftKings,408,0.1945,0.0709,-0.0023,58,C,WATCH,2.0,7.0,4.0,0.0,NO,,0.0
2026-05-30,LOCK,Nick Sogard,Boston Red Sox,Parker Messick,BetMGM,518,0.159,0.0713,-0.0028,39,D,WATCH,,6.0,8.0,0.0,NO,,0.0
2026-05-30,LOCK,Alex Call,Los Angeles Dodgers,Jesús Luzardo,BetMGM,524,0.1575,0.0706,-0.0028,39,D,WATCH,8.0,6.0,8.0,0.0,NO,,0.0
2026-05-30,LOCK,Miguel Amaya,Chicago Cubs,Kyle Leahy,DraftKings,521,0.158,0.0709,-0.003,39,D,WATCH,8.0,8.0,8.0,0.0,NO,,0.0
2026-05-30,LOCK,Jake Meyers,Houston Astros,Brandon Sproat,DraftKings,518,0.158,0.0709,-0.0038,39,D,WATCH,,6.0,8.0,0.0,NO,,0.0
2026-05-30,LOCK,Darell Hernaiz,Athletics,Ryan Weathers,DraftKings,486,0.1667,0.0709,-0.0039,43,C,WATCH,,8.0,7.0,0.0,NO,,0.0
2026-05-30,LOCK,Austin Wells,New York Yankees,J.T. Ginn,DraftKings,418,0.189,0.0714,-0.0041,55,C,WATCH,,7.0,5.0,0.0,NO,,0.0
2026-05-30,LOCK,Joe Mack,Miami Marlins,Christian Scott,DraftKings,535,0.1528,0.0709,-0.0046,36,D,WATCH,9.0,6.0,8.0,0.0,NO,,0.0
2026-05-30,LOCK,Spencer Torkelson,Detroit Tigers,Anthony Kay,DraftKings,389,0.1993,0.0714,-0.0052,60,C,WATCH,5.0,9.0,4.0,0.0,NO,,0.0
2026-05-30,LOCK,Sam Haggerty,Texas Rangers,Seth Lugo,DraftKings,429,0.1833,0.0713,-0.0057,52,C,WATCH,6.0,9.0,7.0,0.0,NO,,0.0
2026-05-30,LOCK,Ernie Clement,Toronto Blue Jays,Brandon Young,DraftKings,481,0.1662,0.0707,-0.0059,43,C,WATCH,7.0,9.0,8.0,0.0,NO,,0.0
2026-05-30,LOCK,Max Muncy,Los Angeles Dodgers,Jesús Luzardo,FanDuel,392,0.1973,0.0706,-0.006,60,C,WATCH,,5.0,3.0,0.0,NO,,0.0
2026-05-30,LOCK,Ramón Laureano,San Diego Padres,Foster Griffin,BetMGM,507,0.158,0.0709,-0.0067,38,D,WATCH,8.0,7.0,8.0,0.0,NO,,0.0
2026-05-30,LOCK,Jorbit Vivas,Washington Nationals,Michael King,FanDuel,476,0.1667,0.0709,-0.0069,43,C,WATCH,,9.0,7.0,0.0,NO,,0.0
2026-05-30,LOCK,Carson Kelly,Chicago Cubs,Kyle Leahy,DraftKings,411,0.1876,0.0709,-0.0081,54,C,WATCH,,7.0,5.0,0.0,NO,,0.0
2026-05-30,LOCK,Will Smith,Los Angeles Dodgers,Jesús Luzardo,BetMGM,395,0.1938,0.0706,-0.0082,58,C,WATCH,,6.0,4.0,0.0,NO,,0.0
2026-05-30,LOCK,Harrison Bader,San Francisco Giants,Ryan Feltner,BetMGM,520,0.1528,0.0709,-0.0085,35,D,WATCH,,8.0,9.0,0.0,NO,,0.0
2026-05-30,LOCK,Nick Gonzales,Pittsburgh Pirates,Bailey Ober,FanDuel,353,0.2119,0.0709,-0.0089,67,C,WATCH,4.0,8.0,1.0,0.0,NO,,0.0
2026-05-30,LOCK,Paul Goldschmidt,New York Yankees,J.T. Ginn,DraftKings,424,0.1817,0.0706,-0.0091,51,C,WATCH,6.0,7.0,6.0,0.0,NO,,0.0
2026-05-30,LOCK,Alec Burleson,St. Louis Cardinals,Ben Brown,DraftKings,367,0.2049,0.0709,-0.0092,63,C,WATCH,3.0,6.0,2.0,0.0,NO,,0.0
2026-05-30,LOCK,Alex Call,Los Angeles Dodgers,Jesús Luzardo,DraftKings,519,0.1523,0.0706,-0.0093,35,D,WATCH,,7.0,8.0,0.0,NO,,0.0
2026-05-30,LOCK,Edouard Julien,Colorado Rockies,Adrian Houser,BetMGM,498,0.1576,0.0707,-0.0096,38,D,WATCH,8.0,8.0,8.0,0.0,NO,,0.0
2026-05-30,LOCK,Freddie Freeman,Los Angeles Dodgers,Jesús Luzardo,FanDuel,367,0.2042,0.0706,-0.0099,63,C,WATCH,,8.0,2.0,0.0,NO,,0.0
2026-05-30,LOCK,Tristan Peters,Chicago White Sox,Framber Valdez,FanDuel,350,0.2119,0.0709,-0.0103,67,C,WATCH,4.0,7.0,2.0,0.0,NO,,0.0
2026-05-30,LOCK,Connor Wong,Boston Red Sox,Parker Messick,DraftKings,384,0.1957,0.0713,-0.0109,57,C,WATCH,,7.0,4.0,0.0,NO,,0.0
2026-05-30,LOCK,Daniel Schneemann,Cleveland Guardians,Sonny Gray,FanDuel,510,0.1528,0.0709,-0.0111,35,D,WATCH,,5.0,9.0,0.0,NO,,0.0
2026-05-30,LOCK,Jake Mangum,Pittsburgh Pirates,Bailey Ober,BetMGM,491,0.158,0.0709,-0.0112,38,D,WATCH,8.0,9.0,9.0,0.0,NO,,0.0
2026-05-30,LOCK,Julio Rodríguez,Seattle Mariners,Ryne Nelson,BetMGM,508,0.1528,0.0709,-0.0116,35,D,WATCH,,8.0,9.0,0.0,NO,,0.0
2026-05-30,LOCK,James Wood,Washington Nationals,Michael King,FanDuel,401,0.1876,0.0709,-0.012,53,C,WATCH,1.0,8.0,7.0,0.0,NO,,0.0
2026-05-30,LOCK,Brice Turang,Milwaukee Brewers,Peter Lambert,FanDuel,358,0.2059,0.0712,-0.0124,63,C,WATCH,3.0,7.0,2.0,0.0,NO,,0.0
2026-05-30,LOCK,Jarren Duran,Boston Red Sox,Parker Messick,BetMGM,401,0.1867,0.0706,-0.0129,53,C,WATCH,1.0,8.0,6.0,0.0,NO,,0.0
2026-05-30,LOCK,Ha-Seong Kim,Atlanta Braves,Brady Singer,DraftKings,411,0.1824,0.0709,-0.0133,51,C,WATCH,,9.0,6.0,0.0,NO,,0.0
2026-05-30,LOCK,Randal Grichuk,Chicago White Sox,Framber Valdez,BetMGM,381,0.1945,0.0709,-0.0134,57,C,WATCH,,8.0,4.0,0.0,NO,,0.0
2026-05-30,LOCK,Spencer Steer,Cincinnati Reds,Martín Pérez,BetMGM,373,0.1973,0.0707,-0.0141,59,C,WATCH,5.0,9.0,3.0,0.0,NO,,0.0
2026-05-30,LOCK,Brayan Rocchio,Cleveland Guardians,Sonny Gray,DraftKings,450,0.1667,0.0709,-0.0151,42,C,WATCH,,6.0,7.0,0.0,NO,,0.0
2026-05-30,LOCK,Victor Scott II,St. Louis Cardinals,Ben Brown,BetMGM,495,0.1528,0.0709,-0.0152,34,D,WATCH,,5.0,8.0,0.0,NO,,0.0
2026-05-30,LOCK,Zack Short,Detroit Tigers,Anthony Kay,BetMGM,484,0.156,0.0723,-0.0153,35,D,WATCH,,9.0,9.0,0.0,NO,,0.0
2026-05-30,LOCK,J.C. Escarra,New York Yankees,J.T. Ginn,DraftKings,373,0.196,0.0714,-0.0154,57,C,WATCH,,8.0,4.0,0.0,NO,,0.0
2026-05-30,LOCK,Jackson Merrill,San Diego Padres,Foster Griffin,BetMGM,367,0.198,0.0709,-0.0161,59,C,WATCH,5.0,8.0,3.0,0.0,NO,,0.0
2026-05-30,LOCK,Otto Lopez,Miami Marlins,Christian Scott,DraftKings,402,0.1829,0.0705,-0.0163,48,C,WATCH,3.0,7.0,5.0,0.0,NO,,0.0
2026-05-30,LOCK,Alec Bohm,Philadelphia Phillies,Roki Sasaki,DraftKings,442,0.1678,0.0713,-0.0167,42,C,WATCH,,7.0,7.0,0.0,NO,,0.0
2026-05-30,LOCK,Alika Williams,Athletics,Ryan Weathers,DraftKings,489,0.1528,0.0709,-0.0169,34,D,WATCH,9.0,8.0,9.0,0.0,NO,,0.0
2026-05-30,LOCK,Ben Williamson,Tampa Bay Rays,Reid Detmers,BetMGM,401,0.1824,0.0709,-0.0172,50,C,WATCH,6.0,8.0,6.0,0.0,NO,,0.0
2026-05-30,LOCK,Carlos Narváez,Boston Red Sox,Parker Messick,BetMGM,385,0.1887,0.0713,-0.0175,53,C,WATCH,,8.0,5.0,0.0,NO,,0.0
2026-05-30,LOCK,José Ramírez,Cleveland Guardians,Sonny Gray,BetMGM,400,0.1824,0.0709,-0.0176,50,C,WATCH,,7.0,6.0,0.0,NO,,0.0
2026-05-30,LOCK,Cole Young,Seattle Mariners,Ryne Nelson,BetMGM,399,0.1824,0.0709,-0.018,50,C,WATCH,6.0,8.0,6.0,0.0,NO,,0.0
2026-05-30,LOCK,Zach Neto,Los Angeles Angels,Drew Rasmussen,FanDuel,465,0.1588,0.0712,-0.0182,41,C,WATCH,,8.0,8.0,0.0,NO,,0.0
2026-05-30,LOCK,Adam Frazier,Los Angeles Angels,Drew Rasmussen,DraftKings,385,0.1876,0.0709,-0.0186,53,C,WATCH,1.0,9.0,8.0,0.0,NO,,0.0
2026-05-30,LOCK,Ramón Laureano,San Diego Padres,Foster Griffin,FanDuel,464,0.158,0.0709,-0.0193,37,D,WATCH,,8.0,8.0,0.0,NO,,0.0
2026-05-30,LOCK,Kyle Karros,Colorado Rockies,Adrian Houser,BetMGM,463,0.1581,0.0709,-0.0195,37,D,WATCH,,9.0,8.0,0.0,NO,,0.0
2026-05-30,LOCK,Braden Shewmake,Houston Astros,Brandon Sproat,BetMGM,434,0.1667,0.0709,-0.0205,41,C,WATCH,7.0,7.0,7.0,0.0,NO,,0.0
2026-05-30,LOCK,Andrés Giménez,Toronto Blue Jays,Brandon Young,BetMGM,430,0.1681,0.0715,-0.0206,41,C,WATCH,,8.0,7.0,0.0,NO,,0.0
2026-05-30,LOCK,Michael Massey,Kansas City Royals,Kumar Rocker,BetMGM,459,0.158,0.0709,-0.0208,37,D,WATCH,8.0,9.0,9.0,0.0,NO,,0.0
2026-05-30,LOCK,Javier Sanoja,Miami Marlins,Christian Scott,FanDuel,392,0.1824,0.0709,-0.0209,50,C,WATCH,,7.0,6.0,0.0,NO,,0.0
2026-05-30,LOCK,Miguel Rojas,Los Angeles Dodgers,Jesús Luzardo,BetMGM,434,0.1661,0.0706,-0.0211,41,C,WATCH,7.0,7.0,7.0,0.0,NO,,0.0
2026-05-30,LOCK,Zack Gelof,Athletics,Ryan Weathers,DraftKings,432,0.1667,0.0709,-0.0212,41,C,WATCH,7.0,9.0,7.0,0.0,NO,,0.0
2026-05-30,LOCK,Yohendrick Piñango,Toronto Blue Jays,Brandon Young,FanDuel,453,0.1594,0.0715,-0.0215,37,D,WATCH,,9.0,8.0,0.0,NO,,0.0
2026-05-30,LOCK,Miguel Vargas,Chicago White Sox,Framber Valdez,FanDuel,362,0.1945,0.0709,-0.0219,56,C,WATCH,2.0,8.0,5.0,0.0,NO,,0.0
2026-05-30,LOCK,Patrick Bailey,Cleveland Guardians,Sonny Gray,FanDuel,361,0.1945,0.0709,-0.0224,56,C,WATCH,,8.0,4.0,0.0,NO,,0.0
2026-05-30,LOCK,Spencer Steer,Cincinnati Reds,Martín Pérez,FanDuel,430,0.1662,0.0707,-0.0225,41,C,WATCH,,7.0,7.0,0.0,NO,,0.0
2026-05-30,LOCK,Leody Taveras,Baltimore Orioles,Trey Yesavage,FanDuel,426,0.1675,0.0712,-0.0227,41,C,WATCH,7.0,8.0,7.0,0.0,NO,,0.0
2026-05-30,LOCK,Marcus Semien,New York Mets,Tyler Phillips,BetMGM,428,0.1667,0.0709,-0.0227,41,C,WATCH,7.0,6.0,7.0,0.0,NO,,0.0
2026-05-30,LOCK,Austin Wells,New York Yankees,J.T. Ginn,BetMGM,455,0.1575,0.0706,-0.0227,36,D,WATCH,8.0,8.0,8.0,0.0,NO,,0.0
2026-05-30,LOCK,José Caballero,New York Yankees,J.T. Ginn,BetMGM,466,0.154,0.0714,-0.0227,34,D,WATCH,,9.0,9.0,0.0,NO,,0.0
2026-05-30,LOCK,Elly De La Cruz,Cincinnati Reds,Martín Pérez,FanDuel,354,0.1973,0.0707,-0.0229,58,C,WATCH,,8.0,3.0,0.0,NO,,0.0
2026-05-30,LOCK,Coby Mayo,Baltimore Orioles,Trey Yesavage,BetMGM,385,0.1832,0.0712,-0.023,49,C,WATCH,6.0,9.0,6.0,0.0,NO,,0.0
2026-05-30,LOCK,Sam Antonacci,Chicago White Sox,Framber Valdez,DraftKings,452,0.158,0.0709,-0.0231,36,D,WATCH,8.0,9.0,9.0,0.0,NO,,0.0
2026-05-30,LOCK,Pedro Pagés,St. Louis Cardinals,Ben Brown,DraftKings,359,0.1945,0.0709,-0.0234,56,C,WATCH,,6.0,4.0,0.0,NO,,0.0
2026-05-30,LOCK,Pete Alonso,Baltimore Orioles,Trey Yesavage,BetMGM,329,0.2092,0.0724,-0.0239,62,C,WATCH,,8.0,2.0,0.0,NO,,0.0
2026-05-30,LOCK,Bryce Harper,Philadelphia Phillies,Roki Sasaki,BetMGM,333,0.2069,0.0716,-0.024,89,C,WATCH,3.0,7.0,3.0,0.0,NO,,0.0
2026-05-30,LOCK,Rodolfo Durán,San Diego Padres,Foster Griffin,DraftKings,464,0.1528,0.0709,-0.0245,33,D,WATCH,9.0,9.0,9.0,0.0,NO,,0.0
2026-05-30,LOCK,José Ramírez,Cleveland Guardians,Sonny Gray,DraftKings,356,0.1945,0.0709,-0.0248,56,C,WATCH,2.0,8.0,5.0,0.0,NO,,0.0
2026-05-30,LOCK,Vidal Bruján,New York Mets,Tyler Phillips,BetMGM,447,0.158,0.0709,-0.0248,36,D,WATCH,8.0,7.0,8.0,0.0,NO,,0.0
2026-05-30,LOCK,Bryce Harper,Philadelphia Phillies,Roki Sasaki,DraftKings,316,0.2153,0.072,-0.0251,93,C,WATCH,,8.0,1.0,0.0,NO,,0.0
2026-05-30,LOCK,Ryan Waldschmidt,Arizona Diamondbacks,Bryan Woo,FanDuel,462,0.1528,0.0709,-0.0251,33,D,WATCH,,8.0,9.0,0.0,NO,,0.0
2026-05-30,LOCK,Matt Olson,Atlanta Braves,Brady Singer,DraftKings,332,0.2049,0.0709,-0.0265,61,C,WATCH,3.0,8.0,2.0,0.0,NO,,0.0
2026-05-30,LOCK,Braden Shewmake,Houston Astros,Brandon Sproat,FanDuel,417,0.1667,0.0709,-0.0267,41,C,WATCH,,7.0,7.0,0.0,NO,,0.0
2026-05-30,LOCK,Andruw Monasterio,Boston Red Sox,Parker Messick,BetMGM,380,0.1815,0.0706,-0.0268,49,C,WATCH,6.0,9.0,7.0,0.0,NO,,0.0
2026-05-30,LOCK,Orlando Arcia,Minnesota Twins,Mitch Keller,FanDuel,415,0.1667,0.0709,-0.0274,40,C,WATCH,,9.0,7.0,0.0,NO,,0.0
2026-05-30,LOCK,Bryce Eldridge,San Francisco Giants,Ryan Feltner,FanDuel,415,0.1667,0.0709,-0.0274,40,C,WATCH,7.0,8.0,7.0,0.0,NO,,0.0
2026-05-30,LOCK,Jeremy Peña,Houston Astros,Brandon Sproat,BetMGM,365,0.1876,0.0709,-0.0275,52,C,WATCH,1.0,8.0,5.0,0.0,NO,,0.0
2026-05-30,LOCK,TJ Friedl,Cincinnati Reds,Martín Pérez,FanDuel,452,0.1523,0.0707,-0.0288,33,D,WATCH,,9.0,9.0,0.0,NO,,0.0
2026-05-30,LOCK,Ildemaro Vargas,Arizona Diamondbacks,Bryan Woo,FanDuel,411,0.1667,0.0709,-0.029,40,C,WATCH,7.0,7.0,7.0,0.0,NO,,0.0
2026-05-30,LOCK,Thomas Saggese,St. Louis Cardinals,Ben Brown,BetMGM,432,0.158,0.0709,-0.0299,36,D,WATCH,,7.0,7.0,0.0,NO,,0.0
2026-05-30,LOCK,Colt Emerson,Seattle Mariners,Ryne Nelson,DraftKings,447,0.1528,0.0709,-0.03,33,D,WATCH,9.0,9.0,9.0,0.0,NO,,0.0
2026-05-30,LOCK,Garrett Mitchell,Milwaukee Brewers,Peter Lambert,FanDuel,402,0.1675,0.0712,-0.0317,40,C,WATCH,7.0,8.0,7.0,0.0,NO,,0.0
2026-05-30,LOCK,Drew Gilbert,San Francisco Giants,Ryan Feltner,BetMGM,441,0.1528,0.0709,-0.032,32,D,WATCH,9.0,9.0,9.0,0.0,NO,,0.0
2026-05-30,LOCK,Tommy Troy,Arizona Diamondbacks,Bryan Woo,FanDuel,441,0.1528,0.0709,-0.032,32,D,WATCH,9.0,8.0,9.0,0.0,NO,,0.0
2026-05-30,LOCK,Masyn Winn,St. Louis Cardinals,Ben Brown,DraftKings,366,0.1824,0.0709,-0.0322,48,C,WATCH,,8.0,5.0,0.0,NO,,0.0
2026-05-30,LOCK,Yordan Alvarez,Houston Astros,Brandon Sproat,FanDuel,339,0.1945,0.0709,-0.0333,55,C,WATCH,,8.0,4.0,0.0,NO,,0.0
2026-05-30,LOCK,Bryson Stott,Philadelphia Phillies,Roki Sasaki,BetMGM,365,0.1815,0.0706,-0.0335,48,C,WATCH,6.0,8.0,7.0,0.0,NO,,0.0
2026-05-30,LOCK,Danny Jansen,Texas Rangers,Seth Lugo,FanDuel,394,0.1681,0.0715,-0.0343,40,C,WATCH,,8.0,7.0,0.0,NO,,0.0
2026-05-30,LOCK,Angel Martínez,Cleveland Guardians,Sonny Gray,BetMGM,418,0.158,0.0709,-0.035,35,D,WATCH,,9.0,8.0,0.0,NO,,0.0
2026-05-30,LOCK,Henry Bolte,Athletics,Ryan Weathers,BetMGM,431,0.1528,0.0709,-0.0355,32,D,WATCH,,9.0,9.0,0.0,NO,,0.0
2026-05-30,LOCK,Jackson Merrill,San Diego Padres,Foster Griffin,DraftKings,430,0.1528,0.0709,-0.0358,32,D,WATCH,,9.0,9.0,0.0,NO,,0.0
2026-05-30,LOCK,Dansby Swanson,Chicago Cubs,Kyle Leahy,BetMGM,428,0.1528,0.0709,-0.0366,32,D,WATCH,9.0,9.0,9.0,0.0,NO,,0.0
2026-05-30,LOCK,Dansby Swanson,Chicago Cubs,Kyle Leahy,FanDuel,389,0.1667,0.0709,-0.0378,39,D,WATCH,,9.0,7.0,0.0,NO,,0.0
2026-05-30,LOCK,Jose Fernandez,Arizona Diamondbacks,Bryan Woo,DraftKings,409,0.158,0.0709,-0.0384,34,D,WATCH,8.0,9.0,8.0,0.0,NO,,0.0
2026-05-30,LOCK,Isaac Collins,Kansas City Royals,Kumar Rocker,FanDuel,423,0.1528,0.0709,-0.0384,32,D,WATCH,,8.0,9.0,0.0,NO,,0.0
2026-05-30,LOCK,Juan Soto,New York Mets,Tyler Phillips,FanDuel,317,0.2011,0.0696,-0.0387,97,C,WATCH,3.0,8.0,2.0,0.0,NO,,0.0
2026-05-30,LOCK,Sandy León,Atlanta Braves,Brady Singer,FanDuel,419,0.1528,0.0709,-0.0398,32,D,WATCH,9.0,9.0,9.0,0.0,NO,,0.0
2026-05-30,LOCK,Joey Ortiz,Milwaukee Brewers,Peter Lambert,BetMGM,381,0.1675,0.0712,-0.0404,39,D,WATCH,,8.0,7.0,0.0,NO,,0.0
2026-05-30,LOCK,Orlando Arcia,Minnesota Twins,Mitch Keller,BetMGM,380,0.1667,0.0709,-0.0416,39,D,WATCH,7.0,9.0,9.0,0.0,NO,,0.0
2026-05-30,LOCK,Owen Caissie,Miami Marlins,Christian Scott,BetMGM,379,0.1667,0.0709,-0.042,39,D,WATCH,7.0,8.0,6.0,0.0,NO,,0.0
2026-05-30,LOCK,Jake Mangum,Pittsburgh Pirates,Bailey Ober,FanDuel,409,0.1528,0.0709,-0.0436,31,D,WATCH,,9.0,9.0,0.0,NO,,0.0
2026-05-30,LOCK,Blake Perkins,Milwaukee Brewers,Peter Lambert,BetMGM,404,0.1536,0.0712,-0.0448,31,D,WATCH,,9.0,9.0,0.0,NO,,0.0
2026-05-30,LOCK,Brett Baty,New York Mets,Tyler Phillips,BetMGM,387,0.158,0.0709,-0.0473,33,D,WATCH,,9.0,8.0,0.0,NO,,0.0
2026-05-30,LOCK,Nick Madrigal,Los Angeles Angels,Drew Rasmussen,BetMGM,364,0.1667,0.0709,-0.0488,38,D,WATCH,,9.0,7.0,0.0,NO,,0.0
2026-05-30,LOCK,Yordan Alvarez,Houston Astros,Brandon Sproat,DraftKings,305,0.1945,0.0709,-0.0524,52,C,WATCH,2.0,9.0,4.0,0.0,NO,,0.0
2026-05-30,LOCK,Jorge Barrosa,Arizona Diamondbacks,Bryan Woo,DraftKings,372,0.158,0.0709,-0.0538,33,D,WATCH,,9.0,8.0,0.0,NO,,0.0
2026-05-30,LOCK,Christian Vázquez,Houston Astros,Brandon Sproat,BetMGM,384,0.1528,0.0709,-0.0538,30,D,WATCH,,9.0,9.0,0.0,NO,,0.0
2026-05-30,LOCK,Victor Scott II,St. Louis Cardinals,Ben Brown,FanDuel,379,0.1528,0.0709,-0.0559,30,D,WATCH,9.0,7.0,7.0,0.0,NO,,0.0
2026-05-30,LOCK,Hayden Senger,New York Mets,Tyler Phillips,DraftKings,372,0.1528,0.0709,-0.059,29,D,WATCH,9.0,9.0,9.0,0.0,NO,,0.0
2026-05-30,LOCK,Kyle Schwarber,Philadelphia Phillies,Roki Sasaki,BetMGM,309,0.1815,0.0686,-0.063,82,C,WATCH,1.0,9.0,6.0,0.0,NO,,0.0
2026-05-30,LOCK,Heriberto Hernández,Miami Marlins,Christian Scott,DraftKings,357,0.1528,0.0709,-0.066,28,D,WATCH,,8.0,7.0,0.0,NO,,0.0
2026-05-30,LOCK,Shohei Ohtani,Los Angeles Dodgers,Jesús Luzardo,FanDuel,285,0.1914,0.0723,-0.0683,93,C,WATCH,1.0,8.0,5.0,0.0,NO,,0.0
2026-05-30,LOCK,Aaron Judge,New York Yankees,J.T. Ginn,FanDuel,222,0.2076,0.0718,-0.103,99,C,WATCH,3.0,9.0,2.0,0.0,NO,,0.0
2026-05-30,MANUAL,Jordan Walker,St. Louis Cardinals,Ben Brown,BetMGM,662,0.2288,0.0709,0.0976,85,B,TIER 1 💎,4.0,1.0,1.0,1.0,YES 🔥,,
2026-05-30,MANUAL,Riley Greene,Detroit Tigers,Anthony Kay,DraftKings,639,0.2303,0.0714,0.095,85,B,TIER 1 💎,4.0,1.0,1.0,1.0,YES 🔥,,
2026-05-30,MANUAL,Eugenio Suárez,Cincinnati Reds,Martín Pérez,FanDuel,642,0.2281,0.0707,0.0933,84,B,TIER 1 💎,4.0,1.0,1.0,1.0,YES 🔥,,
2026-05-30,MANUAL,Alex Bregman,Chicago Cubs,Kyle Leahy,BetMGM,636,0.2288,0.0709,0.093,86,B,TIER 1 💎,4.0,1.0,1.0,1.0,YES 🔥,,
2026-05-30,MANUAL,Willson Contreras,Boston Red Sox,Parker Messick,BetMGM,641,0.2278,0.0706,0.0929,84,B,TIER 1 💎,4.0,1.0,1.0,1.0,YES 🔥,,
2026-05-30,MANUAL,Brandon Marsh,Philadelphia Phillies,Roki Sasaki,FanDuel,637,0.2278,0.0706,0.0921,86,B,TIER 1 💎,4.0,1.0,1.0,1.0,YES 🔥,,
2026-05-30,MANUAL,Ryan Vilade,Tampa Bay Rays,Reid Detmers,BetMGM,630,0.2288,0.0709,0.0918,84,B,TIER 1 💎,4.0,1.0,1.0,1.0,YES 🔥,,
2026-05-30,MANUAL,Daulton Varsho,Toronto Blue Jays,Brandon Young,DraftKings,631,0.2281,0.0707,0.0913,86,B,TIER 1 💎,4.0,1.0,1.0,1.0,YES 🔥,,
2026-05-30,MANUAL,Maikel Garcia,Kansas City Royals,Kumar Rocker,FanDuel,649,0.2213,0.0709,0.0878,80,B,TIER 1 💎,3.0,1.0,2.0,1.0,YES 🔥,,
2026-05-30,MANUAL,Josh Naylor,Seattle Mariners,Ryne Nelson,BetMGM,638,0.2213,0.0709,0.0858,80,B,TIER 1 💎,3.0,1.0,2.0,1.0,YES 🔥,,
2026-05-30,MANUAL,Ozzie Albies,Atlanta Braves,Brady Singer,BetMGM,596,0.2288,0.0709,0.0852,83,B,TIER 1 💎,4.0,1.0,1.0,1.0,YES 🔥,,
2026-05-30,MANUAL,Brent Rooker,Athletics,Ryan Weathers,FanDuel,589,0.23,0.0713,0.0849,99,A,TIER 1 💎,4.0,1.0,1.0,1.0,YES 🔥,,
2026-05-30,MANUAL,Willi Castro,Colorado Rockies,Adrian Houser,DraftKings,598,0.2282,0.0707,0.0849,85,B,TIER 1 💎,4.0,1.0,1.0,1.0,YES 🔥,,
2026-05-30,MANUAL,Geraldo Perdomo,Arizona Diamondbacks,Bryan Woo,DraftKings,619,0.2213,0.0709,0.0822,81,B,TIER 1 💎,3.0,1.0,2.0,1.0,YES 🔥,,
2026-05-30,MANUAL,Samuel Basallo,Baltimore Orioles,Trey Yesavage,DraftKings,647,0.2148,0.0712,0.0809,75,B,TIER 1 💎,5.0,1.0,3.0,1.0,YES 🔥,,
2026-05-30,MANUAL,Connor Norby,Miami Marlins,Christian Scott,BetMGM,662,0.2119,0.0709,0.0806,78,B,TIER 1 💎,,1.0,1.0,1.0,YES 🔥,NO HR,-1.0
2026-05-30,MANUAL,Andrés Chaparro,Washington Nationals,Michael King,DraftKings,648,0.2138,0.0709,0.0801,75,B,TIER 1 💎,5.0,1.0,4.0,1.0,YES 🔥,,
2026-05-30,MANUAL,Jackson Holliday,Baltimore Orioles,Trey Yesavage,FanDuel,632,0.2163,0.0724,0.0797,78,B,TIER 1 💎,,1.0,1.0,1.0,YES 🔥,NO HR,-1.0
2026-05-30,MANUAL,Charles McAdoo,Toronto Blue Jays,Brandon Young,BetMGM,647,0.213,0.0713,0.0792,78,B,TIER 1 💎,,1.0,1.0,1.0,YES 🔥,NO HR,-1.0
2026-05-30,MANUAL,Matt McLain,Cincinnati Reds,Martín Pérez,DraftKings,655,0.2112,0.0707,0.0787,77,B,TIER 1 💎,,1.0,1.0,1.0,YES 🔥,,0.0
2026-05-30,MANUAL,Nico Hoerner,Chicago Cubs,Kyle Leahy,BetMGM,643,0.2119,0.0709,0.0773,77,B,TIER 1 💎,,1.0,1.0,1.0,YES 🔥,,0.0
2026-05-30,MANUAL,Austin Martin,Minnesota Twins,Mitch Keller,BetMGM,623,0.2138,0.0709,0.0755,77,B,TIER 1 💎,5.0,1.0,3.0,1.0,YES 🔥,,
2026-05-30,MANUAL,Taylor Trammell,Houston Astros,Brandon Sproat,BetMGM,623,0.2119,0.0709,0.0736,77,B,TIER 1 💎,,1.0,1.0,1.0,YES 🔥,NO HR,-1.0
2026-05-30,MANUAL,Ben Rice,New York Yankees,J.T. Ginn,DraftKings,649,0.2065,0.0714,0.073,73,B,TIER 2 🔥,,1.0,2.0,0.5,YES 🔥,NO HR,-0.5
2026-05-30,MANUAL,Josh Naylor,Seattle Mariners,Ryne Nelson,DraftKings,652,0.2049,0.0709,0.072,73,B,TIER 2 🔥,,1.0,2.0,0.5,YES 🔥,,0.0
2026-05-30,MANUAL,Rafael Marchán,Philadelphia Phillies,Roki Sasaki,FanDuel,645,0.2062,0.0713,0.072,73,B,TIER 2 🔥,,1.0,2.0,0.5,YES 🔥,,0.0
2026-05-30,MANUAL,Connor Norby,Miami Marlins,Christian Scott,DraftKings,614,0.2119,0.0709,0.0718,77,B,TIER 1 💎,,1.0,1.0,1.0,YES 🔥,NO HR,-1.0
2026-05-30,MANUAL,Chase DeLauter,Cleveland Guardians,Sonny Gray,BetMGM,644,0.2049,0.0709,0.0705,73,B,TIER 2 🔥,,1.0,2.0,0.5,YES 🔥,,0.0
2026-05-30,MANUAL,Jose Siri,Los Angeles Angels,Drew Rasmussen,DraftKings,597,0.2138,0.0709,0.0704,76,B,TIER 1 💎,5.0,1.0,4.0,1.0,YES 🔥,,
2026-05-30,MANUAL,Ozzie Albies,Atlanta Braves,Brady Singer,DraftKings,606,0.2119,0.0709,0.0702,76,B,TIER 1 💎,,1.0,1.0,1.0,YES 🔥,NO HR,-1.0
2026-05-30,MANUAL,Hunter Goodman,Colorado Rockies,Adrian Houser,DraftKings,641,0.2051,0.0709,0.0701,73,B,TIER 2 🔥,,1.0,2.0,0.5,YES 🔥,,0.0
2026-05-30,MANUAL,Rafael Devers,San Francisco Giants,Ryan Feltner,FanDuel,528,0.2288,0.0709,0.0696,82,B,TIER 1 💎,4.0,1.0,1.0,1.0,YES 🔥,,
2026-05-30,MANUAL,Jake Burger,Texas Rangers,Seth Lugo,DraftKings,594,0.2136,0.0715,0.0695,76,B,TIER 1 💎,,1.0,1.0,1.0,YES 🔥,NO HR,-1.0
2026-05-30,MANUAL,Jesus Rodriguez,San Francisco Giants,Ryan Feltner,BetMGM,637,0.2049,0.0709,0.0692,73,B,TIER 2 🔥,,1.0,2.0,0.5,YES 🔥,NO HR,-0.5
2026-05-30,MANUAL,Jazz Chisholm Jr.,New York Yankees,J.T. Ginn,DraftKings,592,0.2131,0.0706,0.0686,74,B,TIER 1 💎,5.0,1.0,3.0,1.0,YES 🔥,,
2026-05-30,MANUAL,CJ Abrams,Washington Nationals,Michael King,FanDuel,597,0.2119,0.0709,0.0684,76,B,TIER 1 💎,,1.0,1.0,1.0,YES 🔥,NO HR,-1.0
2026-05-30,MANUAL,Kyle Tucker,Los Angeles Dodgers,Jesús Luzardo,BetMGM,588,0.213,0.0706,0.0677,76,B,TIER 1 💎,5.0,1.0,3.0,1.0,YES 🔥,,
2026-05-30,MANUAL,Junior Caminero,Tampa Bay Rays,Reid Detmers,DraftKings,628,0.2049,0.0709,0.0676,72,B,TIER 2 🔥,,1.0,2.0,0.5,YES 🔥,,0.0
2026-05-30,MANUAL,Miguel Andujar,San Diego Padres,Foster Griffin,DraftKings,545,0.2213,0.0709,0.0663,79,B,TIER 1 💎,3.0,1.0,2.0,1.0,YES 🔥,,
2026-05-30,MANUAL,Willson Contreras,Boston Red Sox,Parker Messick,DraftKings,581,0.2132,0.0713,0.0663,76,B,TIER 1 💎,,1.0,1.0,1.0,YES 🔥,NO HR,-1.0
2026-05-30,MANUAL,Alika Williams,Athletics,Ryan Weathers,BetMGM,586,0.2119,0.0709,0.0661,76,B,TIER 1 💎,,1.0,1.0,1.0,YES 🔥,,0.0
2026-05-30,MANUAL,Chase DeLauter,Cleveland Guardians,Sonny Gray,DraftKings,543,0.2213,0.0709,0.0658,77,B,TIER 1 💎,3.0,1.0,3.0,1.0,YES 🔥,,
2026-05-30,MANUAL,Nolan Arenado,Arizona Diamondbacks,Bryan Woo,BetMGM,649,0.198,0.0709,0.0645,68,B,TIER 2 🔥,,1.0,3.0,0.5,YES 🔥,NO HR,-0.5
2026-05-30,MANUAL,Kody Clemens,Minnesota Twins,Mitch Keller,DraftKings,578,0.2119,0.0709,0.0644,76,B,TIER 1 💎,,1.0,1.0,1.0,YES 🔥,NO HR,-1.0
2026-05-30,MANUAL,Nick Kurtz,Athletics,Ryan Weathers,FanDuel,608,0.2049,0.0709,0.0637,72,B,TIER 2 🔥,,1.0,2.0,0.5,YES 🔥,NO HR,-0.5
2026-05-30,MANUAL,Jared Young,New York Mets,Tyler Phillips,DraftKings,574,0.2119,0.0709,0.0635,76,B,TIER 1 💎,,1.0,1.0,1.0,YES 🔥,HR,5.74
2026-05-30,MANUAL,Nick Kurtz,Athletics,Ryan Weathers,BetMGM,607,0.2049,0.0709,0.0635,72,B,TIER 2 🔥,,1.0,2.0,0.5,YES 🔥,NO HR,-0.5
2026-05-30,MANUAL,Charles McAdoo,Toronto Blue Jays,Brandon Young,FanDuel,564,0.2137,0.0715,0.0631,76,B,TIER 1 💎,,1.0,1.0,1.0,YES 🔥,NO HR,-1.0
2026-05-30,MANUAL,Jake Burger,Texas Rangers,Seth Lugo,FanDuel,498,0.2301,0.0713,0.0628,81,B,TIER 1 💎,4.0,2.0,1.0,1.0,YES 🔥,,
2026-05-30,MANUAL,Xavier Edwards,Miami Marlins,Christian Scott,FanDuel,604,0.2036,0.0713,0.0616,90,A,TIER 2 🔥,1.0,1.0,4.0,0.5,YES 🔥,,
2026-05-30,MANUAL,Rafael Marchán,Philadelphia Phillies,Roki Sasaki,DraftKings,586,0.2062,0.0713,0.0604,72,B,TIER 2 🔥,,1.0,2.0,0.5,YES 🔥,NO HR,-0.5
2026-05-30,MANUAL,Colson Montgomery,Chicago White Sox,Framber Valdez,BetMGM,519,0.2213,0.0709,0.0598,82,B,TIER 1 💎,3.0,1.0,3.0,1.0,YES 🔥,,
2026-05-30,MANUAL,Alex Freeland,Los Angeles Dodgers,Jesús Luzardo,FanDuel,561,0.2111,0.0706,0.0598,75,B,TIER 1 💎,,1.0,1.0,1.0,YES 🔥,NO HR,-1.0
2026-05-30,MANUAL,Connor Wong,Boston Red Sox,Parker Messick,DraftKings,622,0.1957,0.0713,0.0572,66,B,TIER 2 🔥,,1.0,4.0,0.5,YES 🔥,NO HR,-0.5
2026-05-30,MANUAL,Matt Vierling,Detroit Tigers,Anthony Kay,BetMGM,555,0.2092,0.0723,0.0565,71,B,TIER 2 🔥,,1.0,2.0,0.5,YES 🔥,,0.0
2026-05-30,MANUAL,Jeremiah Jackson,Baltimore Orioles,Trey Yesavage,BetMGM,585,0.2021,0.0724,0.0561,68,B,TIER 2 🔥,,1.0,3.0,0.5,YES 🔥,,0.0
2026-05-30,MANUAL,Austin Riley,Atlanta Braves,Brady Singer,BetMGM,603,0.198,0.0709,0.0557,67,B,TIER 2 🔥,,1.0,3.0,0.5,YES 🔥,NO HR,-0.5
2026-05-30,MANUAL,Curtis Mead,Washington Nationals,Michael King,BetMGM,531,0.2119,0.0709,0.0534,74,B,TIER 1 💎,,1.0,1.0,1.0,YES 🔥,NO HR,-1.0
2026-05-30,MANUAL,Nick Sogard,Boston Red Sox,Parker Messick,FanDuel,577,0.1992,0.0713,0.0515,67,B,TIER 2 🔥,,1.0,3.0,0.5,YES 🔥,,0.0
2026-05-30,MANUAL,JJ Wetherholt,St. Louis Cardinals,Ben Brown,BetMGM,520,0.2119,0.0709,0.0506,74,B,TIER 1 💎,,1.0,1.0,1.0,YES 🔥,NO HR,-1.0
2026-05-30,MANUAL,Ben Rice,New York Yankees,J.T. Ginn,BetMGM,541,0.2065,0.0714,0.0505,70,B,TIER 2 🔥,,1.0,2.0,0.5,YES 🔥,,0.0
2026-05-30,MANUAL,Isaac Paredes,Houston Astros,Brandon Sproat,BetMGM,511,0.2138,0.0709,0.0502,72,B,TIER 1 💎,5.0,1.0,3.0,1.0,YES 🔥,,
2026-05-30,MANUAL,William Contreras,Milwaukee Brewers,Peter Lambert,DraftKings,455,0.2299,0.0712,0.0498,81,B,TIER 1 💎,4.0,2.0,1.0,1.0,YES 🔥,,
2026-05-30,MANUAL,Vladimir Guerrero Jr.,Toronto Blue Jays,Brandon Young,BetMGM,540,0.2061,0.0713,0.0498,70,B,TIER 2 🔥,,1.0,2.0,0.5,YES 🔥,NO HR,-0.5
2026-05-30,MANUAL,Mark Vientos,New York Mets,Tyler Phillips,DraftKings,506,0.2138,0.0709,0.0488,74,B,TIER 1 💎,5.0,3.0,3.0,1.0,YES 🔥,,
2026-05-30,MANUAL,Isaac Paredes,Houston Astros,Brandon Sproat,FanDuel,567,0.198,0.0709,0.0481,66,B,TIER 2 🔥,,1.0,3.0,0.5,YES 🔥,NO HR,-0.5
2026-05-30,MANUAL,JJ Wetherholt,St. Louis Cardinals,Ben Brown,DraftKings,506,0.2119,0.0709,0.0469,74,B,TIER 1 💎,,2.0,1.0,1.0,YES 🔥,NO HR,-1.0
2026-05-30,MANUAL,Luis Arraez,San Francisco Giants,Ryan Feltner,DraftKings,562,0.198,0.0709,0.0469,66,B,TIER 2 🔥,,2.0,3.0,0.5,YES 🔥,NO HR,-0.5
2026-05-30,MANUAL,Oneil Cruz,Pittsburgh Pirates,Bailey Ober,FanDuel,551,0.198,0.0709,0.0444,66,B,TIER 2 🔥,,1.0,3.0,0.5,YES 🔥,,0.0
2026-05-30,MANUAL,Ryan Vilade,Tampa Bay Rays,Reid Detmers,DraftKings,492,0.2119,0.0709,0.043,73,B,TIER 1 💎,,2.0,1.0,1.0,YES 🔥,NO HR,-1.0
2026-05-30,MANUAL,Colson Montgomery,Chicago White Sox,Framber Valdez,FanDuel,489,0.2119,0.0709,0.0421,73,B,TIER 1 💎,,2.0,1.0,1.0,YES 🔥,HR,4.89
2026-05-30,MANUAL,Eric Wagaman,New York Mets,Tyler Phillips,DraftKings,513,0.2049,0.0709,0.0418,69,B,TIER 2 🔥,,2.0,2.0,0.5,YES 🔥,NO HR,-0.5
2026-05-30,MANUAL,Brandon Lowe,Pittsburgh Pirates,Bailey Ober,BetMGM,493,0.2101,0.0709,0.0414,69,B,TIER 1 💎,2.0,3.0,4.0,1.0,YES 🔥,,
2026-05-30,MANUAL,Matt McLain,Cincinnati Reds,Martín Pérez,FanDuel,488,0.2112,0.0707,0.0411,73,B,TIER 1 💎,,2.0,1.0,1.0,YES 🔥,NO HR,-1.0
2026-05-30,MANUAL,Nolan Arenado,Arizona Diamondbacks,Bryan Woo,DraftKings,533,0.198,0.0709,0.04,65,B,TIER 2 🔥,,1.0,3.0,0.5,YES 🔥,NO HR,-0.5
2026-05-30,MANUAL,Brandon Nimmo,Texas Rangers,Seth Lugo,FanDuel,494,0.2066,0.0715,0.0383,69,B,TIER 2 🔥,,2.0,2.0,0.5,YES 🔥,NO HR,-0.5
2026-05-30,MANUAL,Alex Freeland,Los Angeles Dodgers,Jesús Luzardo,BetMGM,478,0.2111,0.0706,0.0381,72,B,TIER 2 🔥,,1.0,1.0,0.5,YES 🔥,NO HR,-0.5
2026-05-30,MANUAL,Jared Young,New York Mets,Tyler Phillips,FanDuel,471,0.2119,0.0709,0.0367,72,B,TIER 2 🔥,,1.0,1.0,0.5,YES 🔥,,0.0
2026-05-30,MANUAL,Spencer Horwitz,Pittsburgh Pirates,Bailey Ober,BetMGM,491,0.2049,0.0709,0.0357,69,B,TIER 2 🔥,,3.0,2.0,0.5,YES 🔥,HR,2.46
2026-05-30,MANUAL,Jesus Rodriguez,San Francisco Giants,Ryan Feltner,DraftKings,473,0.2049,0.0709,0.0304,68,B,TIER 2 🔥,,2.0,2.0,0.5,YES 🔥,,0.0
2026-05-30,MANUAL,Nick Gonzales,Pittsburgh Pirates,Bailey Ober,DraftKings,441,0.2119,0.0709,0.027,71,B,TIER 2 🔥,,3.0,1.0,0.5,YES 🔥,NO HR,-0.5
2026-05-30,MANUAL,Gage Workman,Detroit Tigers,Anthony Kay,BetMGM,649,0.2228,0.0714,0.0893,82,B,WATCH,3.0,2.0,3.0,0.0,NO,,
2026-05-30,MANUAL,Matt Vierling,Detroit Tigers,Anthony Kay,FanDuel,626,0.2228,0.0714,0.085,80,B,WATCH,3.0,3.0,2.0,0.0,NO,,
2026-05-30,MANUAL,Wilyer Abreu,Boston Red Sox,Parker Messick,FanDuel,631,0.2203,0.0706,0.0836,81,B,WATCH,3.0,2.0,2.0,0.0,NO,,
2026-05-30,MANUAL,Vladimir Guerrero Jr.,Toronto Blue Jays,Brandon Young,FanDuel,605,0.2206,0.0707,0.0788,81,B,WATCH,3.0,2.0,2.0,0.0,NO,,
2026-05-30,MANUAL,Troy Johnston,Colorado Rockies,Adrian Houser,FanDuel,644,0.2132,0.0707,0.0788,77,B,WATCH,5.0,2.0,3.0,0.0,NO,,
2026-05-30,MANUAL,Vinnie Pasquantino,Kansas City Royals,Kumar Rocker,BetMGM,564,0.2288,0.0709,0.0782,83,B,WATCH,4.0,2.0,1.0,0.0,NO,,
2026-05-30,MANUAL,Gunnar Henderson,Baltimore Orioles,Trey Yesavage,FanDuel,637,0.211,0.0712,0.0753,75,B,WATCH,2.0,2.0,4.0,0.0,NO,,
2026-05-30,MANUAL,Nathan Lukes,Toronto Blue Jays,Brandon Young,BetMGM,646,0.2094,0.0707,0.0753,75,B,WATCH,2.0,3.0,4.0,0.0,NO,,
2026-05-30,MANUAL,TJ Rumfield,Colorado Rockies,Adrian Houser,DraftKings,645,0.2095,0.0707,0.0752,75,B,WATCH,2.0,3.0,4.0,0.0,NO,,
2026-05-30,MANUAL,Julio Rodríguez,Seattle Mariners,Ryne Nelson,FanDuel,636,0.2101,0.0709,0.0742,75,B,WATCH,2.0,2.0,4.0,0.0,NO,,
2026-05-30,MANUAL,Adley Rutschman,Baltimore Orioles,Trey Yesavage,FanDuel,571,0.2223,0.0712,0.0733,80,B,WATCH,3.0,3.0,2.0,0.0,NO,,
2026-05-30,MANUAL,Nick Madrigal,Los Angeles Angels,Drew Rasmussen,DraftKings,653,0.2026,0.0709,0.0698,70,B,WATCH,1.0,2.0,7.0,0.0,NO,,
2026-05-30,MANUAL,Dominic Smith,Atlanta Braves,Brady Singer,BetMGM,592,0.2138,0.0709,0.0693,76,B,WATCH,5.0,2.0,3.0,0.0,NO,,
2026-05-30,MANUAL,Adrian Del Castillo,Arizona Diamondbacks,Bryan Woo,BetMGM,590,0.2138,0.0709,0.0689,76,B,WATCH,5.0,2.0,3.0,0.0,NO,,
2026-05-30,MANUAL,Joc Pederson,Texas Rangers,Seth Lugo,FanDuel,641,0.2037,0.0713,0.0687,70,B,WATCH,1.0,1.0,5.0,0.0,NO,,
2026-05-30,MANUAL,Salvador Perez,Kansas City Royals,Kumar Rocker,BetMGM,582,0.2138,0.0709,0.0672,76,B,WATCH,5.0,3.0,4.0,0.0,NO,,
2026-05-30,MANUAL,Isaac Paredes,Houston Astros,Brandon Sproat,DraftKings,660,0.198,0.0709,0.0664,68,B,WATCH,,3.0,3.0,0.0,NO,,0.0
2026-05-30,MANUAL,José Tena,Washington Nationals,Michael King,FanDuel,575,0.2138,0.0709,0.0657,76,B,WATCH,5.0,2.0,3.0,0.0,NO,,
2026-05-30,MANUAL,Colby Thomas,Athletics,Ryan Weathers,BetMGM,630,0.2026,0.0709,0.0656,70,B,WATCH,1.0,2.0,5.0,0.0,NO,,
2026-05-30,MANUAL,Jorge Soler,Los Angeles Angels,Drew Rasmussen,DraftKings,507,0.2301,0.0713,0.0653,99,A,WATCH,4.0,3.0,1.0,0.0,NO,,
2026-05-30,MANUAL,Ceddanne Rafaela,Boston Red Sox,Parker Messick,FanDuel,593,0.2091,0.0706,0.0648,74,B,WATCH,2.0,3.0,5.0,0.0,NO,,
2026-05-30,MANUAL,Andrew Vaughn,Milwaukee Brewers,Peter Lambert,BetMGM,651,0.1979,0.0712,0.0647,67,B,WATCH,6.0,1.0,6.0,0.0,NO,,
2026-05-30,MANUAL,Luke Raley,Seattle Mariners,Ryne Nelson,DraftKings,569,0.2138,0.0709,0.0643,75,B,WATCH,5.0,3.0,3.0,0.0,NO,,
2026-05-30,MANUAL,Austin Martin,Minnesota Twins,Mitch Keller,DraftKings,648,0.198,0.0709,0.0643,68,B,WATCH,,2.0,3.0,0.0,NO,,0.0
2026-05-30,MANUAL,Christian Walker,Houston Astros,Brandon Sproat,DraftKings,610,0.2049,0.0709,0.0641,72,B,WATCH,,2.0,2.0,0.0,NO,,0.0
2026-05-30,MANUAL,Spencer Torkelson,Detroit Tigers,Anthony Kay,BetMGM,622,0.2021,0.0723,0.0636,68,B,WATCH,,2.0,3.0,0.0,NO,,0.0
2026-05-30,MANUAL,Nick Sogard,Boston Red Sox,Parker Messick,DraftKings,568,0.2129,0.0706,0.0632,75,B,WATCH,5.0,4.0,3.0,0.0,NO,,
2026-05-30,MANUAL,JJ Bleday,Cincinnati Reds,Martín Pérez,DraftKings,651,0.1963,0.0707,0.0632,67,B,WATCH,6.0,2.0,6.0,0.0,NO,,
2026-05-30,MANUAL,Chandler Simpson,Tampa Bay Rays,Reid Detmers,BetMGM,641,0.198,0.0709,0.063,68,B,WATCH,,2.0,3.0,0.0,NO,,0.0
2026-05-30,MANUAL,Mike Trout,Los Angeles Angels,Drew Rasmussen,FanDuel,574,0.2111,0.0712,0.0628,95,A,WATCH,2.0,4.0,5.0,0.0,NO,,
2026-05-30,MANUAL,Jahmai Jones,Detroit Tigers,Anthony Kay,DraftKings,635,0.1982,0.0714,0.0622,67,B,WATCH,6.0,4.0,7.0,0.0,NO,,
2026-05-30,MANUAL,Austin Riley,Atlanta Braves,Brady Singer,DraftKings,635,0.198,0.0709,0.0619,68,B,WATCH,,2.0,3.0,0.0,NO,,0.0
2026-05-30,MANUAL,Byron Buxton,Minnesota Twins,Mitch Keller,DraftKings,610,0.2026,0.0709,0.0617,69,B,WATCH,1.0,2.0,6.0,0.0,NO,,
2026-05-30,MANUAL,Ben Rice,New York Yankees,J.T. Ginn,FanDuel,576,0.2094,0.0706,0.0614,71,B,WATCH,2.0,2.0,4.0,0.0,NO,,
2026-05-30,MANUAL,Fernando Tatis Jr.,San Diego Padres,Foster Griffin,FanDuel,604,0.2026,0.0709,0.0605,69,B,WATCH,1.0,2.0,5.0,0.0,NO,,
2026-05-30,MANUAL,Kyle Stowers,Miami Marlins,Christian Scott,DraftKings,493,0.2288,0.0709,0.0602,82,B,WATCH,4.0,2.0,1.0,0.0,NO,,
2026-05-30,MANUAL,Vinnie Pasquantino,Kansas City Royals,Kumar Rocker,DraftKings,590,0.2049,0.0709,0.06,71,B,WATCH,,2.0,2.0,0.0,NO,,0.0
2026-05-30,MANUAL,Iván Herrera,St. Louis Cardinals,Ben Brown,DraftKings,566,0.2101,0.0709,0.0599,73,B,WATCH,2.0,2.0,4.0,0.0,NO,,
2026-05-30,MANUAL,Nathan Lukes,Toronto Blue Jays,Brandon Young,FanDuel,637,0.1956,0.0713,0.0599,66,B,WATCH,,2.0,4.0,0.0,NO,,0.0
2026-05-30,MANUAL,Bobby Witt Jr.,Kansas City Royals,Kumar Rocker,FanDuel,565,0.2101,0.0709,0.0597,73,B,WATCH,2.0,4.0,5.0,0.0,NO,,
2026-05-30,MANUAL,Will Smith,Los Angeles Dodgers,Jesús Luzardo,FanDuel,632,0.1962,0.0706,0.0596,66,B,WATCH,6.0,2.0,6.0,0.0,NO,,
2026-05-30,MANUAL,Cody Bellinger,New York Yankees,J.T. Ginn,FanDuel,493,0.2281,0.0706,0.0594,82,B,WATCH,4.0,3.0,1.0,0.0,NO,,
2026-05-30,MANUAL,Dillon Dingler,Detroit Tigers,Anthony Kay,FanDuel,618,0.1985,0.0723,0.0592,66,B,WATCH,,2.0,4.0,0.0,NO,,0.0
2026-05-30,MANUAL,J.T. Realmuto,Philadelphia Phillies,Roki Sasaki,BetMGM,630,0.1957,0.0713,0.0587,66,B,WATCH,,2.0,4.0,0.0,NO,,0.0
2026-05-30,MANUAL,Chad Stevens,Colorado Rockies,Adrian Houser,BetMGM,617,0.1981,0.0709,0.0586,68,B,WATCH,,2.0,3.0,0.0,NO,,0.0
2026-05-30,MANUAL,Xander Bogaerts,San Diego Padres,Foster Griffin,DraftKings,623,0.1969,0.0709,0.0586,66,B,WATCH,6.0,3.0,6.0,0.0,NO,,
2026-05-30,MANUAL,Mickey Gasper,Boston Red Sox,Parker Messick,DraftKings,577,0.2062,0.0713,0.0585,71,B,WATCH,,2.0,2.0,0.0,NO,,0.0
2026-05-30,MANUAL,Jacob Young,Washington Nationals,Michael King,DraftKings,542,0.2138,0.0709,0.0581,75,B,WATCH,5.0,3.0,5.0,0.0,NO,,
2026-05-30,MANUAL,A.J. Ewing,New York Mets,Tyler Phillips,DraftKings,619,0.1969,0.0709,0.0579,66,B,WATCH,6.0,1.0,6.0,0.0,NO,,
2026-05-30,MANUAL,George Springer,Toronto Blue Jays,Brandon Young,DraftKings,594,0.2019,0.0707,0.0578,69,B,WATCH,1.0,4.0,5.0,0.0,NO,,
2026-05-30,MANUAL,Mauricio Dubón,Atlanta Braves,Brady Singer,BetMGM,618,0.1969,0.0709,0.0577,66,B,WATCH,6.0,3.0,6.0,0.0,NO,,
2026-05-30,MANUAL,Alec Bohm,Philadelphia Phillies,Roki Sasaki,FanDuel,543,0.2129,0.0706,0.0574,75,B,WATCH,5.0,2.0,4.0,0.0,NO,,
2026-05-30,MANUAL,Christopher Morel,Miami Marlins,Christian Scott,DraftKings,578,0.2049,0.0709,0.0574,71,B,WATCH,,2.0,2.0,0.0,NO,,0.0
2026-05-30,MANUAL,Justin Foscue,Texas Rangers,Seth Lugo,DraftKings,603,0.1996,0.0715,0.0574,68,B,WATCH,,2.0,3.0,0.0,NO,,0.0
2026-05-30,MANUAL,Jorbit Vivas,Washington Nationals,Michael King,DraftKings,615,0.1969,0.0709,0.0571,66,B,WATCH,6.0,4.0,8.0,0.0,NO,,
2026-05-30,MANUAL,Brooks Lee,Minnesota Twins,Mitch Keller,BetMGM,553,0.2101,0.0709,0.0569,73,B,WATCH,2.0,3.0,5.0,0.0,NO,,
2026-05-30,MANUAL,Kevin McGonigle,Detroit Tigers,Anthony Kay,DraftKings,577,0.2039,0.0714,0.0562,69,B,WATCH,1.0,5.0,6.0,0.0,NO,,
2026-05-30,MANUAL,Keibert Ruiz,Washington Nationals,Michael King,BetMGM,623,0.1945,0.0709,0.0562,65,B,WATCH,,1.0,4.0,0.0,NO,,0.0
2026-05-30,MANUAL,Ezequiel Duran,Texas Rangers,Seth Lugo,BetMGM,597,0.1996,0.0715,0.0561,67,B,WATCH,,2.0,3.0,0.0,NO,,0.0
2026-05-30,MANUAL,Carlos Narváez,Boston Red Sox,Parker Messick,DraftKings,654,0.1887,0.0713,0.0561,62,B,WATCH,,2.0,5.0,0.0,NO,,0.0
2026-05-30,MANUAL,Eric Haase,San Francisco Giants,Ryan Feltner,BetMGM,622,0.1945,0.0709,0.056,65,B,WATCH,,1.0,4.0,0.0,NO,,0.0
2026-05-30,MANUAL,Brandon Nimmo,Texas Rangers,Seth Lugo,DraftKings,563,0.2066,0.0715,0.0558,71,B,WATCH,,3.0,2.0,0.0,NO,,0.0
2026-05-30,MANUAL,Salvador Perez,Kansas City Royals,Kumar Rocker,DraftKings,618,0.1945,0.0709,0.0552,65,B,WATCH,,2.0,4.0,0.0,NO,,0.0
2026-05-30,MANUAL,Colt Emerson,Seattle Mariners,Ryne Nelson,BetMGM,599,0.198,0.0709,0.0549,67,B,WATCH,,2.0,3.0,0.0,NO,,0.0
2026-05-30,MANUAL,Zach Neto,Los Angeles Angels,Drew Rasmussen,DraftKings,572,0.2036,0.0712,0.0548,73,B,WATCH,1.0,5.0,6.0,0.0,NO,,
2026-05-30,MANUAL,Vinnie Pasquantino,Kansas City Royals,Kumar Rocker,FanDuel,565,0.2049,0.0709,0.0546,71,B,WATCH,,2.0,2.0,0.0,NO,,0.0
2026-05-30,MANUAL,Victor Caratini,Minnesota Twins,Mitch Keller,FanDuel,614,0.1945,0.0709,0.0545,65,B,WATCH,,2.0,4.0,0.0,NO,,0.0
2026-05-30,MANUAL,Garrett Stubbs,Philadelphia Phillies,Roki Sasaki,DraftKings,645,0.1887,0.0713,0.0545,62,B,WATCH,,2.0,5.0,0.0,NO,,0.0
2026-05-30,MANUAL,Liam Hicks,Miami Marlins,Christian Scott,FanDuel,542,0.2101,0.0709,0.0543,72,B,WATCH,2.0,3.0,3.0,0.0,NO,,
2026-05-30,MANUAL,Joc Pederson,Texas Rangers,Seth Lugo,DraftKings,641,0.1891,0.0715,0.0542,62,B,WATCH,,1.0,5.0,0.0,NO,,0.0
2026-05-30,MANUAL,Michael Busch,Chicago Cubs,Kyle Leahy,FanDuel,563,0.2049,0.0709,0.0541,71,B,WATCH,,2.0,2.0,0.0,NO,,0.0
2026-05-30,MANUAL,Sal Stewart,Cincinnati Reds,Martín Pérez,FanDuel,500,0.2206,0.0707,0.0539,78,B,WATCH,3.0,3.0,2.0,0.0,NO,,
2026-05-30,MANUAL,Henry Bolte,Athletics,Ryan Weathers,FanDuel,599,0.1969,0.0709,0.0539,66,B,WATCH,6.0,3.0,6.0,0.0,NO,,
2026-05-30,MANUAL,Brandon Nimmo,Texas Rangers,Seth Lugo,BetMGM,492,0.2225,0.0713,0.0536,78,B,WATCH,3.0,3.0,2.0,0.0,NO,,
2026-05-30,MANUAL,Luis Rengifo,Milwaukee Brewers,Peter Lambert,FanDuel,577,0.2013,0.0721,0.0535,63,C,WATCH,,2.0,3.0,0.0,NO,,0.0
2026-05-30,MANUAL,Edmundo Sosa,Philadelphia Phillies,Roki Sasaki,FanDuel,473,0.2278,0.0706,0.0533,82,B,WATCH,4.0,3.0,2.0,0.0,NO,,
2026-05-30,MANUAL,Shea Langeliers,Athletics,Ryan Weathers,BetMGM,495,0.2213,0.0709,0.0533,78,B,WATCH,3.0,4.0,2.0,0.0,NO,,
2026-05-30,MANUAL,Carson Benge,New York Mets,Tyler Phillips,DraftKings,570,0.2026,0.0709,0.0533,68,B,WATCH,1.0,2.0,5.0,0.0,NO,,
2026-05-30,MANUAL,Colt Emerson,Seattle Mariners,Ryne Nelson,FanDuel,591,0.198,0.0709,0.0533,67,B,WATCH,,4.0,3.0,0.0,NO,,0.0
2026-05-30,MANUAL,Manny Machado,San Diego Padres,Foster Griffin,DraftKings,468,0.2288,0.0709,0.0528,82,B,WATCH,4.0,4.0,1.0,0.0,NO,,
2026-05-30,MANUAL,Casey Schmitt,San Francisco Giants,Ryan Feltner,DraftKings,492,0.2213,0.0709,0.0524,78,B,WATCH,3.0,2.0,2.0,0.0,NO,,
2026-05-30,MANUAL,Trea Turner,Philadelphia Phillies,Roki Sasaki,BetMGM,537,0.2091,0.0706,0.0522,72,B,WATCH,2.0,4.0,5.0,0.0,NO,,
2026-05-30,MANUAL,Sal Stewart,Cincinnati Reds,Martín Pérez,DraftKings,557,0.2043,0.0707,0.0521,70,B,WATCH,,2.0,2.0,0.0,NO,,0.0
2026-05-30,MANUAL,Richie Palacios,Tampa Bay Rays,Reid Detmers,DraftKings,585,0.198,0.0709,0.052,67,B,WATCH,,2.0,3.0,0.0,NO,,0.0
2026-05-30,MANUAL,Josh Jung,Texas Rangers,Seth Lugo,DraftKings,527,0.2112,0.0713,0.0517,72,B,WATCH,2.0,4.0,4.0,0.0,NO,,
2026-05-30,MANUAL,Pedro Pagés,St. Louis Cardinals,Ben Brown,DraftKings,600,0.1945,0.0709,0.0517,65,B,WATCH,,1.0,4.0,0.0,NO,,0.0
2026-05-30,MANUAL,Adley Rutschman,Baltimore Orioles,Trey Yesavage,BetMGM,615,0.1914,0.0724,0.0516,61,B,WATCH,,2.0,5.0,0.0,NO,,0.0
2026-05-30,MANUAL,Garrett Stubbs,Philadelphia Phillies,Roki Sasaki,FanDuel,628,0.1887,0.0713,0.0514,61,B,WATCH,,2.0,5.0,0.0,NO,,0.0
2026-05-30,MANUAL,Kevin McGonigle,Detroit Tigers,Anthony Kay,FanDuel,611,0.1916,0.0724,0.051,61,B,WATCH,,2.0,5.0,0.0,NO,,0.0
2026-05-30,MANUAL,Carter Jensen,Kansas City Royals,Kumar Rocker,DraftKings,559,0.2026,0.0709,0.0508,68,B,WATCH,1.0,5.0,6.0,0.0,NO,,
2026-05-30,MANUAL,Jesús Sánchez,Toronto Blue Jays,Brandon Young,FanDuel,587,0.1963,0.0707,0.0507,65,B,WATCH,6.0,5.0,6.0,0.0,NO,,
2026-05-30,MANUAL,Patrick Wisdom,Seattle Mariners,Ryne Nelson,DraftKings,659,0.1824,0.0709,0.0506,58,B,WATCH,,3.0,6.0,0.0,NO,,0.0
2026-05-30,MANUAL,Yandy Díaz,Tampa Bay Rays,Reid Detmers,FanDuel,557,0.2026,0.0709,0.0504,68,B,WATCH,1.0,2.0,5.0,0.0,NO,,
2026-05-30,MANUAL,Masyn Winn,St. Louis Cardinals,Ben Brown,BetMGM,582,0.1969,0.0709,0.0503,65,B,WATCH,6.0,3.0,6.0,0.0,NO,,
2026-05-30,MANUAL,José Ramírez,Cleveland Guardians,Sonny Gray,BetMGM,593,0.1945,0.0709,0.0502,65,B,WATCH,,2.0,4.0,0.0,NO,,0.0
2026-05-30,MANUAL,Masataka Yoshida,Boston Red Sox,Parker Messick,FanDuel,585,0.1961,0.0706,0.0501,65,B,WATCH,6.0,5.0,8.0,0.0,NO,,
2026-05-30,MANUAL,Kody Clemens,Minnesota Twins,Mitch Keller,BetMGM,545,0.2049,0.0709,0.0499,70,B,WATCH,,3.0,2.0,0.0,NO,,0.0
2026-05-30,MANUAL,Shea Langeliers,Athletics,Ryan Weathers,DraftKings,591,0.1945,0.0709,0.0498,65,B,WATCH,,2.0,4.0,0.0,NO,,0.0
2026-05-30,MANUAL,Jac Caglianone,Kansas City Royals,Kumar Rocker,BetMGM,579,0.1969,0.0709,0.0497,65,B,WATCH,6.0,6.0,7.0,0.0,NO,,
2026-05-30,MANUAL,Taylor Trammell,Houston Astros,Brandon Sproat,DraftKings,458,0.2288,0.0709,0.0496,81,B,WATCH,4.0,2.0,1.0,0.0,NO,,
2026-05-30,MANUAL,Jhonny Pereda,Seattle Mariners,Ryne Nelson,FanDuel,625,0.1876,0.0709,0.0496,61,B,WATCH,,3.0,5.0,0.0,NO,,0.0
2026-05-30,MANUAL,Wade Meckler,Los Angeles Angels,Drew Rasmussen,FanDuel,573,0.198,0.0709,0.0494,66,B,WATCH,,3.0,3.0,0.0,NO,,0.0
2026-05-30,MANUAL,Henry Davis,Pittsburgh Pirates,Bailey Ober,BetMGM,589,0.1945,0.0709,0.0494,65,B,WATCH,,1.0,4.0,0.0,NO,,0.0
2026-05-30,MANUAL,Chadwick Tromp,Atlanta Braves,Brady Singer,DraftKings,623,0.1876,0.0709,0.0493,61,B,WATCH,,1.0,5.0,0.0,NO,,0.0
2026-05-30,MANUAL,Josh Bell,Minnesota Twins,Mitch Keller,FanDuel,542,0.2049,0.0709,0.0492,70,B,WATCH,,2.0,2.0,0.0,NO,,0.0
2026-05-30,MANUAL,Ha-Seong Kim,Atlanta Braves,Brady Singer,FanDuel,649,0.1824,0.0709,0.0488,58,B,WATCH,,2.0,6.0,0.0,NO,,0.0
2026-05-30,MANUAL,Alika Williams,Athletics,Ryan Weathers,FanDuel,513,0.2119,0.0709,0.0487,74,B,WATCH,,2.0,1.0,0.0,NO,,0.0
2026-05-30,MANUAL,A.J. Ewing,New York Mets,Tyler Phillips,BetMGM,648,0.1824,0.0709,0.0487,58,B,WATCH,,2.0,6.0,0.0,NO,,0.0
2026-05-30,MANUAL,Nolan Gorman,St. Louis Cardinals,Ben Brown,FanDuel,504,0.2138,0.0709,0.0483,73,B,WATCH,5.0,4.0,3.0,0.0,NO,,
2026-05-30,MANUAL,Jonathan Aranda,Tampa Bay Rays,Reid Detmers,DraftKings,518,0.2101,0.0709,0.0483,72,B,WATCH,2.0,3.0,4.0,0.0,NO,,
2026-05-30,MANUAL,Jazz Chisholm Jr.,New York Yankees,J.T. Ginn,BetMGM,561,0.1995,0.0714,0.0482,66,B,WATCH,,2.0,3.0,0.0,NO,,0.0
2026-05-30,MANUAL,Taylor Ward,Baltimore Orioles,Trey Yesavage,FanDuel,550,0.2019,0.0707,0.0481,75,B,WATCH,1.0,4.0,5.0,0.0,NO,,
2026-05-30,MANUAL,Jared Young,New York Mets,Tyler Phillips,BetMGM,453,0.2288,0.0709,0.048,84,B,WATCH,4.0,4.0,1.0,0.0,NO,,
2026-05-30,MANUAL,Tyler Callihan,Pittsburgh Pirates,Bailey Ober,BetMGM,517,0.2101,0.0709,0.048,72,B,WATCH,2.0,1.0,5.0,0.0,NO,,
2026-05-30,MANUAL,Kevin McGonigle,Detroit Tigers,Anthony Kay,BetMGM,596,0.1914,0.0723,0.0477,61,B,WATCH,,5.0,5.0,0.0,NO,,0.0
2026-05-30,MANUAL,David Fry,Cleveland Guardians,Sonny Gray,DraftKings,569,0.1969,0.0709,0.0475,65,B,WATCH,6.0,2.0,8.0,0.0,NO,,
2026-05-30,MANUAL,Danny Jansen,Texas Rangers,Seth Lugo,BetMGM,649,0.181,0.0713,0.0475,57,B,WATCH,7.0,5.0,8.0,0.0,NO,,
2026-05-30,MANUAL,Gabriel Moreno,Arizona Diamondbacks,Bryan Woo,BetMGM,451,0.2288,0.0709,0.0473,81,B,WATCH,4.0,3.0,1.0,0.0,NO,,
2026-05-30,MANUAL,Edgar Quero,Chicago White Sox,Framber Valdez,BetMGM,500,0.2138,0.0709,0.0472,73,B,WATCH,5.0,2.0,4.0,0.0,NO,,
2026-05-30,MANUAL,James Outman,Minnesota Twins,Mitch Keller,DraftKings,568,0.1969,0.0709,0.0472,65,B,WATCH,6.0,4.0,8.0,0.0,NO,,
2026-05-30,MANUAL,Ceddanne Rafaela,Boston Red Sox,Parker Messick,DraftKings,572,0.1957,0.0713,0.0469,64,B,WATCH,,2.0,4.0,0.0,NO,,0.0
2026-05-30,MANUAL,Edmundo Sosa,Philadelphia Phillies,Roki Sasaki,BetMGM,632,0.1835,0.0713,0.0469,58,B,WATCH,,3.0,6.0,0.0,NO,,0.0
2026-05-30,MANUAL,Bryson Stott,Philadelphia Phillies,Roki Sasaki,DraftKings,556,0.1992,0.0713,0.0468,66,B,WATCH,,4.0,3.0,0.0,NO,,0.0
2026-05-30,MANUAL,Tyler Stephenson,Cincinnati Reds,Martín Pérez,DraftKings,580,0.1939,0.0707,0.0468,64,B,WATCH,,1.0,4.0,0.0,NO,,0.0
2026-05-30,MANUAL,Trevor Larnach,Minnesota Twins,Mitch Keller,DraftKings,577,0.1945,0.0709,0.0468,64,B,WATCH,,3.0,4.0,0.0,NO,,0.0
2026-05-30,MANUAL,Ben Williamson,Tampa Bay Rays,Reid Detmers,DraftKings,637,0.1824,0.0709,0.0467,58,B,WATCH,,1.0,6.0,0.0,NO,,0.0
2026-05-30,MANUAL,Konnor Griffin,Pittsburgh Pirates,Bailey Ober,FanDuel,565,0.1969,0.0709,0.0466,65,B,WATCH,6.0,2.0,7.0,0.0,NO,,
2026-05-30,MANUAL,P.J. Higgins,Cincinnati Reds,Martín Pérez,BetMGM,612,0.187,0.0707,0.0465,60,B,WATCH,,3.0,5.0,0.0,NO,,0.0
2026-05-30,MANUAL,Travis Bazzana,Cleveland Guardians,Sonny Gray,BetMGM,540,0.2026,0.0709,0.0463,68,B,WATCH,1.0,3.0,6.0,0.0,NO,,
2026-05-30,MANUAL,Christian Walker,Houston Astros,Brandon Sproat,FanDuel,471,0.2213,0.0709,0.0462,75,B,WATCH,3.0,3.0,2.0,0.0,NO,,
2026-05-30,MANUAL,Tyler Stephenson,Cincinnati Reds,Martín Pérez,FanDuel,577,0.1939,0.0707,0.0462,64,B,WATCH,,3.0,4.0,0.0,NO,,0.0
2026-05-30,MANUAL,Logan O'Hoppe,Los Angeles Angels,Drew Rasmussen,FanDuel,615,0.1859,0.0703,0.0461,71,B,WATCH,,2.0,5.0,0.0,NO,,0.0
2026-05-30,MANUAL,Luis García Jr.,Washington Nationals,Michael King,DraftKings,510,0.2101,0.0709,0.0461,71,B,WATCH,2.0,5.0,6.0,0.0,NO,,
2026-05-30,MANUAL,Jesus Rodriguez,San Francisco Giants,Ryan Feltner,FanDuel,529,0.2049,0.0709,0.046,70,B,WATCH,,3.0,2.0,0.0,NO,,0.0
2026-05-30,MANUAL,Ernie Clement,Toronto Blue Jays,Brandon Young,FanDuel,553,0.1991,0.0713,0.0459,66,B,WATCH,,2.0,3.0,0.0,NO,,0.0
2026-05-30,MANUAL,Alec Burleson,St. Louis Cardinals,Ben Brown,BetMGM,528,0.2049,0.0709,0.0457,70,B,WATCH,,2.0,2.0,0.0,NO,,0.0
2026-05-30,MANUAL,J.T. Realmuto,Philadelphia Phillies,Roki Sasaki,FanDuel,648,0.1793,0.0706,0.0456,56,B,WATCH,7.0,5.0,8.0,0.0,NO,,
2026-05-30,MANUAL,Brett Sullivan,Colorado Rockies,Adrian Houser,DraftKings,570,0.1946,0.0709,0.0454,64,B,WATCH,,4.0,4.0,0.0,NO,,0.0
2026-05-30,MANUAL,Luis Torrens,New York Mets,Tyler Phillips,BetMGM,570,0.1945,0.0709,0.0453,64,B,WATCH,,2.0,4.0,0.0,NO,,0.0
2026-05-30,MANUAL,Drew Millas,Washington Nationals,Michael King,DraftKings,603,0.1876,0.0709,0.0453,60,B,WATCH,,2.0,5.0,0.0,NO,,0.0
2026-05-30,MANUAL,Aramis Garcia,Arizona Diamondbacks,Bryan Woo,FanDuel,603,0.1876,0.0709,0.0453,60,B,WATCH,,2.0,5.0,0.0,NO,,0.0
2026-05-30,MANUAL,Edouard Julien,Colorado Rockies,Adrian Houser,FanDuel,629,0.1825,0.0709,0.0453,58,B,WATCH,,3.0,6.0,0.0,NO,,0.0
2026-05-30,MANUAL,Ty France,San Diego Padres,Foster Griffin,BetMGM,641,0.1801,0.0709,0.0451,56,B,WATCH,7.0,5.0,7.0,0.0,NO,,
2026-05-30,MANUAL,Andrew Benintendi,Chicago White Sox,Framber Valdez,FanDuel,558,0.1969,0.0709,0.045,65,B,WATCH,6.0,3.0,7.0,0.0,NO,,
2026-05-30,MANUAL,Trent Grisham,New York Yankees,J.T. Ginn,FanDuel,537,0.2019,0.0706,0.0449,67,B,WATCH,1.0,4.0,5.0,0.0,NO,,
2026-05-30,MANUAL,Daniel Schneemann,Cleveland Guardians,Sonny Gray,FanDuel,627,0.1824,0.0709,0.0448,58,B,WATCH,,3.0,6.0,0.0,NO,,0.0
2026-05-30,MANUAL,Jo Adell,Los Angeles Angels,Drew Rasmussen,DraftKings,631,0.1814,0.0705,0.0446,73,B,WATCH,,4.0,6.0,0.0,NO,,0.0
2026-05-30,MANUAL,Pedro Ramírez,Chicago Cubs,Kyle Leahy,FanDuel,551,0.198,0.0709,0.0444,66,B,WATCH,,3.0,3.0,0.0,NO,,0.0
2026-05-30,MANUAL,Alex Jackson,Minnesota Twins,Mitch Keller,FanDuel,595,0.1876,0.0709,0.0437,60,B,WATCH,,4.0,5.0,0.0,NO,,0.0
2026-05-30,MANUAL,Liam Hicks,Miami Marlins,Christian Scott,DraftKings,562,0.1945,0.0709,0.0435,64,B,WATCH,,2.0,3.0,0.0,NO,,0.0
2026-05-30,MANUAL,Junior Caminero,Tampa Bay Rays,Reid Detmers,FanDuel,462,0.2213,0.0709,0.0434,77,B,WATCH,3.0,4.0,2.0,0.0,NO,,
2026-05-30,MANUAL,Derek Hill,Chicago White Sox,Framber Valdez,BetMGM,619,0.1824,0.0709,0.0433,57,B,WATCH,,1.0,6.0,0.0,NO,,0.0
2026-05-30,MANUAL,Alejandro Osuna,Texas Rangers,Seth Lugo,DraftKings,611,0.1839,0.0715,0.0432,57,B,WATCH,,2.0,6.0,0.0,NO,,0.0
2026-05-30,MANUAL,Luis Torrens,New York Mets,Tyler Phillips,DraftKings,559,0.1945,0.0709,0.0428,64,B,WATCH,,1.0,4.0,0.0,NO,,0.0
2026-05-30,MANUAL,Chadwick Tromp,Atlanta Braves,Brady Singer,FanDuel,589,0.1876,0.0709,0.0424,60,B,WATCH,,4.0,5.0,0.0,NO,,0.0
2026-05-30,MANUAL,Mike Yastrzemski,Atlanta Braves,Brady Singer,BetMGM,625,0.1801,0.0709,0.0421,56,B,WATCH,7.0,4.0,7.0,0.0,NO,,
2026-05-30,MANUAL,Blake Dunn,Cincinnati Reds,Martín Pérez,DraftKings,525,0.2019,0.0707,0.0419,67,B,WATCH,1.0,4.0,5.0,0.0,NO,,
2026-05-30,MANUAL,Kyle Manzardo,Cleveland Guardians,Sonny Gray,DraftKings,488,0.2119,0.0709,0.0418,73,B,WATCH,,3.0,1.0,0.0,NO,,0.0
2026-05-30,MANUAL,Ezequiel Tovar,Colorado Rockies,Adrian Houser,BetMGM,547,0.1964,0.0707,0.0418,64,B,WATCH,6.0,4.0,6.0,0.0,NO,,
2026-05-30,MANUAL,Dillon Dingler,Detroit Tigers,Anthony Kay,DraftKings,489,0.2115,0.0714,0.0417,71,B,WATCH,2.0,6.0,5.0,0.0,NO,,
2026-05-30,MANUAL,Mookie Betts,Los Angeles Dodgers,Jesús Luzardo,DraftKings,424,0.2322,0.0719,0.0414,99,B,WATCH,4.0,3.0,1.0,0.0,NO,,
2026-05-30,MANUAL,Jackson Holliday,Baltimore Orioles,Trey Yesavage,DraftKings,472,0.2163,0.0724,0.0414,73,B,WATCH,,3.0,1.0,0.0,NO,,0.0
2026-05-30,MANUAL,Carter Jensen,Kansas City Royals,Kumar Rocker,FanDuel,584,0.1876,0.0709,0.0414,60,B,WATCH,,4.0,5.0,0.0,NO,,0.0
2026-05-30,MANUAL,Dominic Canzone,Seattle Mariners,Ryne Nelson,DraftKings,619,0.1801,0.0709,0.041,56,B,WATCH,7.0,4.0,7.0,0.0,NO,,
2026-05-30,MANUAL,Braxton Fulford,Colorado Rockies,Adrian Houser,BetMGM,581,0.1877,0.0709,0.0408,60,B,WATCH,,2.0,5.0,0.0,NO,,0.0
2026-05-30,MANUAL,Nasim Nuñez,Washington Nationals,Michael King,DraftKings,606,0.1824,0.0709,0.0407,57,B,WATCH,,2.0,6.0,0.0,NO,,0.0
2026-05-30,MANUAL,Rafael Devers,San Francisco Giants,Ryan Feltner,BetMGM,484,0.2119,0.0709,0.0406,73,B,WATCH,,4.0,1.0,0.0,NO,,0.0
2026-05-30,MANUAL,José Tena,Washington Nationals,Michael King,BetMGM,535,0.198,0.0709,0.0405,65,B,WATCH,,2.0,3.0,0.0,NO,,0.0
2026-05-30,MANUAL,Spencer Horwitz,Pittsburgh Pirates,Bailey Ober,DraftKings,580,0.1876,0.0709,0.0405,60,B,WATCH,,1.0,5.0,0.0,NO,,0.0
2026-05-30,MANUAL,Jhonny Pereda,Seattle Mariners,Ryne Nelson,DraftKings,580,0.1876,0.0709,0.0405,60,B,WATCH,,4.0,5.0,0.0,NO,,0.0
2026-05-30,MANUAL,Corbin Carroll,Arizona Diamondbacks,Bryan Woo,DraftKings,489,0.2101,0.0709,0.0403,71,B,WATCH,2.0,4.0,4.0,0.0,NO,,
2026-05-30,MANUAL,Colt Keith,Detroit Tigers,Anthony Kay,DraftKings,533,0.1982,0.0714,0.0403,64,B,WATCH,6.0,7.0,8.0,0.0,NO,,
2026-05-30,MANUAL,Will Smith,Los Angeles Dodgers,Jesús Luzardo,BetMGM,551,0.1938,0.0706,0.0402,63,B,WATCH,,2.0,4.0,0.0,NO,,0.0
2026-05-30,MANUAL,Freddie Freeman,Los Angeles Dodgers,Jesús Luzardo,BetMGM,454,0.2205,0.0706,0.04,76,B,WATCH,3.0,4.0,2.0,0.0,NO,,
2026-05-30,MANUAL,Tyler Soderstrom,Athletics,Ryan Weathers,BetMGM,475,0.2138,0.0709,0.0399,72,B,WATCH,5.0,5.0,3.0,0.0,NO,,
2026-05-30,MANUAL,Oneil Cruz,Pittsburgh Pirates,Bailey Ober,BetMGM,474,0.2138,0.0709,0.0396,72,B,WATCH,5.0,4.0,3.0,0.0,NO,,
2026-05-30,MANUAL,Nick Gonzales,Pittsburgh Pirates,Bailey Ober,BetMGM,480,0.2119,0.0709,0.0395,73,B,WATCH,,2.0,1.0,0.0,NO,,0.0
2026-05-30,MANUAL,Ronald Acuña Jr.,Atlanta Braves,Brady Singer,BetMGM,511,0.2026,0.0709,0.0389,67,B,WATCH,1.0,5.0,5.0,0.0,NO,,
2026-05-30,MANUAL,Marcus Semien,New York Mets,Tyler Phillips,DraftKings,597,0.1824,0.0709,0.0389,57,B,WATCH,,3.0,6.0,0.0,NO,,0.0
2026-05-30,MANUAL,Blaze Alexander,Baltimore Orioles,Trey Yesavage,BetMGM,579,0.1861,0.0724,0.0389,57,B,WATCH,,2.0,6.0,0.0,NO,,0.0
2026-05-30,MANUAL,Matt Vierling,Detroit Tigers,Anthony Kay,DraftKings,487,0.2092,0.0723,0.0388,69,B,WATCH,,3.0,2.0,0.0,NO,,0.0
2026-05-30,MANUAL,Pedro Pagés,St. Louis Cardinals,Ben Brown,BetMGM,539,0.1945,0.0709,0.038,63,B,WATCH,,3.0,4.0,0.0,NO,,0.0
2026-05-30,MANUAL,TJ Rumfield,Colorado Rockies,Adrian Houser,BetMGM,474,0.212,0.0709,0.0378,72,B,WATCH,,5.0,1.0,0.0,NO,,0.0
2026-05-30,MANUAL,Gavin Sheets,San Diego Padres,Foster Griffin,BetMGM,498,0.2049,0.0709,0.0377,69,B,WATCH,,4.0,2.0,0.0,NO,,0.0
2026-05-30,MANUAL,Mark Vientos,New York Mets,Tyler Phillips,FanDuel,524,0.198,0.0709,0.0377,65,B,WATCH,,4.0,3.0,0.0,NO,,0.0
2026-05-30,MANUAL,Michael Busch,Chicago Cubs,Kyle Leahy,DraftKings,443,0.2213,0.0709,0.0372,74,B,WATCH,3.0,2.0,2.0,0.0,NO,,
2026-05-30,MANUAL,Hunter Goodman,Colorado Rockies,Adrian Houser,BetMGM,445,0.2207,0.0707,0.0372,74,B,WATCH,3.0,5.0,2.0,0.0,NO,,
2026-05-30,MANUAL,José Caballero,New York Yankees,J.T. Ginn,DraftKings,650,0.1701,0.0706,0.0368,50,C,WATCH,8.0,5.0,9.0,0.0,NO,,
2026-05-30,MANUAL,Chase Meidroth,Chicago White Sox,Framber Valdez,FanDuel,503,0.2026,0.0709,0.0367,66,B,WATCH,1.0,4.0,6.0,0.0,NO,,
2026-05-30,MANUAL,Freddy Fermin,San Diego Padres,Foster Griffin,DraftKings,563,0.1876,0.0709,0.0367,59,B,WATCH,,2.0,5.0,0.0,NO,,0.0
2026-05-30,MANUAL,Jake Burger,Texas Rangers,Seth Lugo,BetMGM,465,0.2136,0.0715,0.0366,72,B,WATCH,,3.0,1.0,0.0,NO,,0.0
2026-05-30,MANUAL,CJ Abrams,Washington Nationals,Michael King,DraftKings,420,0.2288,0.0709,0.0365,80,B,WATCH,4.0,6.0,1.0,0.0,NO,,
2026-05-30,MANUAL,Ian Happ,Chicago Cubs,Kyle Leahy,FanDuel,464,0.2138,0.0709,0.0365,72,B,WATCH,5.0,3.0,3.0,0.0,NO,,
2026-05-30,MANUAL,Michael Harris II,Atlanta Braves,Brady Singer,BetMGM,475,0.2101,0.0709,0.0362,70,B,WATCH,2.0,6.0,4.0,0.0,NO,,
2026-05-30,MANUAL,Joe Mack,Miami Marlins,Christian Scott,BetMGM,559,0.1876,0.0709,0.0358,59,B,WATCH,,3.0,5.0,0.0,NO,,0.0
2026-05-30,MANUAL,Jhonny Pereda,Seattle Mariners,Ryne Nelson,BetMGM,559,0.1876,0.0709,0.0358,59,B,WATCH,,3.0,5.0,0.0,NO,,0.0
2026-05-30,MANUAL,Ty France,San Diego Padres,Foster Griffin,DraftKings,465,0.2119,0.0709,0.0349,72,B,WATCH,,3.0,1.0,0.0,NO,,0.0
2026-05-30,MANUAL,Kazuma Okamoto,Toronto Blue Jays,Brandon Young,BetMGM,461,0.2131,0.0707,0.0349,72,B,WATCH,5.0,6.0,3.0,0.0,NO,,
2026-05-30,MANUAL,Shea Langeliers,Athletics,Ryan Weathers,FanDuel,526,0.1945,0.0709,0.0348,63,B,WATCH,,3.0,4.0,0.0,NO,,0.0
2026-05-30,MANUAL,Luisangel Acuña,Chicago White Sox,Framber Valdez,BetMGM,657,0.1667,0.0709,0.0346,48,C,WATCH,,3.0,7.0,0.0,NO,,0.0
2026-05-30,MANUAL,J.C. Escarra,New York Yankees,J.T. Ginn,BetMGM,519,0.196,0.0714,0.0344,63,B,WATCH,,4.0,4.0,0.0,NO,,0.0
2026-05-30,MANUAL,Kyle Manzardo,Cleveland Guardians,Sonny Gray,BetMGM,414,0.2288,0.0709,0.0343,79,B,WATCH,4.0,4.0,1.0,0.0,NO,,
2026-05-30,MANUAL,Adley Rutschman,Baltimore Orioles,Trey Yesavage,DraftKings,535,0.1914,0.0724,0.034,59,B,WATCH,,3.0,5.0,0.0,NO,,0.0
2026-05-30,MANUAL,Garrett Mitchell,Milwaukee Brewers,Peter Lambert,DraftKings,649,0.1675,0.0712,0.034,48,C,WATCH,,2.0,7.0,0.0,NO,,0.0
2026-05-30,MANUAL,Isiah Kiner-Falefa,Boston Red Sox,Parker Messick,BetMGM,587,0.1793,0.0706,0.0337,55,B,WATCH,7.0,6.0,9.0,0.0,NO,,
2026-05-30,MANUAL,Sandy León,Atlanta Braves,Brady Singer,BetMGM,520,0.1945,0.0709,0.0332,63,B,WATCH,,3.0,4.0,0.0,NO,,0.0
2026-05-30,MANUAL,Brett Sullivan,Colorado Rockies,Adrian Houser,FanDuel,519,0.1946,0.0709,0.0331,63,B,WATCH,,3.0,4.0,0.0,NO,,0.0
2026-05-30,MANUAL,Eric Haase,San Francisco Giants,Ryan Feltner,DraftKings,627,0.1707,0.0709,0.0331,50,C,WATCH,8.0,3.0,8.0,0.0,NO,,
2026-05-30,MANUAL,Darell Hernaiz,Athletics,Ryan Weathers,BetMGM,626,0.1707,0.0709,0.0329,50,C,WATCH,8.0,6.0,8.0,0.0,NO,,
2026-05-30,MANUAL,Jorge Mateo,Atlanta Braves,Brady Singer,DraftKings,646,0.1667,0.0709,0.0327,48,C,WATCH,,3.0,7.0,0.0,NO,,0.0
2026-05-30,MANUAL,Kyle Karros,Colorado Rockies,Adrian Houser,DraftKings,580,0.1795,0.0707,0.0325,55,B,WATCH,7.0,6.0,7.0,0.0,NO,,
2026-05-30,MANUAL,Cedric Mullins,Tampa Bay Rays,Reid Detmers,BetMGM,623,0.1707,0.0709,0.0324,50,C,WATCH,8.0,5.0,8.0,0.0,NO,,
2026-05-30,MANUAL,Miguel Amaya,Chicago Cubs,Kyle Leahy,BetMGM,516,0.1945,0.0709,0.0322,63,B,WATCH,,4.0,4.0,0.0,NO,,0.0
2026-05-30,MANUAL,Wenceel Pérez,Detroit Tigers,Anthony Kay,BetMGM,571,0.1812,0.0714,0.0322,55,B,WATCH,7.0,8.0,9.0,0.0,NO,,
2026-05-30,MANUAL,Cole Young,Seattle Mariners,Ryne Nelson,FanDuel,456,0.2119,0.0709,0.032,72,B,WATCH,,4.0,1.0,0.0,NO,,0.0
2026-05-30,MANUAL,Fernando Tatis Jr.,San Diego Padres,Foster Griffin,BetMGM,543,0.1876,0.0709,0.032,59,B,WATCH,,3.0,5.0,0.0,NO,,0.0
2026-05-30,MANUAL,Pedro Ramírez,Chicago Cubs,Kyle Leahy,BetMGM,502,0.198,0.0709,0.0319,64,B,WATCH,,3.0,3.0,0.0,NO,,0.0
2026-05-30,MANUAL,Caleb Durbin,Boston Red Sox,Parker Messick,DraftKings,636,0.1678,0.0713,0.0319,48,C,WATCH,,3.0,7.0,0.0,NO,,0.0
2026-05-30,MANUAL,Chase Meidroth,Chicago White Sox,Framber Valdez,DraftKings,542,0.1876,0.0709,0.0318,59,B,WATCH,,4.0,5.0,0.0,NO,,0.0
2026-05-30,MANUAL,Ryan McMahon,New York Yankees,J.T. Ginn,BetMGM,577,0.1795,0.0706,0.0317,55,B,WATCH,7.0,6.0,7.0,0.0,NO,,
2026-05-30,MANUAL,Josh Bell,Minnesota Twins,Mitch Keller,DraftKings,427,0.2213,0.0709,0.0316,75,B,WATCH,3.0,5.0,2.0,0.0,NO,,
2026-05-30,MANUAL,Jeff McNeil,Athletics,Ryan Weathers,BetMGM,500,0.198,0.0709,0.0313,64,B,WATCH,,3.0,3.0,0.0,NO,,0.0
2026-05-30,MANUAL,Connor Norby,Miami Marlins,Christian Scott,FanDuel,451,0.2119,0.0709,0.0304,72,B,WATCH,,2.0,1.0,0.0,NO,,0.0
2026-05-30,MANUAL,Andy Pages,Los Angeles Dodgers,Jesús Luzardo,BetMGM,459,0.2093,0.0706,0.0304,69,B,WATCH,2.0,5.0,4.0,0.0,NO,,
2026-05-30,MANUAL,Chad Stevens,Colorado Rockies,Adrian Houser,DraftKings,495,0.1981,0.0709,0.03,64,B,WATCH,,4.0,3.0,0.0,NO,,0.0
2026-05-30,MANUAL,Liam Hicks,Miami Marlins,Christian Scott,BetMGM,507,0.1945,0.0709,0.0298,62,B,WATCH,,3.0,4.0,0.0,NO,,0.0
2026-05-30,MANUAL,Hunter Feduccia,Tampa Bay Rays,Reid Detmers,FanDuel,534,0.1876,0.0709,0.0298,58,B,WATCH,,3.0,5.0,0.0,NO,,0.0
2026-05-30,MANUAL,Rafael Devers,San Francisco Giants,Ryan Feltner,DraftKings,448,0.2119,0.0709,0.0294,71,B,WATCH,,4.0,1.0,0.0,NO,,0.0
2026-05-30,MANUAL,Brandon Valenzuela,Toronto Blue Jays,Brandon Young,DraftKings,526,0.1891,0.0715,0.0294,59,B,WATCH,,5.0,5.0,0.0,NO,,0.0
2026-05-30,MANUAL,Marcelo Mayer,Boston Red Sox,Parker Messick,FanDuel,548,0.1835,0.0713,0.0292,56,B,WATCH,,4.0,6.0,0.0,NO,,0.0
2026-05-30,MANUAL,Daylen Lile,Washington Nationals,Michael King,FanDuel,468,0.2049,0.0709,0.0289,68,B,WATCH,,3.0,2.0,0.0,NO,,0.0
2026-05-30,MANUAL,Ezequiel Duran,Texas Rangers,Seth Lugo,DraftKings,437,0.215,0.0713,0.0287,71,B,WATCH,5.0,6.0,3.0,0.0,NO,,
2026-05-30,MANUAL,Pete Crow-Armstrong,Chicago Cubs,Kyle Leahy,FanDuel,475,0.2026,0.0709,0.0287,65,B,WATCH,1.0,4.0,5.0,0.0,NO,,
2026-05-30,MANUAL,Dillon Dingler,Detroit Tigers,Anthony Kay,BetMGM,489,0.1985,0.0723,0.0287,62,B,WATCH,,2.0,4.0,0.0,NO,,0.0
2026-05-30,MANUAL,Tyler Tolbert,Kansas City Royals,Kumar Rocker,FanDuel,551,0.1824,0.0709,0.0287,56,B,WATCH,,3.0,6.0,0.0,NO,,0.0
2026-05-30,MANUAL,Jorge Mateo,Atlanta Braves,Brady Singer,BetMGM,604,0.1707,0.0709,0.0286,49,C,WATCH,8.0,7.0,8.0,0.0,NO,,
2026-05-30,MANUAL,Blaze Alexander,Baltimore Orioles,Trey Yesavage,FanDuel,534,0.1861,0.0724,0.0284,56,B,WATCH,,4.0,6.0,0.0,NO,,0.0
2026-05-30,MANUAL,Alec Bohm,Philadelphia Phillies,Roki Sasaki,BetMGM,617,0.1678,0.0713,0.0283,47,C,WATCH,,5.0,7.0,0.0,NO,,0.0
2026-05-30,MANUAL,Blaze Alexander,Baltimore Orioles,Trey Yesavage,DraftKings,533,0.1861,0.0724,0.0282,56,B,WATCH,,4.0,6.0,0.0,NO,,0.0
2026-05-30,MANUAL,Luis Arraez,San Francisco Giants,Ryan Feltner,BetMGM,449,0.2101,0.0709,0.0279,67,B,WATCH,2.0,4.0,4.0,0.0,NO,,
2026-05-30,MANUAL,Edgar Quero,Chicago White Sox,Framber Valdez,DraftKings,488,0.198,0.0709,0.0279,64,B,WATCH,,2.0,3.0,0.0,NO,,0.0
2026-05-30,MANUAL,Austin Riley,Atlanta Braves,Brady Singer,FanDuel,488,0.198,0.0709,0.0279,64,B,WATCH,,4.0,3.0,0.0,NO,,0.0
2026-05-30,MANUAL,Matt Chapman,San Francisco Giants,Ryan Feltner,FanDuel,491,0.1969,0.0709,0.0277,63,B,WATCH,6.0,5.0,6.0,0.0,NO,,
2026-05-30,MANUAL,Vaughn Grissom,Los Angeles Angels,Drew Rasmussen,BetMGM,464,0.2049,0.0709,0.0276,68,B,WATCH,,5.0,2.0,0.0,NO,,0.0
2026-05-30,MANUAL,Byron Buxton,Minnesota Twins,Mitch Keller,BetMGM,525,0.1876,0.0709,0.0276,58,B,WATCH,,6.0,5.0,0.0,NO,,0.0
2026-05-30,MANUAL,Jonathan Aranda,Tampa Bay Rays,Reid Detmers,FanDuel,498,0.1945,0.0709,0.0273,62,B,WATCH,,3.0,4.0,0.0,NO,,0.0
2026-05-30,MANUAL,Bo Bichette,New York Mets,Tyler Phillips,FanDuel,498,0.1945,0.0709,0.0273,62,B,WATCH,,3.0,4.0,0.0,NO,,0.0
2026-05-30,MANUAL,Andrés Giménez,Toronto Blue Jays,Brandon Young,DraftKings,600,0.1701,0.0707,0.0273,49,C,WATCH,8.0,7.0,9.0,0.0,NO,,
2026-05-30,MANUAL,Christian Yelich,Milwaukee Brewers,Peter Lambert,FanDuel,467,0.2036,0.0712,0.0272,65,B,WATCH,1.0,3.0,5.0,0.0,NO,,
2026-05-30,MANUAL,Nick Allen,Houston Astros,Brandon Sproat,BetMGM,554,0.1801,0.0709,0.0272,54,C,WATCH,7.0,4.0,8.0,0.0,NO,,
2026-05-30,MANUAL,Weston Wilson,Baltimore Orioles,Trey Yesavage,FanDuel,645,0.1613,0.0724,0.0271,43,C,WATCH,,3.0,8.0,0.0,NO,,0.0
2026-05-30,MANUAL,Endy Rodríguez,Pittsburgh Pirates,Bailey Ober,FanDuel,553,0.1801,0.0709,0.0269,54,C,WATCH,7.0,5.0,8.0,0.0,NO,,
2026-05-30,MANUAL,Alejandro Osuna,Texas Rangers,Seth Lugo,BetMGM,484,0.198,0.0713,0.0268,63,B,WATCH,6.0,7.0,6.0,0.0,NO,,
2026-05-30,MANUAL,Ryan McMahon,New York Yankees,J.T. Ginn,DraftKings,606,0.168,0.0714,0.0264,47,C,WATCH,,3.0,7.0,0.0,NO,,0.0
2026-05-30,MANUAL,TJ Friedl,Cincinnati Reds,Martín Pérez,BetMGM,624,0.1645,0.0707,0.0264,46,C,WATCH,9.0,5.0,9.0,0.0,NO,,
2026-05-30,MANUAL,Danny Jansen,Texas Rangers,Seth Lugo,FanDuel,604,0.1681,0.0715,0.0261,47,C,WATCH,,4.0,7.0,0.0,NO,,0.0
2026-05-30,MANUAL,Mauricio Dubón,Atlanta Braves,Brady Singer,DraftKings,658,0.158,0.0709,0.0261,42,C,WATCH,,5.0,8.0,0.0,NO,,0.0
2026-05-30,MANUAL,Randy Arozarena,Seattle Mariners,Ryne Nelson,DraftKings,393,0.2288,0.0709,0.026,78,B,WATCH,4.0,5.0,1.0,0.0,NO,,
2026-05-30,MANUAL,Daniel Schneemann,Cleveland Guardians,Sonny Gray,BetMGM,485,0.1969,0.0709,0.026,62,B,WATCH,6.0,5.0,7.0,0.0,NO,,
2026-05-30,MANUAL,Cam Smith,Houston Astros,Brandon Sproat,DraftKings,485,0.1969,0.0709,0.026,62,B,WATCH,6.0,5.0,6.0,0.0,NO,,
2026-05-30,MANUAL,Angel Martínez,Cleveland Guardians,Sonny Gray,DraftKings,432,0.2138,0.0709,0.0259,71,B,WATCH,5.0,6.0,4.0,0.0,NO,,
2026-05-30,MANUAL,Gavin Sheets,San Diego Padres,Foster Griffin,DraftKings,443,0.2101,0.0709,0.0259,69,B,WATCH,2.0,6.0,4.0,0.0,NO,,
2026-05-30,MANUAL,Jeff McNeil,Athletics,Ryan Weathers,FanDuel,481,0.198,0.0709,0.0259,64,B,WATCH,,4.0,3.0,0.0,NO,,0.0
2026-05-30,MANUAL,Wenceel Pérez,Detroit Tigers,Anthony Kay,DraftKings,592,0.1703,0.0724,0.0258,47,C,WATCH,,4.0,7.0,0.0,NO,,0.0
2026-05-30,MANUAL,Dylan Crews,Washington Nationals,Michael King,BetMGM,609,0.1667,0.0709,0.0257,47,C,WATCH,,4.0,7.0,0.0,NO,,0.0
2026-05-30,MANUAL,Alex Freeland,Los Angeles Dodgers,Jesús Luzardo,DraftKings,439,0.2111,0.0706,0.0256,71,B,WATCH,,3.0,1.0,0.0,NO,,0.0
2026-05-30,MANUAL,Junior Caminero,Tampa Bay Rays,Reid Detmers,BetMGM,538,0.1824,0.0709,0.0256,55,B,WATCH,,4.0,6.0,0.0,NO,,0.0
2026-05-30,MANUAL,Nick Fortes,Tampa Bay Rays,Reid Detmers,DraftKings,547,0.1801,0.0709,0.0255,54,C,WATCH,7.0,6.0,7.0,0.0,NO,,
2026-05-30,MANUAL,Daylen Lile,Washington Nationals,Michael King,DraftKings,410,0.2213,0.0709,0.0253,74,B,WATCH,3.0,7.0,2.0,0.0,NO,,
2026-05-30,MANUAL,Angel Martínez,Cleveland Guardians,Sonny Gray,BetMGM,478,0.198,0.0709,0.025,63,B,WATCH,,4.0,3.0,0.0,NO,,0.0
2026-05-30,MANUAL,Adolis García,Philadelphia Phillies,Roki Sasaki,DraftKings,590,0.1699,0.0706,0.025,49,C,WATCH,8.0,6.0,9.0,0.0,NO,,
2026-05-30,MANUAL,Jo Adell,Los Angeles Angels,Drew Rasmussen,BetMGM,484,0.1959,0.0705,0.0247,79,B,WATCH,6.0,6.0,9.0,0.0,NO,,
2026-05-30,MANUAL,Daniel Susac,San Francisco Giants,Ryan Feltner,BetMGM,513,0.1876,0.0709,0.0244,58,B,WATCH,,5.0,5.0,0.0,NO,,0.0
2026-05-30,MANUAL,Willy Adames,San Francisco Giants,Ryan Feltner,DraftKings,461,0.2026,0.0709,0.0243,65,B,WATCH,1.0,6.0,5.0,0.0,NO,,
2026-05-30,MANUAL,Dalton Rushing,Los Angeles Dodgers,Jesús Luzardo,FanDuel,515,0.1869,0.0706,0.0243,58,B,WATCH,,2.0,5.0,0.0,NO,,0.0
2026-05-30,MANUAL,Luisangel Acuña,Chicago White Sox,Framber Valdez,DraftKings,542,0.1801,0.0709,0.0243,54,C,WATCH,7.0,5.0,8.0,0.0,NO,,
2026-05-30,MANUAL,Ryan Waldschmidt,Arizona Diamondbacks,Bryan Woo,BetMGM,479,0.1969,0.0709,0.0242,62,B,WATCH,6.0,5.0,6.0,0.0,NO,,
2026-05-30,MANUAL,Nolan Gorman,St. Louis Cardinals,Ben Brown,BetMGM,475,0.198,0.0709,0.0241,63,B,WATCH,,4.0,3.0,0.0,NO,,0.0
2026-05-30,MANUAL,Freddy Fermin,San Diego Padres,Foster Griffin,BetMGM,511,0.1876,0.0709,0.0239,58,B,WATCH,,3.0,5.0,0.0,NO,,0.0
2026-05-30,MANUAL,Willy Adames,San Francisco Giants,Ryan Feltner,FanDuel,600,0.1667,0.0709,0.0239,47,C,WATCH,,6.0,7.0,0.0,NO,,0.0
2026-05-30,MANUAL,JJ Wetherholt,St. Louis Cardinals,Ben Brown,FanDuel,459,0.2026,0.0709,0.0237,63,B,WATCH,1.0,5.0,5.0,0.0,NO,,
2026-05-30,MANUAL,Nicky Lopez,Texas Rangers,Seth Lugo,FanDuel,576,0.1716,0.0713,0.0237,49,C,WATCH,8.0,8.0,9.0,0.0,NO,,
2026-05-30,MANUAL,Nick Fortes,Tampa Bay Rays,Reid Detmers,FanDuel,485,0.1945,0.0709,0.0236,61,B,WATCH,,5.0,4.0,0.0,NO,,0.0
2026-05-30,MANUAL,Matt McLain,Cincinnati Reds,Martín Pérez,BetMGM,581,0.1701,0.0707,0.0233,47,C,WATCH,8.0,6.0,8.0,0.0,NO,,
2026-05-30,MANUAL,Seiya Suzuki,Chicago Cubs,Kyle Leahy,BetMGM,475,0.1969,0.0709,0.023,62,B,WATCH,6.0,5.0,6.0,0.0,NO,,
2026-05-30,MANUAL,Edgar Quero,Chicago White Sox,Framber Valdez,FanDuel,470,0.198,0.0709,0.0225,63,B,WATCH,,5.0,3.0,0.0,NO,,0.0
2026-05-30,MANUAL,Jake Meyers,Houston Astros,Brandon Sproat,FanDuel,575,0.1707,0.0709,0.0225,49,C,WATCH,8.0,6.0,9.0,0.0,NO,,
2026-05-30,MANUAL,Ben Williamson,Tampa Bay Rays,Reid Detmers,FanDuel,525,0.1824,0.0709,0.0224,55,B,WATCH,,4.0,6.0,0.0,NO,,0.0
2026-05-30,MANUAL,Jesús Sánchez,Toronto Blue Jays,Brandon Young,BetMGM,520,0.1834,0.0713,0.0221,55,B,WATCH,,4.0,6.0,0.0,NO,,0.0
2026-05-30,MANUAL,Kody Clemens,Minnesota Twins,Mitch Keller,FanDuel,382,0.2288,0.0709,0.0214,78,B,WATCH,4.0,6.0,1.0,0.0,NO,,
2026-05-30,MANUAL,Dansby Swanson,Chicago Cubs,Kyle Leahy,DraftKings,588,0.1667,0.0709,0.0214,46,C,WATCH,,5.0,7.0,0.0,NO,,0.0
2026-05-30,MANUAL,Brayan Rocchio,Cleveland Guardians,Sonny Gray,BetMGM,661,0.1528,0.0709,0.0214,39,D,WATCH,,4.0,8.0,0.0,NO,,0.0
2026-05-30,MANUAL,Marcelo Mayer,Boston Red Sox,Parker Messick,DraftKings,422,0.2129,0.0706,0.0213,70,B,WATCH,5.0,7.0,4.0,0.0,NO,,
2026-05-30,MANUAL,Carson Kelly,Chicago Cubs,Kyle Leahy,DraftKings,501,0.1876,0.0709,0.0212,57,B,WATCH,,6.0,5.0,0.0,NO,,0.0
2026-05-30,MANUAL,Edouard Julien,Colorado Rockies,Adrian Houser,DraftKings,520,0.1825,0.0709,0.0212,55,B,WATCH,,6.0,6.0,0.0,NO,,0.0
2026-05-30,MANUAL,Jake Bauers,Milwaukee Brewers,Peter Lambert,BetMGM,416,0.2149,0.0712,0.0211,70,B,WATCH,5.0,4.0,3.0,0.0,NO,,
2026-05-30,MANUAL,Bo Bichette,New York Mets,Tyler Phillips,BetMGM,429,0.2101,0.0709,0.021,68,B,WATCH,2.0,5.0,4.0,0.0,NO,,
2026-05-30,MANUAL,Nick Loftin,Kansas City Royals,Kumar Rocker,BetMGM,465,0.198,0.0709,0.021,63,B,WATCH,,5.0,3.0,0.0,NO,,0.0
2026-05-30,MANUAL,Austin Wells,New York Yankees,J.T. Ginn,DraftKings,495,0.189,0.0714,0.0209,58,B,WATCH,,5.0,5.0,0.0,NO,,0.0
2026-05-30,MANUAL,Yohendrick Piñango,Toronto Blue Jays,Brandon Young,DraftKings,623,0.1589,0.0713,0.0206,42,C,WATCH,,4.0,8.0,0.0,NO,,0.0
2026-05-30,MANUAL,Tyler Tolbert,Kansas City Royals,Kumar Rocker,BetMGM,397,0.2213,0.0709,0.0201,74,B,WATCH,3.0,7.0,3.0,0.0,NO,,
2026-05-30,MANUAL,Christian Walker,Houston Astros,Brandon Sproat,BetMGM,441,0.2049,0.0709,0.0201,67,B,WATCH,,3.0,2.0,0.0,NO,,0.0
2026-05-30,MANUAL,George Springer,Toronto Blue Jays,Brandon Young,FanDuel,493,0.1886,0.0713,0.02,57,B,WATCH,,5.0,5.0,0.0,NO,,0.0
2026-05-30,MANUAL,Tyler Tolbert,Kansas City Royals,Kumar Rocker,DraftKings,516,0.1824,0.0709,0.02,55,B,WATCH,,4.0,6.0,0.0,NO,,0.0
2026-05-30,MANUAL,Randal Grichuk,Chicago White Sox,Framber Valdez,FanDuel,378,0.2288,0.0709,0.0196,78,B,WATCH,4.0,6.0,1.0,0.0,NO,,
2026-05-30,MANUAL,Curtis Mead,Washington Nationals,Michael King,DraftKings,420,0.2119,0.0709,0.0196,70,B,WATCH,,3.0,1.0,0.0,NO,,0.0
2026-05-30,MANUAL,Ketel Marte,Arizona Diamondbacks,Bryan Woo,BetMGM,420,0.2119,0.0709,0.0196,70,B,WATCH,,3.0,1.0,0.0,NO,,0.0
2026-05-30,MANUAL,Nico Hoerner,Chicago Cubs,Kyle Leahy,DraftKings,425,0.2101,0.0709,0.0196,68,B,WATCH,2.0,6.0,4.0,0.0,NO,,
2026-05-30,MANUAL,Miguel Rojas,Los Angeles Dodgers,Jesús Luzardo,DraftKings,582,0.1661,0.0706,0.0195,46,C,WATCH,,3.0,6.0,0.0,NO,,0.0
2026-05-30,MANUAL,Michael Massey,Kansas City Royals,Kumar Rocker,DraftKings,622,0.158,0.0709,0.0195,41,C,WATCH,,6.0,8.0,0.0,NO,,0.0
2026-05-30,MANUAL,Mitch Garver,Seattle Mariners,Ryne Nelson,FanDuel,561,0.1707,0.0709,0.0194,48,C,WATCH,8.0,6.0,8.0,0.0,NO,,
2026-05-30,MANUAL,Heriberto Hernández,Miami Marlins,Christian Scott,DraftKings,649,0.1528,0.0709,0.0193,39,D,WATCH,,5.0,7.0,0.0,NO,,0.0
2026-05-30,MANUAL,Colson Montgomery,Chicago White Sox,Framber Valdez,DraftKings,438,0.2049,0.0709,0.0191,67,B,WATCH,,6.0,2.0,0.0,NO,,0.0
2026-05-30,MANUAL,Spencer Horwitz,Pittsburgh Pirates,Bailey Ober,FanDuel,445,0.2026,0.0709,0.0191,64,B,WATCH,1.0,6.0,6.0,0.0,NO,,
2026-05-30,MANUAL,Joey Ortiz,Milwaukee Brewers,Peter Lambert,DraftKings,556,0.1715,0.0712,0.0191,48,C,WATCH,8.0,5.0,8.0,0.0,NO,,
2026-05-30,MANUAL,Willy Adames,San Francisco Giants,Ryan Feltner,BetMGM,577,0.1667,0.0709,0.019,46,C,WATCH,,6.0,7.0,0.0,NO,,0.0
2026-05-30,MANUAL,Jakob Marsee,Miami Marlins,Christian Scott,DraftKings,413,0.2138,0.0709,0.0189,70,B,WATCH,5.0,4.0,2.0,0.0,NO,,
2026-05-30,MANUAL,JJ Bleday,Cincinnati Reds,Martín Pérez,BetMGM,514,0.1818,0.0707,0.0189,54,C,WATCH,,2.0,6.0,0.0,NO,,0.0
2026-05-30,MANUAL,Jake McCarthy,Colorado Rockies,Adrian Houser,BetMGM,446,0.202,0.0707,0.0188,64,B,WATCH,1.0,7.0,5.0,0.0,NO,,
2026-05-30,MANUAL,Myles Straw,Toronto Blue Jays,Brandon Young,BetMGM,463,0.1963,0.0707,0.0187,61,B,WATCH,6.0,8.0,7.0,0.0,NO,,
2026-05-30,MANUAL,Tyler Stephenson,Cincinnati Reds,Martín Pérez,BetMGM,522,0.1795,0.0707,0.0187,53,C,WATCH,7.0,7.0,7.0,0.0,NO,,
2026-05-30,MANUAL,Elly De La Cruz,Cincinnati Reds,Martín Pérez,DraftKings,424,0.2094,0.0707,0.0186,68,B,WATCH,2.0,8.0,4.0,0.0,NO,,
2026-05-30,MANUAL,Rafael Marchán,Philadelphia Phillies,Roki Sasaki,BetMGM,433,0.2062,0.0713,0.0186,67,B,WATCH,,3.0,2.0,0.0,NO,,0.0
2026-05-30,MANUAL,Andrés Giménez,Toronto Blue Jays,Brandon Young,BetMGM,571,0.1676,0.0713,0.0186,46,C,WATCH,,5.0,7.0,0.0,NO,,0.0
2026-05-30,MANUAL,Drew Millas,Washington Nationals,Michael King,FanDuel,617,0.158,0.0709,0.0186,41,C,WATCH,,4.0,8.0,0.0,NO,,0.0
2026-05-30,MANUAL,J.P. Crawford,Seattle Mariners,Ryne Nelson,DraftKings,443,0.2026,0.0709,0.0184,64,B,WATCH,1.0,7.0,5.0,0.0,NO,,
2026-05-30,MANUAL,Tim Tawa,Arizona Diamondbacks,Bryan Woo,DraftKings,574,0.1667,0.0709,0.0184,46,C,WATCH,,4.0,7.0,0.0,NO,,0.0
2026-05-30,MANUAL,Henry Bolte,Athletics,Ryan Weathers,BetMGM,644,0.1528,0.0709,0.0184,39,D,WATCH,,4.0,9.0,0.0,NO,,0.0
2026-05-30,MANUAL,Rhys Hoskins,Cleveland Guardians,Sonny Gray,BetMGM,375,0.2288,0.0709,0.0183,75,B,WATCH,4.0,7.0,2.0,0.0,NO,,
2026-05-30,MANUAL,Vaughn Grissom,Los Angeles Angels,Drew Rasmussen,DraftKings,509,0.1824,0.0709,0.0182,54,C,WATCH,,5.0,6.0,0.0,NO,,0.0
2026-05-30,MANUAL,David Hamilton,Milwaukee Brewers,Peter Lambert,DraftKings,506,0.1832,0.0712,0.0182,54,C,WATCH,,4.0,6.0,0.0,NO,,0.0
2026-05-30,MANUAL,Bryan Reynolds,Pittsburgh Pirates,Bailey Ober,DraftKings,392,0.2213,0.0709,0.0181,74,B,WATCH,3.0,7.0,2.0,0.0,NO,,
2026-05-30,MANUAL,Angel Martínez,Cleveland Guardians,Sonny Gray,FanDuel,456,0.198,0.0709,0.0181,63,B,WATCH,,5.0,3.0,0.0,NO,,0.0
2026-05-30,MANUAL,Moisés Ballesteros,Chicago Cubs,Kyle Leahy,BetMGM,517,0.1801,0.0709,0.018,53,C,WATCH,7.0,7.0,7.0,0.0,NO,,
2026-05-30,MANUAL,Xavier Edwards,Miami Marlins,Christian Scott,DraftKings,486,0.1885,0.0713,0.0179,77,B,WATCH,,4.0,4.0,0.0,NO,,0.0
2026-05-30,MANUAL,Derek Hill,Chicago White Sox,Framber Valdez,DraftKings,508,0.1824,0.0709,0.0179,54,C,WATCH,,3.0,6.0,0.0,NO,,0.0
2026-05-30,MANUAL,Dane Myers,Cincinnati Reds,Martín Pérez,DraftKings,616,0.1575,0.0707,0.0179,41,C,WATCH,,6.0,8.0,0.0,NO,,0.0
2026-05-30,MANUAL,Luis Rengifo,Milwaukee Brewers,Peter Lambert,DraftKings,445,0.2013,0.0721,0.0178,59,C,WATCH,,5.0,3.0,0.0,NO,,0.0
2026-05-30,MANUAL,Vladimir Guerrero Jr.,Toronto Blue Jays,Brandon Young,DraftKings,431,0.2061,0.0713,0.0177,66,B,WATCH,,6.0,2.0,0.0,NO,,0.0
2026-05-30,MANUAL,Pete Alonso,Baltimore Orioles,Trey Yesavage,DraftKings,371,0.2298,0.0712,0.0175,77,B,WATCH,4.0,5.0,1.0,0.0,NO,,
2026-05-30,MANUAL,Riley Greene,Detroit Tigers,Anthony Kay,FanDuel,403,0.2162,0.0723,0.0174,70,B,WATCH,,5.0,1.0,0.0,NO,,0.0
2026-05-30,MANUAL,Vaughn Grissom,Los Angeles Angels,Drew Rasmussen,FanDuel,390,0.2213,0.0709,0.0172,74,B,WATCH,3.0,7.0,2.0,0.0,NO,,
2026-05-30,MANUAL,Patrick Bailey,Cleveland Guardians,Sonny Gray,DraftKings,464,0.1945,0.0709,0.0172,61,B,WATCH,,4.0,4.0,0.0,NO,,0.0
2026-05-30,MANUAL,Geraldo Perdomo,Arizona Diamondbacks,Bryan Woo,BetMGM,505,0.1824,0.0709,0.0171,54,C,WATCH,,4.0,6.0,0.0,NO,,0.0
2026-05-30,MANUAL,Blake Perkins,Milwaukee Brewers,Peter Lambert,FanDuel,633,0.1536,0.0712,0.0171,38,D,WATCH,,6.0,9.0,0.0,NO,,0.0
2026-05-30,MANUAL,José Ramírez,Cleveland Guardians,Sonny Gray,FanDuel,463,0.1945,0.0709,0.0169,61,B,WATCH,,6.0,4.0,0.0,NO,,0.0
2026-05-30,MANUAL,Spencer Steer,Cincinnati Reds,Martín Pérez,DraftKings,570,0.1662,0.0707,0.0169,46,C,WATCH,,4.0,7.0,0.0,NO,,0.0
2026-05-30,MANUAL,Christopher Morel,Miami Marlins,Christian Scott,BetMGM,550,0.1707,0.0709,0.0168,48,C,WATCH,8.0,5.0,7.0,0.0,NO,,
2026-05-30,MANUAL,Drew Gilbert,San Francisco Giants,Ryan Feltner,FanDuel,608,0.158,0.0709,0.0168,41,C,WATCH,,4.0,8.0,0.0,NO,,0.0
2026-05-30,MANUAL,Jung Hoo Lee,San Francisco Giants,Ryan Feltner,DraftKings,407,0.2138,0.0709,0.0166,70,B,WATCH,5.0,7.0,3.0,0.0,NO,,
2026-05-30,MANUAL,Yandy Díaz,Tampa Bay Rays,Reid Detmers,DraftKings,485,0.1876,0.0709,0.0166,57,B,WATCH,,4.0,5.0,0.0,NO,,0.0
2026-05-30,MANUAL,P.J. Higgins,Cincinnati Reds,Martín Pérez,DraftKings,487,0.187,0.0707,0.0166,57,B,WATCH,,5.0,5.0,0.0,NO,,0.0
2026-05-30,MANUAL,Andrés Chaparro,Washington Nationals,Michael King,BetMGM,430,0.2049,0.0709,0.0163,66,B,WATCH,,4.0,2.0,0.0,NO,,0.0
2026-05-30,MANUAL,Daniel Susac,San Francisco Giants,Ryan Feltner,FanDuel,483,0.1876,0.0709,0.016,57,B,WATCH,,5.0,5.0,0.0,NO,,0.0
2026-05-30,MANUAL,A.J. Ewing,New York Mets,Tyler Phillips,FanDuel,501,0.1824,0.0709,0.016,54,C,WATCH,,4.0,6.0,0.0,NO,,0.0
2026-05-30,MANUAL,Sam Antonacci,Chicago White Sox,Framber Valdez,BetMGM,631,0.1528,0.0709,0.016,38,D,WATCH,,5.0,9.0,0.0,NO,,0.0
2026-05-30,MANUAL,Jackson Holliday,Baltimore Orioles,Trey Yesavage,BetMGM,543,0.1714,0.0712,0.0159,46,C,WATCH,8.0,6.0,8.0,0.0,NO,,
2026-05-30,MANUAL,Wade Meckler,Los Angeles Angels,Drew Rasmussen,BetMGM,405,0.2138,0.0709,0.0158,70,B,WATCH,5.0,8.0,3.0,0.0,NO,,
2026-05-30,MANUAL,Jorge Barrosa,Arizona Diamondbacks,Bryan Woo,FanDuel,603,0.158,0.0709,0.0158,41,C,WATCH,,5.0,8.0,0.0,NO,,0.0
2026-05-30,MANUAL,Ketel Marte,Arizona Diamondbacks,Bryan Woo,FanDuel,435,0.2026,0.0709,0.0157,64,B,WATCH,1.0,6.0,5.0,0.0,NO,,
2026-05-30,MANUAL,Dalton Rushing,Los Angeles Dodgers,Jesús Luzardo,BetMGM,484,0.1869,0.0706,0.0157,57,B,WATCH,,4.0,5.0,0.0,NO,,0.0
2026-05-30,MANUAL,Julio Rodríguez,Seattle Mariners,Ryne Nelson,BetMGM,629,0.1528,0.0709,0.0157,38,D,WATCH,,6.0,9.0,0.0,NO,,0.0
2026-05-30,MANUAL,Luis García Jr.,Washington Nationals,Michael King,FanDuel,448,0.198,0.0709,0.0155,62,B,WATCH,,5.0,3.0,0.0,NO,,0.0
2026-05-30,MANUAL,Manny Machado,San Diego Padres,Foster Griffin,FanDuel,409,0.2119,0.0709,0.0154,70,B,WATCH,,4.0,1.0,0.0,NO,,0.0
2026-05-30,MANUAL,Jackson Chourio,Milwaukee Brewers,Peter Lambert,BetMGM,411,0.2111,0.0712,0.0154,68,B,WATCH,2.0,6.0,4.0,0.0,NO,,
2026-05-30,MANUAL,Austin Hedges,Cleveland Guardians,Sonny Gray,DraftKings,601,0.158,0.0709,0.0154,41,C,WATCH,,7.0,7.0,0.0,NO,,0.0
2026-05-30,MANUAL,Sandy León,Atlanta Braves,Brady Singer,DraftKings,458,0.1945,0.0709,0.0153,60,B,WATCH,,4.0,4.0,0.0,NO,,0.0
2026-05-30,MANUAL,Zack Short,Detroit Tigers,Anthony Kay,BetMGM,610,0.1561,0.0724,0.0153,38,D,WATCH,,6.0,9.0,0.0,NO,,0.0
2026-05-30,MANUAL,Chandler Simpson,Tampa Bay Rays,Reid Detmers,DraftKings,403,0.2138,0.0709,0.015,69,B,WATCH,5.0,7.0,3.0,0.0,NO,,
2026-05-30,MANUAL,Brice Turang,Milwaukee Brewers,Peter Lambert,DraftKings,423,0.2059,0.0712,0.0147,66,B,WATCH,,4.0,2.0,0.0,NO,,0.0
2026-05-30,MANUAL,Brett Sullivan,Colorado Rockies,Adrian Houser,BetMGM,455,0.1946,0.0709,0.0145,60,B,WATCH,,5.0,4.0,0.0,NO,,0.0
2026-05-30,MANUAL,Isaac Collins,Kansas City Royals,Kumar Rocker,BetMGM,503,0.1801,0.0709,0.0142,52,C,WATCH,7.0,8.0,8.0,0.0,NO,,
2026-05-30,MANUAL,Logan O'Hoppe,Los Angeles Angels,Drew Rasmussen,BetMGM,481,0.1859,0.0703,0.0138,67,B,WATCH,,4.0,5.0,0.0,NO,,0.0
2026-05-30,MANUAL,Oliver Dunn,Tampa Bay Rays,Reid Detmers,BetMGM,554,0.1667,0.0709,0.0138,45,C,WATCH,,6.0,7.0,0.0,NO,,0.0
2026-05-30,MANUAL,Trevor Larnach,Minnesota Twins,Mitch Keller,FanDuel,409,0.2101,0.0709,0.0136,67,B,WATCH,2.0,7.0,4.0,0.0,NO,,
2026-05-30,MANUAL,Rhys Hoskins,Cleveland Guardians,Sonny Gray,DraftKings,404,0.2119,0.0709,0.0135,70,B,WATCH,,5.0,1.0,0.0,NO,,0.0
2026-05-30,MANUAL,Joc Pederson,Texas Rangers,Seth Lugo,BetMGM,469,0.1891,0.0715,0.0134,57,B,WATCH,,4.0,5.0,0.0,NO,,0.0
2026-05-30,MANUAL,Nick Kurtz,Athletics,Ryan Weathers,DraftKings,408,0.2101,0.0709,0.0132,68,B,WATCH,2.0,7.0,4.0,0.0,NO,,
2026-05-30,MANUAL,Victor Caratini,Minnesota Twins,Mitch Keller,BetMGM,443,0.1969,0.0709,0.0128,61,B,WATCH,6.0,8.0,7.0,0.0,NO,,
2026-05-30,MANUAL,Ezequiel Duran,Texas Rangers,Seth Lugo,FanDuel,435,0.1996,0.0715,0.0127,62,B,WATCH,,5.0,3.0,0.0,NO,,0.0
2026-05-30,MANUAL,Joey Ortiz,Milwaukee Brewers,Peter Lambert,FanDuel,545,0.1675,0.0712,0.0125,45,C,WATCH,,5.0,7.0,0.0,NO,,0.0
2026-05-30,MANUAL,Patrick Wisdom,Seattle Mariners,Ryne Nelson,BetMGM,488,0.1824,0.0709,0.0123,54,C,WATCH,,5.0,6.0,0.0,NO,,0.0
2026-05-30,MANUAL,Jeremiah Jackson,Baltimore Orioles,Trey Yesavage,FanDuel,551,0.1658,0.0712,0.0122,45,C,WATCH,9.0,7.0,9.0,0.0,NO,,
2026-05-30,MANUAL,Kyle Isbel,Kansas City Royals,Kumar Rocker,FanDuel,611,0.1528,0.0709,0.0122,38,D,WATCH,,7.0,9.0,0.0,NO,,0.0
2026-05-30,MANUAL,Cam Smith,Houston Astros,Brandon Sproat,BetMGM,487,0.1824,0.0709,0.012,54,C,WATCH,,5.0,6.0,0.0,NO,,0.0
2026-05-30,MANUAL,Willi Castro,Colorado Rockies,Adrian Houser,BetMGM,545,0.1668,0.0709,0.0118,45,C,WATCH,,7.0,7.0,0.0,NO,,0.0
2026-05-30,MANUAL,Gunnar Henderson,Baltimore Orioles,Trey Yesavage,DraftKings,592,0.156,0.0724,0.0115,38,D,WATCH,,5.0,9.0,0.0,NO,,0.0
2026-05-30,MANUAL,Austin Martin,Minnesota Twins,Mitch Keller,FanDuel,581,0.158,0.0709,0.0112,40,C,WATCH,,6.0,8.0,0.0,NO,,0.0
2026-05-30,MANUAL,Spencer Torkelson,Detroit Tigers,Anthony Kay,DraftKings,389,0.2152,0.0714,0.0107,69,B,WATCH,5.0,9.0,4.0,0.0,NO,,
2026-05-30,MANUAL,Daulton Varsho,Toronto Blue Jays,Brandon Young,BetMGM,596,0.1541,0.0715,0.0104,38,D,WATCH,,7.0,9.0,0.0,NO,,0.0
2026-05-30,MANUAL,Xander Bogaerts,San Diego Padres,Foster Griffin,BetMGM,539,0.1667,0.0709,0.0102,45,C,WATCH,,5.0,7.0,0.0,NO,,0.0
2026-05-30,MANUAL,Owen Caissie,Miami Marlins,Christian Scott,FanDuel,539,0.1667,0.0709,0.0102,45,C,WATCH,,6.0,6.0,0.0,NO,,0.0
2026-05-30,MANUAL,Hao-Yu  Lee,Detroit Tigers,Anthony Kay,BetMGM,561,0.1613,0.0723,0.01,41,C,WATCH,,6.0,8.0,0.0,NO,,0.0
2026-05-30,MANUAL,Alex Call,Los Angeles Dodgers,Jesús Luzardo,BetMGM,524,0.1701,0.0706,0.0098,47,C,WATCH,8.0,6.0,8.0,0.0,NO,,
2026-05-30,MANUAL,Miguel Amaya,Chicago Cubs,Kyle Leahy,DraftKings,521,0.1707,0.0709,0.0097,47,C,WATCH,8.0,8.0,8.0,0.0,NO,,
2026-05-30,MANUAL,Konnor Griffin,Pittsburgh Pirates,Bailey Ober,BetMGM,537,0.1667,0.0709,0.0097,45,C,WATCH,,5.0,7.0,0.0,NO,,0.0
2026-05-30,MANUAL,Jackson Chourio,Milwaukee Brewers,Peter Lambert,DraftKings,570,0.1588,0.0712,0.0096,40,C,WATCH,,6.0,8.0,0.0,NO,,0.0
2026-05-30,MANUAL,Jared Triolo,Pittsburgh Pirates,Bailey Ober,DraftKings,430,0.198,0.0709,0.0093,62,B,WATCH,,7.0,3.0,0.0,NO,,0.0
2026-05-30,MANUAL,Jeremy Peña,Houston Astros,Brandon Sproat,DraftKings,461,0.1876,0.0709,0.0093,56,B,WATCH,,6.0,5.0,0.0,NO,,0.0
2026-05-30,MANUAL,Trea Turner,Philadelphia Phillies,Roki Sasaki,DraftKings,568,0.159,0.0713,0.0093,40,C,WATCH,,6.0,8.0,0.0,NO,,0.0
2026-05-30,MANUAL,Isaac Collins,Kansas City Royals,Kumar Rocker,DraftKings,535,0.1667,0.0709,0.0092,45,C,WATCH,,8.0,7.0,0.0,NO,,0.0
2026-05-30,MANUAL,Rodolfo Durán,San Diego Padres,Foster Griffin,BetMGM,596,0.1528,0.0709,0.0092,37,D,WATCH,,5.0,9.0,0.0,NO,,0.0
2026-05-30,MANUAL,Sam Haggerty,Texas Rangers,Seth Lugo,DraftKings,429,0.198,0.0713,0.009,60,B,WATCH,6.0,9.0,7.0,0.0,NO,,
2026-05-30,MANUAL,Andruw Monasterio,Boston Red Sox,Parker Messick,DraftKings,473,0.1835,0.0713,0.009,53,C,WATCH,,4.0,6.0,0.0,NO,,0.0
2026-05-30,MANUAL,José Caballero,New York Yankees,J.T. Ginn,FanDuel,589,0.154,0.0714,0.0089,37,D,WATCH,,7.0,9.0,0.0,NO,,0.0
2026-05-30,MANUAL,Brooks Lee,Minnesota Twins,Mitch Keller,DraftKings,476,0.1824,0.0709,0.0087,53,C,WATCH,,7.0,6.0,0.0,NO,,0.0
2026-05-30,MANUAL,Gabriel Moreno,Arizona Diamondbacks,Bryan Woo,DraftKings,437,0.1945,0.0709,0.0083,60,B,WATCH,,6.0,4.0,0.0,NO,,0.0
2026-05-30,MANUAL,Nick Gonzales,Pittsburgh Pirates,Bailey Ober,FanDuel,353,0.2288,0.0709,0.0081,76,B,WATCH,4.0,8.0,1.0,0.0,NO,,
2026-05-30,MANUAL,Tyler Soderstrom,Athletics,Ryan Weathers,DraftKings,567,0.158,0.0709,0.0081,40,C,WATCH,,5.0,8.0,0.0,NO,,0.0
2026-05-30,MANUAL,Garrett Stubbs,Philadelphia Phillies,Roki Sasaki,BetMGM,453,0.1887,0.0713,0.0079,56,B,WATCH,,4.0,5.0,0.0,NO,,0.0
2026-05-30,MANUAL,Elly De La Cruz,Cincinnati Reds,Martín Pérez,FanDuel,427,0.1973,0.0707,0.0076,61,B,WATCH,,6.0,3.0,0.0,NO,,0.0
2026-05-30,MANUAL,Joe Mack,Miami Marlins,Christian Scott,DraftKings,535,0.1651,0.0709,0.0076,44,C,WATCH,9.0,6.0,8.0,0.0,NO,,
2026-05-30,MANUAL,Ernie Clement,Toronto Blue Jays,Brandon Young,DraftKings,481,0.1795,0.0707,0.0074,52,C,WATCH,7.0,9.0,8.0,0.0,NO,,
2026-05-30,MANUAL,Hayden Senger,New York Mets,Tyler Phillips,FanDuel,587,0.1528,0.0709,0.0073,37,D,WATCH,,5.0,9.0,0.0,NO,,0.0
2026-05-30,MANUAL,Alec Burleson,St. Louis Cardinals,Ben Brown,DraftKings,367,0.2213,0.0709,0.0072,72,B,WATCH,3.0,6.0,2.0,0.0,NO,,
2026-05-30,MANUAL,Austin Wells,New York Yankees,J.T. Ginn,FanDuel,450,0.189,0.0714,0.0072,56,B,WATCH,,5.0,5.0,0.0,NO,,0.0
2026-05-30,MANUAL,Isiah Kiner-Falefa,Boston Red Sox,Parker Messick,FanDuel,523,0.1678,0.0713,0.0072,45,C,WATCH,,5.0,7.0,0.0,NO,,0.0
2026-05-30,MANUAL,Cedric Mullins,Tampa Bay Rays,Reid Detmers,FanDuel,563,0.158,0.0709,0.0072,40,C,WATCH,,7.0,8.0,0.0,NO,,0.0
2026-05-30,MANUAL,J.P. Crawford,Seattle Mariners,Ryne Nelson,FanDuel,526,0.1667,0.0709,0.007,45,C,WATCH,,6.0,7.0,0.0,NO,,0.0
2026-05-30,MANUAL,Jake Mangum,Pittsburgh Pirates,Bailey Ober,DraftKings,562,0.158,0.0709,0.007,40,C,WATCH,,5.0,8.0,0.0,NO,,0.0
2026-05-30,MANUAL,Paul Goldschmidt,New York Yankees,J.T. Ginn,BetMGM,384,0.2135,0.0714,0.0069,69,B,WATCH,,6.0,1.0,0.0,NO,,0.0
2026-05-30,MANUAL,Brandon Lowe,Pittsburgh Pirates,Bailey Ober,DraftKings,433,0.1945,0.0709,0.0069,59,B,WATCH,,6.0,4.0,0.0,NO,,0.0
2026-05-30,MANUAL,Bobby Witt Jr.,Kansas City Royals,Kumar Rocker,DraftKings,561,0.158,0.0709,0.0068,40,C,WATCH,,5.0,8.0,0.0,NO,,0.0
2026-05-30,MANUAL,Tristan Peters,Chicago White Sox,Framber Valdez,FanDuel,350,0.2288,0.0709,0.0066,76,B,WATCH,4.0,7.0,2.0,0.0,NO,,
2026-05-30,MANUAL,Jorbit Vivas,Washington Nationals,Michael King,BetMGM,469,0.1824,0.0709,0.0066,53,C,WATCH,,6.0,6.0,0.0,NO,,0.0
2026-05-30,MANUAL,Luke Keaschall,Minnesota Twins,Mitch Keller,DraftKings,386,0.2119,0.0709,0.0061,69,B,WATCH,,4.0,1.0,0.0,NO,,0.0
2026-05-30,MANUAL,Braxton Fulford,Colorado Rockies,Adrian Houser,DraftKings,450,0.1877,0.0709,0.0059,56,B,WATCH,,7.0,5.0,0.0,NO,,0.0
2026-05-30,MANUAL,Ramón Laureano,San Diego Padres,Foster Griffin,BetMGM,507,0.1707,0.0709,0.0059,47,C,WATCH,8.0,7.0,8.0,0.0,NO,,
2026-05-30,MANUAL,Andrew Benintendi,Chicago White Sox,Framber Valdez,DraftKings,557,0.158,0.0709,0.0058,40,C,WATCH,,6.0,8.0,0.0,NO,,0.0
2026-05-30,MANUAL,Byron Buxton,Minnesota Twins,Mitch Keller,FanDuel,450,0.1876,0.0709,0.0057,56,B,WATCH,,5.0,5.0,0.0,NO,,0.0
2026-05-30,MANUAL,Paul Goldschmidt,New York Yankees,J.T. Ginn,DraftKings,424,0.1963,0.0706,0.0054,60,B,WATCH,6.0,7.0,6.0,0.0,NO,,
2026-05-30,MANUAL,Matt Chapman,San Francisco Giants,Ryan Feltner,BetMGM,465,0.1824,0.0709,0.0054,53,C,WATCH,,7.0,6.0,0.0,NO,,0.0
2026-05-30,MANUAL,Henry Davis,Pittsburgh Pirates,Bailey Ober,DraftKings,428,0.1945,0.0709,0.0051,59,B,WATCH,,6.0,4.0,0.0,NO,,0.0
2026-05-30,MANUAL,Alec Burleson,St. Louis Cardinals,Ben Brown,FanDuel,400,0.2049,0.0709,0.0049,65,B,WATCH,,3.0,2.0,0.0,NO,,0.0
2026-05-30,MANUAL,José Fermín,St. Louis Cardinals,Ben Brown,FanDuel,518,0.1667,0.0709,0.0049,44,C,WATCH,,4.0,6.0,0.0,NO,,0.0
2026-05-30,MANUAL,Sebastián Rivero,Los Angeles Angels,Drew Rasmussen,FanDuel,427,0.1945,0.0709,0.0048,59,B,WATCH,,6.0,4.0,0.0,NO,,0.0
2026-05-30,MANUAL,Sam Haggerty,Texas Rangers,Seth Lugo,BetMGM,570,0.1541,0.0715,0.0048,37,D,WATCH,,7.0,9.0,0.0,NO,,0.0
2026-05-30,MANUAL,Rodolfo Durán,San Diego Padres,Foster Griffin,FanDuel,426,0.1945,0.0709,0.0044,59,B,WATCH,,6.0,4.0,0.0,NO,,0.0
2026-05-30,MANUAL,Mitch Garver,Seattle Mariners,Ryne Nelson,BetMGM,426,0.1945,0.0709,0.0044,59,B,WATCH,,7.0,4.0,0.0,NO,,0.0
2026-05-30,MANUAL,Brice Turang,Milwaukee Brewers,Peter Lambert,FanDuel,358,0.2224,0.0712,0.0041,70,B,WATCH,3.0,7.0,2.0,0.0,NO,,
2026-05-30,MANUAL,Elly De La Cruz,Cincinnati Reds,Martín Pérez,BetMGM,417,0.1973,0.0707,0.0039,61,B,WATCH,,7.0,3.0,0.0,NO,,0.0
2026-05-30,MANUAL,Orlando Arcia,Minnesota Twins,Mitch Keller,DraftKings,513,0.1667,0.0709,0.0036,44,C,WATCH,,7.0,7.0,0.0,NO,,0.0
2026-05-30,MANUAL,Victor Scott II,St. Louis Cardinals,Ben Brown,DraftKings,570,0.1528,0.0709,0.0036,37,D,WATCH,,5.0,8.0,0.0,NO,,0.0
2026-05-30,MANUAL,James Wood,Washington Nationals,Michael King,FanDuel,401,0.2026,0.0709,0.003,62,B,WATCH,1.0,8.0,7.0,0.0,NO,,
2026-05-30,MANUAL,Edouard Julien,Colorado Rockies,Adrian Houser,BetMGM,498,0.1702,0.0707,0.003,46,C,WATCH,8.0,8.0,8.0,0.0,NO,,
2026-05-30,MANUAL,Bryan Reynolds,Pittsburgh Pirates,Bailey Ober,FanDuel,395,0.2049,0.0709,0.0029,65,B,WATCH,,7.0,2.0,0.0,NO,,0.0
2026-05-30,MANUAL,Brandon Lowe,Pittsburgh Pirates,Bailey Ober,FanDuel,422,0.1945,0.0709,0.0029,59,B,WATCH,,6.0,4.0,0.0,NO,,0.0
2026-05-30,MANUAL,Christian Yelich,Milwaukee Brewers,Peter Lambert,DraftKings,439,0.1885,0.0712,0.0029,55,B,WATCH,,5.0,5.0,0.0,NO,,0.0
2026-05-30,MANUAL,José Fermín,St. Louis Cardinals,Ben Brown,BetMGM,510,0.1667,0.0709,0.0028,44,C,WATCH,,6.0,6.0,0.0,NO,,0.0
2026-05-30,MANUAL,Carson Benge,New York Mets,Tyler Phillips,BetMGM,440,0.1876,0.0709,0.0024,55,B,WATCH,,6.0,5.0,0.0,NO,,0.0
2026-05-30,MANUAL,Anthony Volpe,New York Yankees,J.T. Ginn,DraftKings,537,0.1592,0.0714,0.0023,39,D,WATCH,,5.0,8.0,0.0,NO,,0.0
2026-05-30,MANUAL,Daniel Schneemann,Cleveland Guardians,Sonny Gray,DraftKings,564,0.1528,0.0709,0.0022,37,D,WATCH,,7.0,9.0,0.0,NO,,0.0
2026-05-30,MANUAL,Jarren Duran,Boston Red Sox,Parker Messick,BetMGM,401,0.2017,0.0706,0.0021,62,B,WATCH,1.0,8.0,6.0,0.0,NO,,
2026-05-30,MANUAL,Sung-Mun Song,San Diego Padres,Foster Griffin,DraftKings,410,0.198,0.0709,0.0019,61,B,WATCH,,6.0,3.0,0.0,NO,,0.0
2026-05-30,MANUAL,Nolan Gorman,St. Louis Cardinals,Ben Brown,DraftKings,410,0.198,0.0709,0.0019,61,B,WATCH,,4.0,3.0,0.0,NO,,0.0
2026-05-30,MANUAL,Willson Contreras,Boston Red Sox,Parker Messick,FanDuel,373,0.2132,0.0713,0.0018,68,B,WATCH,,6.0,1.0,0.0,NO,,0.0
2026-05-30,MANUAL,Ryan Vilade,Tampa Bay Rays,Reid Detmers,FanDuel,376,0.2119,0.0709,0.0018,68,B,WATCH,,6.0,1.0,0.0,NO,,0.0
2026-05-30,MANUAL,Spencer Steer,Cincinnati Reds,Martín Pérez,BetMGM,373,0.2131,0.0707,0.0017,68,B,WATCH,5.0,9.0,3.0,0.0,NO,,
2026-05-30,MANUAL,Jake Mangum,Pittsburgh Pirates,Bailey Ober,BetMGM,491,0.1707,0.0709,0.0015,46,C,WATCH,8.0,9.0,9.0,0.0,NO,,
2026-05-30,MANUAL,Randy Arozarena,Seattle Mariners,Ryne Nelson,FanDuel,538,0.158,0.0709,0.0013,39,D,WATCH,,7.0,8.0,0.0,NO,,0.0
2026-05-30,MANUAL,Victor Scott II,St. Louis Cardinals,Ben Brown,BetMGM,560,0.1528,0.0709,0.0013,36,D,WATCH,,5.0,8.0,0.0,NO,,0.0
2026-05-30,MANUAL,Donovan Walton,Los Angeles Angels,Drew Rasmussen,FanDuel,374,0.2119,0.0709,0.0009,68,B,WATCH,,5.0,1.0,0.0,NO,,0.0
2026-05-30,MANUAL,Nicky Lopez,Texas Rangers,Seth Lugo,DraftKings,531,0.1593,0.0715,0.0009,39,D,WATCH,,6.0,8.0,0.0,NO,,0.0
2026-05-30,MANUAL,Nasim Nuñez,Washington Nationals,Michael King,FanDuel,558,0.1528,0.0709,0.0009,36,D,WATCH,,7.0,9.0,0.0,NO,,0.0
2026-05-30,MANUAL,Anthony Volpe,New York Yankees,J.T. Ginn,BetMGM,531,0.1592,0.0714,0.0008,39,D,WATCH,,7.0,8.0,0.0,NO,,0.0
2026-05-30,MANUAL,Caleb Durbin,Boston Red Sox,Parker Messick,FanDuel,552,0.1538,0.0713,0.0004,36,D,WATCH,,7.0,9.0,0.0,NO,,0.0
2026-05-30,MANUAL,Jackson Merrill,San Diego Padres,Foster Griffin,BetMGM,367,0.2138,0.0709,-0.0003,68,C,WATCH,5.0,8.0,3.0,0.0,NO,,
2026-05-30,MANUAL,Freddie Freeman,Los Angeles Dodgers,Jesús Luzardo,DraftKings,389,0.2042,0.0706,-0.0003,64,C,WATCH,,5.0,2.0,0.0,NO,,0.0
2026-05-30,MANUAL,P.J. Higgins,Cincinnati Reds,Martín Pérez,FanDuel,433,0.187,0.0707,-0.0007,55,C,WATCH,,4.0,5.0,0.0,NO,,0.0
2026-05-30,MANUAL,Alex Jackson,Minnesota Twins,Mitch Keller,BetMGM,431,0.1876,0.0709,-0.0008,55,C,WATCH,,6.0,5.0,0.0,NO,,0.0
2026-05-30,MANUAL,Otto Lopez,Miami Marlins,Christian Scott,BetMGM,602,0.1411,0.0705,-0.0014,25,D,WATCH,,6.0,8.0,0.0,NO,,0.0
2026-05-30,MANUAL,Brandon Marsh,Philadelphia Phillies,Roki Sasaki,DraftKings,544,0.1538,0.0713,-0.0015,36,D,WATCH,,7.0,9.0,0.0,NO,,0.0
2026-05-30,MANUAL,Miguel Amaya,Chicago Cubs,Kyle Leahy,FanDuel,410,0.1945,0.0709,-0.0016,58,C,WATCH,,6.0,4.0,0.0,NO,,0.0
2026-05-30,MANUAL,Kyle Higashioka,Texas Rangers,Seth Lugo,DraftKings,405,0.1961,0.0715,-0.0019,59,C,WATCH,,9.0,4.0,0.0,NO,,0.0
2026-05-30,MANUAL,Hao-Yu  Lee,Detroit Tigers,Anthony Kay,DraftKings,512,0.1613,0.0723,-0.0021,39,D,WATCH,,8.0,8.0,0.0,NO,,0.0
2026-05-30,MANUAL,Jahmai Jones,Detroit Tigers,Anthony Kay,BetMGM,431,0.1861,0.0723,-0.0022,52,C,WATCH,,4.0,6.0,0.0,NO,,0.0
2026-05-30,MANUAL,Sebastián Rivero,Los Angeles Angels,Drew Rasmussen,DraftKings,545,0.1528,0.0709,-0.0022,36,D,WATCH,,6.0,9.0,0.0,NO,,0.0
2026-05-30,MANUAL,Carter Jensen,Kansas City Royals,Kumar Rocker,BetMGM,426,0.1876,0.0709,-0.0025,55,C,WATCH,,6.0,5.0,0.0,NO,,0.0
2026-05-30,MANUAL,Ramón Laureano,San Diego Padres,Foster Griffin,FanDuel,523,0.158,0.0709,-0.0025,39,D,WATCH,,6.0,8.0,0.0,NO,,0.0
2026-05-30,MANUAL,Ben Williamson,Tampa Bay Rays,Reid Detmers,BetMGM,401,0.1969,0.0709,-0.0027,59,C,WATCH,6.0,8.0,6.0,0.0,NO,,
2026-05-30,MANUAL,Nick Sogard,Boston Red Sox,Parker Messick,BetMGM,518,0.159,0.0713,-0.0028,39,D,WATCH,,6.0,8.0,0.0,NO,,0.0
2026-05-30,MANUAL,Randal Grichuk,Chicago White Sox,Framber Valdez,DraftKings,406,0.1945,0.0709,-0.0031,58,C,WATCH,,7.0,4.0,0.0,NO,,0.0
2026-05-30,MANUAL,Trea Turner,Philadelphia Phillies,Roki Sasaki,FanDuel,517,0.159,0.0713,-0.0031,39,D,WATCH,,6.0,8.0,0.0,NO,,0.0
2026-05-30,MANUAL,Hayden Senger,New York Mets,Tyler Phillips,BetMGM,540,0.1528,0.0709,-0.0034,36,D,WATCH,,7.0,9.0,0.0,NO,,0.0
2026-05-30,MANUAL,Cole Young,Seattle Mariners,Ryne Nelson,BetMGM,399,0.1969,0.0709,-0.0035,57,C,WATCH,6.0,8.0,6.0,0.0,NO,,
2026-05-30,MANUAL,Caleb Durbin,Boston Red Sox,Parker Messick,BetMGM,484,0.1678,0.0713,-0.0035,43,C,WATCH,,4.0,7.0,0.0,NO,,0.0
2026-05-30,MANUAL,Zack Short,Detroit Tigers,Anthony Kay,DraftKings,527,0.156,0.0723,-0.0035,36,D,WATCH,,7.0,9.0,0.0,NO,,0.0
2026-05-30,MANUAL,Adam Frazier,Los Angeles Angels,Drew Rasmussen,DraftKings,385,0.2026,0.0709,-0.0036,62,C,WATCH,1.0,9.0,8.0,0.0,NO,,
2026-05-30,MANUAL,Oswald Peraza,Los Angeles Angels,Drew Rasmussen,DraftKings,487,0.1667,0.0709,-0.0036,43,C,WATCH,,7.0,7.0,0.0,NO,,0.0
2026-05-30,MANUAL,Jake Meyers,Houston Astros,Brandon Sproat,DraftKings,518,0.158,0.0709,-0.0038,39,D,WATCH,,6.0,8.0,0.0,NO,,0.0
2026-05-30,MANUAL,Gavin Sheets,San Diego Padres,Foster Griffin,FanDuel,404,0.1945,0.0709,-0.0039,58,C,WATCH,,7.0,4.0,0.0,NO,,0.0
2026-05-30,MANUAL,Gunnar Henderson,Baltimore Orioles,Trey Yesavage,BetMGM,524,0.156,0.0724,-0.0043,36,D,WATCH,,5.0,9.0,0.0,NO,,0.0
2026-05-30,MANUAL,Ozzie Albies,Atlanta Braves,Brady Singer,FanDuel,362,0.2119,0.0709,-0.0046,67,C,WATCH,,6.0,1.0,0.0,NO,,0.0
2026-05-30,MANUAL,Jonathan Aranda,Tampa Bay Rays,Reid Detmers,BetMGM,402,0.1945,0.0709,-0.0047,58,C,WATCH,,8.0,4.0,0.0,NO,,0.0
2026-05-30,MANUAL,Alika Williams,Athletics,Ryan Weathers,DraftKings,489,0.1651,0.0709,-0.0047,43,C,WATCH,9.0,8.0,9.0,0.0,NO,,
2026-05-30,MANUAL,Max Muncy,Los Angeles Dodgers,Jesús Luzardo,BetMGM,395,0.1973,0.0706,-0.0048,60,C,WATCH,,6.0,3.0,0.0,NO,,0.0
2026-05-30,MANUAL,Samuel Basallo,Baltimore Orioles,Trey Yesavage,BetMGM,391,0.1985,0.0724,-0.0051,58,C,WATCH,,7.0,4.0,0.0,NO,,0.0
2026-05-30,MANUAL,Isiah Kiner-Falefa,Boston Red Sox,Parker Messick,DraftKings,389,0.1992,0.0713,-0.0053,60,C,WATCH,,6.0,3.0,0.0,NO,,0.0
2026-05-30,MANUAL,Masyn Winn,St. Louis Cardinals,Ben Brown,DraftKings,433,0.1824,0.0709,-0.0053,51,C,WATCH,,6.0,5.0,0.0,NO,,0.0
2026-05-30,MANUAL,Darell Hernaiz,Athletics,Ryan Weathers,DraftKings,481,0.1667,0.0709,-0.0054,43,C,WATCH,,7.0,7.0,0.0,NO,,0.0
2026-05-30,MANUAL,Zach Neto,Los Angeles Angels,Drew Rasmussen,FanDuel,415,0.1885,0.0712,-0.0057,58,C,WATCH,,8.0,5.0,0.0,NO,,0.0
2026-05-30,MANUAL,Kyle Karros,Colorado Rockies,Adrian Houser,BetMGM,510,0.1581,0.0709,-0.0058,38,D,WATCH,,8.0,8.0,0.0,NO,,0.0
2026-05-30,MANUAL,Max Muncy,Los Angeles Dodgers,Jesús Luzardo,FanDuel,392,0.1973,0.0706,-0.006,60,C,WATCH,,5.0,3.0,0.0,NO,,0.0
2026-05-30,MANUAL,Miguel Vargas,Chicago White Sox,Framber Valdez,FanDuel,362,0.2101,0.0709,-0.0064,65,C,WATCH,2.0,8.0,5.0,0.0,NO,,
2026-05-30,MANUAL,Max Muncy,Los Angeles Dodgers,Jesús Luzardo,DraftKings,390,0.1973,0.0706,-0.0068,60,C,WATCH,,6.0,3.0,0.0,NO,,0.0
2026-05-30,MANUAL,Michael Busch,Chicago Cubs,Kyle Leahy,BetMGM,372,0.2049,0.0709,-0.0069,63,C,WATCH,,7.0,2.0,0.0,NO,,0.0
2026-05-30,MANUAL,Jorbit Vivas,Washington Nationals,Michael King,FanDuel,476,0.1667,0.0709,-0.0069,43,C,WATCH,,9.0,7.0,0.0,NO,,0.0
2026-05-30,MANUAL,Jonah Heim,Athletics,Ryan Weathers,DraftKings,414,0.1876,0.0709,-0.007,54,C,WATCH,,8.0,5.0,0.0,NO,,0.0
2026-05-30,MANUAL,Mookie Betts,Los Angeles Dodgers,Jesús Luzardo,BetMGM,497,0.1604,0.0719,-0.0071,58,C,WATCH,,8.0,7.0,0.0,NO,,0.0
2026-05-30,MANUAL,Braden Shewmake,Houston Astros,Brandon Sproat,BetMGM,434,0.1801,0.0709,-0.0072,50,C,WATCH,7.0,7.0,7.0,0.0,NO,,
2026-05-30,MANUAL,Drew Millas,Washington Nationals,Michael King,BetMGM,505,0.158,0.0709,-0.0072,38,D,WATCH,,7.0,8.0,0.0,NO,,0.0
2026-05-30,MANUAL,Rikuu Nishida,Chicago White Sox,Framber Valdez,DraftKings,525,0.1528,0.0709,-0.0072,35,D,WATCH,,7.0,9.0,0.0,NO,,0.0
2026-05-30,MANUAL,Bryce Harper,Philadelphia Phillies,Roki Sasaki,BetMGM,333,0.2235,0.0716,-0.0075,99,C,WATCH,3.0,7.0,3.0,0.0,NO,,
2026-05-30,MANUAL,Mickey Gasper,Boston Red Sox,Parker Messick,BetMGM,368,0.2062,0.0713,-0.0075,63,C,WATCH,,7.0,2.0,0.0,NO,,0.0
2026-05-30,MANUAL,Alex Bregman,Chicago Cubs,Kyle Leahy,FanDuel,426,0.1824,0.0709,-0.0078,51,C,WATCH,,8.0,6.0,0.0,NO,,0.0
2026-05-30,MANUAL,Taylor Walls,Tampa Bay Rays,Reid Detmers,BetMGM,503,0.158,0.0709,-0.0078,38,D,WATCH,,8.0,8.0,0.0,NO,,0.0
2026-05-30,MANUAL,Mitch Garver,Seattle Mariners,Ryne Nelson,DraftKings,394,0.1945,0.0709,-0.0079,58,C,WATCH,,7.0,4.0,0.0,NO,,0.0
2026-05-30,MANUAL,Zack Gelof,Athletics,Ryan Weathers,DraftKings,432,0.1801,0.0709,-0.0079,50,C,WATCH,7.0,9.0,7.0,0.0,NO,,
2026-05-30,MANUAL,Miguel Rojas,Los Angeles Dodgers,Jesús Luzardo,BetMGM,434,0.1794,0.0706,-0.0079,50,C,WATCH,7.0,7.0,7.0,0.0,NO,,
2026-05-30,MANUAL,Michael Massey,Kansas City Royals,Kumar Rocker,BetMGM,459,0.1707,0.0709,-0.0082,45,C,WATCH,8.0,9.0,9.0,0.0,NO,,
2026-05-30,MANUAL,Miguel Vargas,Chicago White Sox,Framber Valdez,BetMGM,369,0.2049,0.0709,-0.0083,63,C,WATCH,,9.0,2.0,0.0,NO,,0.0
2026-05-30,MANUAL,Coby Mayo,Baltimore Orioles,Trey Yesavage,BetMGM,385,0.1978,0.0712,-0.0084,58,C,WATCH,6.0,8.0,6.0,0.0,NO,,
2026-05-30,MANUAL,Edmundo Sosa,Philadelphia Phillies,Roki Sasaki,DraftKings,420,0.1835,0.0713,-0.0088,51,C,WATCH,,8.0,6.0,0.0,NO,,0.0
2026-05-30,MANUAL,Otto Lopez,Miami Marlins,Christian Scott,DraftKings,402,0.1902,0.0705,-0.009,53,C,WATCH,3.0,7.0,5.0,0.0,NO,,
2026-05-30,MANUAL,José Ramírez,Cleveland Guardians,Sonny Gray,DraftKings,356,0.2101,0.0709,-0.0092,65,C,WATCH,2.0,8.0,5.0,0.0,NO,,
2026-05-30,MANUAL,Leody Taveras,Baltimore Orioles,Trey Yesavage,FanDuel,426,0.1809,0.0712,-0.0093,50,C,WATCH,7.0,9.0,7.0,0.0,NO,,
2026-05-30,MANUAL,Marcus Semien,New York Mets,Tyler Phillips,BetMGM,428,0.1801,0.0709,-0.0093,50,C,WATCH,7.0,6.0,7.0,0.0,NO,,
2026-05-30,MANUAL,Alex Call,Los Angeles Dodgers,Jesús Luzardo,DraftKings,519,0.1523,0.0706,-0.0093,35,D,WATCH,,7.0,8.0,0.0,NO,,0.0
2026-05-30,MANUAL,Spencer Torkelson,Detroit Tigers,Anthony Kay,FanDuel,373,0.2021,0.0723,-0.0094,60,C,WATCH,,8.0,3.0,0.0,NO,,0.0
2026-05-30,MANUAL,Nolan Arenado,Arizona Diamondbacks,Bryan Woo,FanDuel,382,0.198,0.0709,-0.0095,59,C,WATCH,,8.0,3.0,0.0,NO,,0.0
2026-05-30,MANUAL,Freddie Freeman,Los Angeles Dodgers,Jesús Luzardo,FanDuel,367,0.2042,0.0706,-0.0099,63,C,WATCH,,8.0,2.0,0.0,NO,,0.0
2026-05-30,MANUAL,Amed Rosario,New York Yankees,J.T. Ginn,BetMGM,416,0.1837,0.0714,-0.01,51,C,WATCH,,8.0,6.0,0.0,NO,,0.0
2026-05-30,MANUAL,Austin Wells,New York Yankees,J.T. Ginn,BetMGM,455,0.1701,0.0706,-0.0101,45,C,WATCH,8.0,8.0,8.0,0.0,NO,,
2026-05-30,MANUAL,Matt Olson,Atlanta Braves,Brady Singer,DraftKings,332,0.2213,0.0709,-0.0102,70,C,WATCH,3.0,8.0,2.0,0.0,NO,,
2026-05-30,MANUAL,Sam Antonacci,Chicago White Sox,Framber Valdez,DraftKings,452,0.1707,0.0709,-0.0105,45,C,WATCH,8.0,9.0,9.0,0.0,NO,,
2026-05-30,MANUAL,Tyler Heineman,Toronto Blue Jays,Brandon Young,BetMGM,508,0.1537,0.0713,-0.0108,35,D,WATCH,,7.0,9.0,0.0,NO,,0.0
2026-05-30,MANUAL,Ildemaro Vargas,Arizona Diamondbacks,Bryan Woo,BetMGM,363,0.2049,0.0709,-0.011,63,C,WATCH,,9.0,2.0,0.0,NO,,0.0
2026-05-30,MANUAL,Will Smith,Los Angeles Dodgers,Jesús Luzardo,DraftKings,388,0.1938,0.0706,-0.0111,57,C,WATCH,,7.0,4.0,0.0,NO,,0.0
2026-05-30,MANUAL,Amed Rosario,New York Yankees,J.T. Ginn,FanDuel,413,0.1837,0.0714,-0.0112,51,C,WATCH,,8.0,6.0,0.0,NO,,0.0
2026-05-30,MANUAL,Weston Wilson,Baltimore Orioles,Trey Yesavage,BetMGM,479,0.1613,0.0724,-0.0114,38,D,WATCH,,8.0,8.0,0.0,NO,,0.0
2026-05-30,MANUAL,Bobby Witt Jr.,Kansas City Royals,Kumar Rocker,BetMGM,385,0.1945,0.0709,-0.0117,57,C,WATCH,,9.0,4.0,0.0,NO,,0.0
2026-05-30,MANUAL,Vidal Bruján,New York Mets,Tyler Phillips,BetMGM,447,0.1707,0.0709,-0.0121,45,C,WATCH,8.0,7.0,8.0,0.0,NO,,
2026-05-30,MANUAL,Dylan Crews,Washington Nationals,Michael King,FanDuel,459,0.1667,0.0709,-0.0122,42,C,WATCH,,8.0,7.0,0.0,NO,,0.0
2026-05-30,MANUAL,Rodolfo Durán,San Diego Padres,Foster Griffin,DraftKings,464,0.1651,0.0709,-0.0122,42,C,WATCH,9.0,9.0,9.0,0.0,NO,,
2026-05-30,MANUAL,Andruw Monasterio,Boston Red Sox,Parker Messick,BetMGM,380,0.1961,0.0706,-0.0123,58,C,WATCH,6.0,9.0,7.0,0.0,NO,,
2026-05-30,MANUAL,Jeremy Peña,Houston Astros,Brandon Sproat,BetMGM,365,0.2026,0.0709,-0.0125,61,C,WATCH,1.0,8.0,5.0,0.0,NO,,
2026-05-30,MANUAL,Ha-Seong Kim,Atlanta Braves,Brady Singer,DraftKings,411,0.1824,0.0709,-0.0133,51,C,WATCH,,9.0,6.0,0.0,NO,,0.0
2026-05-30,MANUAL,Randal Grichuk,Chicago White Sox,Framber Valdez,BetMGM,381,0.1945,0.0709,-0.0134,57,C,WATCH,,8.0,4.0,0.0,NO,,0.0
2026-05-30,MANUAL,Nasim Nuñez,Washington Nationals,Michael King,BetMGM,501,0.1528,0.0709,-0.0136,35,D,WATCH,,8.0,9.0,0.0,NO,,0.0
2026-05-30,MANUAL,Bryce Eldridge,San Francisco Giants,Ryan Feltner,FanDuel,415,0.1801,0.0709,-0.0141,49,C,WATCH,7.0,8.0,7.0,0.0,NO,,
2026-05-30,MANUAL,Harrison Bader,San Francisco Giants,Ryan Feltner,BetMGM,499,0.1528,0.0709,-0.0141,35,D,WATCH,,7.0,9.0,0.0,NO,,0.0
2026-05-30,MANUAL,Javier Sanoja,Miami Marlins,Christian Scott,DraftKings,408,0.1824,0.0709,-0.0145,50,C,WATCH,,7.0,6.0,0.0,NO,,0.0
2026-05-30,MANUAL,Jake Bauers,Milwaukee Brewers,Peter Lambert,DraftKings,368,0.1989,0.0712,-0.0147,59,C,WATCH,,7.0,3.0,0.0,NO,,0.0
2026-05-30,MANUAL,Tristan Gray,Minnesota Twins,Mitch Keller,FanDuel,497,0.1528,0.0709,-0.0147,35,D,WATCH,,8.0,9.0,0.0,NO,,0.0
2026-05-30,MANUAL,Adam Frazier,Los Angeles Angels,Drew Rasmussen,FanDuel,354,0.2049,0.0709,-0.0153,62,C,WATCH,,7.0,2.0,0.0,NO,,0.0
2026-05-30,MANUAL,J.C. Escarra,New York Yankees,J.T. Ginn,DraftKings,373,0.196,0.0714,-0.0154,57,C,WATCH,,8.0,4.0,0.0,NO,,0.0
2026-05-30,MANUAL,Ildemaro Vargas,Arizona Diamondbacks,Bryan Woo,FanDuel,411,0.1801,0.0709,-0.0156,49,C,WATCH,7.0,7.0,7.0,0.0,NO,,
2026-05-30,MANUAL,Bryson Stott,Philadelphia Phillies,Roki Sasaki,FanDuel,365,0.1992,0.0713,-0.0158,59,C,WATCH,,9.0,3.0,0.0,NO,,0.0
2026-05-30,MANUAL,Jared Triolo,Pittsburgh Pirates,Bailey Ober,FanDuel,493,0.1528,0.0709,-0.0158,34,D,WATCH,,8.0,9.0,0.0,NO,,0.0
2026-05-30,MANUAL,Andrew Benintendi,Chicago White Sox,Framber Valdez,BetMGM,403,0.1824,0.0709,-0.0165,50,C,WATCH,,8.0,6.0,0.0,NO,,0.0
2026-05-30,MANUAL,Alec Bohm,Philadelphia Phillies,Roki Sasaki,DraftKings,442,0.1678,0.0713,-0.0167,42,C,WATCH,,7.0,7.0,0.0,NO,,0.0
2026-05-30,MANUAL,Manny Machado,San Diego Padres,Foster Griffin,BetMGM,402,0.1824,0.0709,-0.0168,50,C,WATCH,,8.0,6.0,0.0,NO,,0.0
2026-05-30,MANUAL,Orlando Arcia,Minnesota Twins,Mitch Keller,FanDuel,444,0.1667,0.0709,-0.0171,42,C,WATCH,,6.0,7.0,0.0,NO,,0.0
2026-05-30,MANUAL,Jorge Barrosa,Arizona Diamondbacks,Bryan Woo,BetMGM,471,0.158,0.0709,-0.0171,37,D,WATCH,,6.0,8.0,0.0,NO,,0.0
2026-05-30,MANUAL,James Wood,Washington Nationals,Michael King,BetMGM,388,0.1876,0.0709,-0.0174,53,C,WATCH,,9.0,5.0,0.0,NO,,0.0
2026-05-30,MANUAL,Carlos Narváez,Boston Red Sox,Parker Messick,BetMGM,385,0.1887,0.0713,-0.0175,53,C,WATCH,,8.0,5.0,0.0,NO,,0.0
2026-05-30,MANUAL,Ernie Clement,Toronto Blue Jays,Brandon Young,BetMGM,361,0.1991,0.0713,-0.0178,58,C,WATCH,,6.0,3.0,0.0,NO,,0.0
2026-05-30,MANUAL,Colt Emerson,Seattle Mariners,Ryne Nelson,DraftKings,447,0.1651,0.0709,-0.0178,41,C,WATCH,9.0,9.0,9.0,0.0,NO,,
2026-05-30,MANUAL,Garrett Mitchell,Milwaukee Brewers,Peter Lambert,FanDuel,402,0.1809,0.0712,-0.0183,49,C,WATCH,7.0,8.0,7.0,0.0,NO,,
2026-05-30,MANUAL,Bryce Harper,Philadelphia Phillies,Roki Sasaki,DraftKings,328,0.2153,0.072,-0.0184,94,C,WATCH,,8.0,1.0,0.0,NO,,0.0
2026-05-30,MANUAL,Bryson Stott,Philadelphia Phillies,Roki Sasaki,BetMGM,365,0.1961,0.0706,-0.019,55,C,WATCH,6.0,8.0,6.0,0.0,NO,,
2026-05-30,MANUAL,Aramis Garcia,Arizona Diamondbacks,Bryan Woo,DraftKings,384,0.1876,0.0709,-0.019,53,C,WATCH,,7.0,5.0,0.0,NO,,0.0
2026-05-30,MANUAL,Salvador Perez,Kansas City Royals,Kumar Rocker,FanDuel,368,0.1945,0.0709,-0.0192,56,C,WATCH,,8.0,4.0,0.0,NO,,0.0
2026-05-30,MANUAL,Drew Gilbert,San Francisco Giants,Ryan Feltner,BetMGM,441,0.1651,0.0709,-0.0198,41,C,WATCH,9.0,9.0,9.0,0.0,NO,,
2026-05-30,MANUAL,Tommy Troy,Arizona Diamondbacks,Bryan Woo,FanDuel,441,0.1651,0.0709,-0.0198,41,C,WATCH,9.0,8.0,9.0,0.0,NO,,
2026-05-30,MANUAL,Josh Jung,Texas Rangers,Seth Lugo,FanDuel,363,0.1961,0.0715,-0.0199,56,C,WATCH,,7.0,4.0,0.0,NO,,0.0
2026-05-30,MANUAL,Ezequiel Tovar,Colorado Rockies,Adrian Houser,DraftKings,476,0.1529,0.0709,-0.0207,34,D,WATCH,,7.0,9.0,0.0,NO,,0.0
2026-05-30,MANUAL,Javier Sanoja,Miami Marlins,Christian Scott,FanDuel,392,0.1824,0.0709,-0.0209,50,C,WATCH,,7.0,6.0,0.0,NO,,0.0
2026-05-30,MANUAL,Matt Chapman,San Francisco Giants,Ryan Feltner,DraftKings,392,0.1824,0.0709,-0.0209,50,C,WATCH,,8.0,6.0,0.0,NO,,0.0
2026-05-30,MANUAL,Yohendrick Piñango,Toronto Blue Jays,Brandon Young,FanDuel,453,0.1594,0.0715,-0.0215,37,D,WATCH,,9.0,8.0,0.0,NO,,0.0
2026-05-30,MANUAL,Jarren Duran,Boston Red Sox,Parker Messick,FanDuel,374,0.1887,0.0713,-0.0222,52,C,WATCH,,8.0,5.0,0.0,NO,,0.0
2026-05-30,MANUAL,Anthony Volpe,New York Yankees,J.T. Ginn,FanDuel,451,0.1592,0.0714,-0.0222,37,D,WATCH,,9.0,8.0,0.0,NO,,0.0
2026-05-30,MANUAL,Patrick Bailey,Cleveland Guardians,Sonny Gray,FanDuel,361,0.1945,0.0709,-0.0224,56,C,WATCH,,8.0,4.0,0.0,NO,,0.0
2026-05-30,MANUAL,Spencer Steer,Cincinnati Reds,Martín Pérez,FanDuel,430,0.1662,0.0707,-0.0225,41,C,WATCH,,7.0,7.0,0.0,NO,,0.0
2026-05-30,MANUAL,Juan Soto,New York Mets,Tyler Phillips,FanDuel,317,0.2172,0.0696,-0.0226,99,C,WATCH,3.0,8.0,2.0,0.0,NO,,
2026-05-30,MANUAL,Maikel Garcia,Kansas City Royals,Kumar Rocker,DraftKings,428,0.1667,0.0709,-0.0227,41,C,WATCH,,7.0,7.0,0.0,NO,,0.0
2026-05-30,MANUAL,José Caballero,New York Yankees,J.T. Ginn,BetMGM,466,0.154,0.0714,-0.0227,34,D,WATCH,,9.0,9.0,0.0,NO,,0.0
2026-05-30,MANUAL,Nick Loftin,Kansas City Royals,Kumar Rocker,FanDuel,353,0.198,0.0709,-0.0228,58,C,WATCH,,8.0,3.0,0.0,NO,,0.0
2026-05-30,MANUAL,Andrés Giménez,Toronto Blue Jays,Brandon Young,FanDuel,424,0.1676,0.0713,-0.0232,41,C,WATCH,,8.0,7.0,0.0,NO,,0.0
2026-05-30,MANUAL,Zack Gelof,Athletics,Ryan Weathers,BetMGM,386,0.1824,0.0709,-0.0234,49,C,WATCH,,9.0,6.0,0.0,NO,,0.0
2026-05-30,MANUAL,Dane Myers,Cincinnati Reds,Martín Pérez,FanDuel,452,0.1575,0.0707,-0.0236,36,D,WATCH,,7.0,8.0,0.0,NO,,0.0
2026-05-30,MANUAL,Joey Ortiz,Milwaukee Brewers,Peter Lambert,BetMGM,423,0.1675,0.0712,-0.0237,41,C,WATCH,,8.0,7.0,0.0,NO,,0.0
2026-05-30,MANUAL,Connor Wong,Boston Red Sox,Parker Messick,FanDuel,447,0.159,0.0713,-0.0238,36,D,WATCH,,9.0,8.0,0.0,NO,,0.0
2026-05-30,MANUAL,Pete Alonso,Baltimore Orioles,Trey Yesavage,BetMGM,329,0.2092,0.0724,-0.0239,62,C,WATCH,,8.0,2.0,0.0,NO,,0.0
2026-05-30,MANUAL,Nicky Lopez,Texas Rangers,Seth Lugo,BetMGM,445,0.1593,0.0715,-0.0241,36,D,WATCH,,7.0,8.0,0.0,NO,,0.0
2026-05-30,MANUAL,Dansby Swanson,Chicago Cubs,Kyle Leahy,BetMGM,428,0.1651,0.0709,-0.0243,40,C,WATCH,9.0,9.0,9.0,0.0,NO,,
2026-05-30,MANUAL,Ty France,San Diego Padres,Foster Griffin,FanDuel,422,0.1667,0.0709,-0.0248,41,C,WATCH,,9.0,7.0,0.0,NO,,0.0
2026-05-30,MANUAL,Ryan Waldschmidt,Arizona Diamondbacks,Bryan Woo,DraftKings,463,0.1528,0.0709,-0.0248,33,D,WATCH,,9.0,9.0,0.0,NO,,0.0
2026-05-30,MANUAL,Marcelo Mayer,Boston Red Sox,Parker Messick,BetMGM,380,0.1835,0.0713,-0.0249,49,C,WATCH,,8.0,6.0,0.0,NO,,0.0
2026-05-30,MANUAL,Ian Happ,Chicago Cubs,Kyle Leahy,DraftKings,446,0.158,0.0709,-0.0251,36,D,WATCH,,7.0,8.0,0.0,NO,,0.0
2026-05-30,MANUAL,Ryan Waldschmidt,Arizona Diamondbacks,Bryan Woo,FanDuel,462,0.1528,0.0709,-0.0251,33,D,WATCH,,8.0,9.0,0.0,NO,,0.0
2026-05-30,MANUAL,Alejandro Osuna,Texas Rangers,Seth Lugo,FanDuel,378,0.1839,0.0715,-0.0253,49,C,WATCH,,8.0,6.0,0.0,NO,,0.0
2026-05-30,MANUAL,Christian Vázquez,Houston Astros,Brandon Sproat,DraftKings,461,0.1528,0.0709,-0.0254,33,D,WATCH,,6.0,9.0,0.0,NO,,0.0
2026-05-30,MANUAL,Jose Fernandez,Arizona Diamondbacks,Bryan Woo,DraftKings,409,0.1707,0.0709,-0.0258,43,C,WATCH,8.0,9.0,8.0,0.0,NO,,
2026-05-30,MANUAL,Victor Caratini,Minnesota Twins,Mitch Keller,DraftKings,379,0.1824,0.0709,-0.0264,49,C,WATCH,,7.0,6.0,0.0,NO,,0.0
2026-05-30,MANUAL,Mookie Betts,Los Angeles Dodgers,Jesús Luzardo,FanDuel,435,0.1604,0.0719,-0.0265,56,C,WATCH,,8.0,7.0,0.0,NO,,0.0
2026-05-30,MANUAL,Braden Shewmake,Houston Astros,Brandon Sproat,FanDuel,417,0.1667,0.0709,-0.0267,41,C,WATCH,,7.0,7.0,0.0,NO,,0.0
2026-05-30,MANUAL,Trevor Larnach,Minnesota Twins,Mitch Keller,BetMGM,457,0.1528,0.0709,-0.0267,33,D,WATCH,,8.0,9.0,0.0,NO,,0.0
2026-05-30,MANUAL,Endy Rodríguez,Pittsburgh Pirates,Bailey Ober,DraftKings,416,0.1667,0.0709,-0.0271,41,C,WATCH,,8.0,7.0,0.0,NO,,0.0
2026-05-30,MANUAL,Sandy León,Atlanta Braves,Brady Singer,FanDuel,419,0.1651,0.0709,-0.0276,40,C,WATCH,9.0,9.0,9.0,0.0,NO,,
2026-05-30,MANUAL,Coby Mayo,Baltimore Orioles,Trey Yesavage,FanDuel,405,0.1702,0.0724,-0.0278,41,C,WATCH,,9.0,7.0,0.0,NO,,0.0
2026-05-30,MANUAL,Brandon Valenzuela,Toronto Blue Jays,Brandon Young,BetMGM,361,0.1886,0.0713,-0.0283,52,C,WATCH,,9.0,5.0,0.0,NO,,0.0
2026-05-30,MANUAL,Orlando Arcia,Minnesota Twins,Mitch Keller,BetMGM,380,0.1801,0.0709,-0.0283,47,C,WATCH,7.0,9.0,9.0,0.0,NO,,
2026-05-30,MANUAL,Brandon Marsh,Philadelphia Phillies,Roki Sasaki,BetMGM,449,0.1538,0.0713,-0.0284,33,D,WATCH,,9.0,9.0,0.0,NO,,0.0
2026-05-30,MANUAL,Owen Caissie,Miami Marlins,Christian Scott,BetMGM,379,0.1801,0.0709,-0.0287,47,C,WATCH,7.0,8.0,6.0,0.0,NO,,
2026-05-30,MANUAL,TJ Friedl,Cincinnati Reds,Martín Pérez,FanDuel,452,0.1523,0.0707,-0.0288,33,D,WATCH,,9.0,9.0,0.0,NO,,0.0
2026-05-30,MANUAL,Donovan Walton,Los Angeles Angels,Drew Rasmussen,DraftKings,433,0.158,0.0709,-0.0296,36,D,WATCH,,9.0,8.0,0.0,NO,,0.0
2026-05-30,MANUAL,Matt Olson,Atlanta Braves,Brady Singer,FanDuel,324,0.2049,0.0709,-0.0309,61,C,WATCH,,8.0,2.0,0.0,NO,,0.0
2026-05-30,MANUAL,Coby Mayo,Baltimore Orioles,Trey Yesavage,DraftKings,396,0.1702,0.0724,-0.0314,40,C,WATCH,,9.0,7.0,0.0,NO,,0.0
2026-05-30,MANUAL,Javier Sanoja,Miami Marlins,Christian Scott,BetMGM,364,0.1824,0.0709,-0.0332,48,C,WATCH,,8.0,6.0,0.0,NO,,0.0
2026-05-30,MANUAL,Marcus Semien,New York Mets,Tyler Phillips,FanDuel,400,0.1667,0.0709,-0.0333,40,C,WATCH,,7.0,7.0,0.0,NO,,0.0
2026-05-30,MANUAL,Taylor Walls,Tampa Bay Rays,Reid Detmers,FanDuel,437,0.1528,0.0709,-0.0334,32,D,WATCH,,9.0,9.0,0.0,NO,,0.0
2026-05-30,MANUAL,Alex Bregman,Chicago Cubs,Kyle Leahy,DraftKings,362,0.1824,0.0709,-0.0341,48,C,WATCH,,8.0,6.0,0.0,NO,,0.0
2026-05-30,MANUAL,Jackson Merrill,San Diego Padres,Foster Griffin,DraftKings,430,0.1528,0.0709,-0.0358,32,D,WATCH,,9.0,9.0,0.0,NO,,0.0
2026-05-30,MANUAL,Yordan Alvarez,Houston Astros,Brandon Sproat,DraftKings,305,0.2101,0.0709,-0.0368,61,C,WATCH,2.0,9.0,4.0,0.0,NO,,
2026-05-30,MANUAL,Braden Shewmake,Houston Astros,Brandon Sproat,DraftKings,391,0.1667,0.0709,-0.0369,39,D,WATCH,,7.0,7.0,0.0,NO,,0.0
2026-05-30,MANUAL,Hao-Yu  Lee,Detroit Tigers,Anthony Kay,FanDuel,404,0.1615,0.0724,-0.0369,35,D,WATCH,,9.0,8.0,0.0,NO,,0.0
2026-05-30,MANUAL,Andrew Vaughn,Milwaukee Brewers,Peter Lambert,FanDuel,353,0.1832,0.0712,-0.0375,48,C,WATCH,,8.0,6.0,0.0,NO,,0.0
2026-05-30,MANUAL,Julio Rodríguez,Seattle Mariners,Ryne Nelson,DraftKings,425,0.1528,0.0709,-0.0376,32,D,WATCH,,8.0,9.0,0.0,NO,,0.0
2026-05-30,MANUAL,Dansby Swanson,Chicago Cubs,Kyle Leahy,FanDuel,389,0.1667,0.0709,-0.0378,39,D,WATCH,,9.0,7.0,0.0,NO,,0.0
2026-05-30,MANUAL,Ezequiel Tovar,Colorado Rockies,Adrian Houser,FanDuel,424,0.1529,0.0709,-0.0379,32,D,WATCH,,9.0,9.0,0.0,NO,,0.0
2026-05-30,MANUAL,Ramón Laureano,San Diego Padres,Foster Griffin,DraftKings,410,0.158,0.0709,-0.038,35,D,WATCH,,9.0,8.0,0.0,NO,,0.0
2026-05-30,MANUAL,David Hamilton,Milwaukee Brewers,Peter Lambert,BetMGM,422,0.1536,0.0712,-0.038,32,D,WATCH,,9.0,9.0,0.0,NO,,0.0
2026-05-30,MANUAL,Isaac Collins,Kansas City Royals,Kumar Rocker,FanDuel,423,0.1528,0.0709,-0.0384,32,D,WATCH,,8.0,9.0,0.0,NO,,0.0
2026-05-30,MANUAL,Luke Keaschall,Minnesota Twins,Mitch Keller,BetMGM,408,0.158,0.0709,-0.0388,34,D,WATCH,,9.0,8.0,0.0,NO,,0.0
2026-05-30,MANUAL,Luke Keaschall,Minnesota Twins,Mitch Keller,FanDuel,405,0.158,0.0709,-0.04,34,D,WATCH,,8.0,8.0,0.0,NO,,0.0
2026-05-30,MANUAL,Pete Crow-Armstrong,Chicago Cubs,Kyle Leahy,BetMGM,414,0.1528,0.0709,-0.0417,31,D,WATCH,,9.0,9.0,0.0,NO,,0.0
2026-05-30,MANUAL,Pete Crow-Armstrong,Chicago Cubs,Kyle Leahy,DraftKings,414,0.1528,0.0709,-0.0417,31,D,WATCH,,9.0,9.0,0.0,NO,,0.0
2026-05-30,MANUAL,Thomas Saggese,St. Louis Cardinals,Ben Brown,DraftKings,399,0.158,0.0709,-0.0424,34,D,WATCH,,7.0,7.0,0.0,NO,,0.0
2026-05-30,MANUAL,Randy Arozarena,Seattle Mariners,Ryne Nelson,BetMGM,398,0.158,0.0709,-0.0428,34,D,WATCH,,9.0,8.0,0.0,NO,,0.0
2026-05-30,MANUAL,Jared Triolo,Pittsburgh Pirates,Bailey Ober,BetMGM,410,0.1528,0.0709,-0.0432,31,D,WATCH,,9.0,9.0,0.0,NO,,0.0
2026-05-30,MANUAL,Jake Mangum,Pittsburgh Pirates,Bailey Ober,FanDuel,409,0.1528,0.0709,-0.0436,31,D,WATCH,,9.0,9.0,0.0,NO,,0.0
2026-05-30,MANUAL,Victor Scott II,St. Louis Cardinals,Ben Brown,FanDuel,379,0.1651,0.0709,-0.0437,38,D,WATCH,9.0,7.0,7.0,0.0,NO,,
2026-05-30,MANUAL,CJ Abrams,Washington Nationals,Michael King,BetMGM,394,0.158,0.0709,-0.0444,34,D,WATCH,,8.0,8.0,0.0,NO,,0.0
2026-05-30,MANUAL,José Fermín,St. Louis Cardinals,Ben Brown,DraftKings,373,0.1667,0.0709,-0.0447,38,D,WATCH,,8.0,6.0,0.0,NO,,0.0
2026-05-30,MANUAL,Blake Perkins,Milwaukee Brewers,Peter Lambert,BetMGM,404,0.1536,0.0712,-0.0448,31,D,WATCH,,9.0,9.0,0.0,NO,,0.0
2026-05-30,MANUAL,Christian Vázquez,Houston Astros,Brandon Sproat,FanDuel,402,0.1528,0.0709,-0.0464,31,D,WATCH,,8.0,9.0,0.0,NO,,0.0
2026-05-30,MANUAL,Hayden Senger,New York Mets,Tyler Phillips,DraftKings,372,0.1651,0.0709,-0.0468,38,D,WATCH,9.0,9.0,9.0,0.0,NO,,
2026-05-30,MANUAL,Brett Baty,New York Mets,Tyler Phillips,BetMGM,387,0.158,0.0709,-0.0473,33,D,WATCH,,9.0,8.0,0.0,NO,,0.0
2026-05-30,MANUAL,Yordan Alvarez,Houston Astros,Brandon Sproat,FanDuel,313,0.1945,0.0709,-0.0476,53,C,WATCH,,8.0,4.0,0.0,NO,,0.0
2026-05-30,MANUAL,Danny Jansen,Texas Rangers,Seth Lugo,DraftKings,363,0.1681,0.0715,-0.0479,38,D,WATCH,,8.0,7.0,0.0,NO,,0.0
2026-05-30,MANUAL,Vidal Bruján,New York Mets,Tyler Phillips,FanDuel,385,0.158,0.0709,-0.0481,33,D,WATCH,,8.0,8.0,0.0,NO,,0.0
2026-05-30,MANUAL,Kyle Schwarber,Philadelphia Phillies,Roki Sasaki,BetMGM,309,0.196,0.0686,-0.0485,92,C,WATCH,1.0,9.0,7.0,0.0,NO,,
2026-05-30,MANUAL,Nick Madrigal,Los Angeles Angels,Drew Rasmussen,BetMGM,364,0.1667,0.0709,-0.0488,38,D,WATCH,,9.0,7.0,0.0,NO,,0.0
2026-05-30,MANUAL,Thomas Saggese,St. Louis Cardinals,Ben Brown,BetMGM,383,0.158,0.0709,-0.049,33,D,WATCH,,8.0,7.0,0.0,NO,,0.0
2026-05-30,MANUAL,Harrison Bader,San Francisco Giants,Ryan Feltner,FanDuel,393,0.1528,0.0709,-0.05,30,D,WATCH,,9.0,9.0,0.0,NO,,0.0
2026-05-30,MANUAL,Juan Soto,New York Mets,Tyler Phillips,DraftKings,298,0.2011,0.0696,-0.0501,96,C,WATCH,,9.0,2.0,0.0,NO,,0.0
2026-05-30,MANUAL,Tristan Gray,Minnesota Twins,Mitch Keller,DraftKings,392,0.1528,0.0709,-0.0504,30,D,WATCH,,9.0,9.0,0.0,NO,,0.0
2026-05-30,MANUAL,Jose Siri,Los Angeles Angels,Drew Rasmussen,FanDuel,389,0.1528,0.0709,-0.0517,30,D,WATCH,,9.0,9.0,0.0,NO,,0.0
2026-05-30,MANUAL,Shohei Ohtani,Los Angeles Dodgers,Jesús Luzardo,FanDuel,285,0.2067,0.0723,-0.053,99,C,WATCH,1.0,8.0,5.0,0.0,NO,,
2026-05-30,MANUAL,Jorge Barrosa,Arizona Diamondbacks,Bryan Woo,DraftKings,372,0.158,0.0709,-0.0538,33,D,WATCH,,9.0,8.0,0.0,NO,,0.0
2026-05-30,MANUAL,Christian Vázquez,Houston Astros,Brandon Sproat,BetMGM,384,0.1528,0.0709,-0.0538,30,D,WATCH,,9.0,9.0,0.0,NO,,0.0
2026-05-30,MANUAL,Jake Meyers,Houston Astros,Brandon Sproat,BetMGM,371,0.158,0.0709,-0.0543,33,D,WATCH,,9.0,8.0,0.0,NO,,0.0
2026-05-30,MANUAL,Daulton Varsho,Toronto Blue Jays,Brandon Young,FanDuel,374,0.1537,0.0713,-0.0573,29,D,WATCH,,9.0,9.0,0.0,NO,,0.0
2026-05-30,MANUAL,Mauricio Dubón,Atlanta Braves,Brady Singer,FanDuel,362,0.158,0.0709,-0.0584,32,D,WATCH,,9.0,8.0,0.0,NO,,0.0
2026-05-30,MANUAL,Daylen Lile,Washington Nationals,Michael King,BetMGM,372,0.1528,0.0709,-0.059,29,D,WATCH,,9.0,9.0,0.0,NO,,0.0
2026-05-30,MANUAL,Mike Yastrzemski,Atlanta Braves,Brady Singer,DraftKings,370,0.1528,0.0709,-0.0599,29,D,WATCH,,9.0,9.0,0.0,NO,,0.0
2026-05-30,MANUAL,Brayan Rocchio,Cleveland Guardians,Sonny Gray,DraftKings,367,0.1528,0.0709,-0.0613,29,D,WATCH,,8.0,8.0,0.0,NO,,0.0
2026-05-30,MANUAL,Aaron Judge,New York Yankees,J.T. Ginn,FanDuel,222,0.2242,0.0718,-0.0864,99,C,WATCH,3.0,9.0,2.0,0.0,NO,,
2026-05-30,MORNING,Brice Turang,Milwaukee Brewers,Peter Lambert,DraftKings,661,0.2129,0.0712,0.0815,78,B,TIER 1 💎,,1.0,1.0,1.0,YES 🔥,NO HR,-1.0
2026-05-30,MORNING,Cole Young,Seattle Mariners,Ryne Nelson,DraftKings,659,0.2119,0.0709,0.0801,78,B,TIER 1 💎,,1.0,1.0,1.0,YES 🔥,NO HR,-1.0
2026-05-30,MORNING,Matt McLain,Cincinnati Reds,Martín Pérez,DraftKings,643,0.2112,0.0707,0.0766,77,B,TIER 1 💎,,1.0,1.0,1.0,YES 🔥,NO HR,-1.0
2026-05-30,MORNING,TJ Rumfield,Colorado Rockies,Adrian Houser,BetMGM,637,0.212,0.0709,0.0763,77,B,TIER 1 💎,,1.0,1.0,1.0,YES 🔥,NO HR,-1.0
2026-05-30,MORNING,Luke Keaschall,Minnesota Twins,Mitch Keller,BetMGM,633,0.2119,0.0709,0.0755,77,B,TIER 1 💎,,1.0,1.0,1.0,YES 🔥,NO HR,-1.0
2026-05-30,MORNING,Brandon Lowe,Pittsburgh Pirates,Bailey Ober,BetMGM,633,0.2119,0.0709,0.0755,77,B,TIER 1 💎,,1.0,1.0,1.0,YES 🔥,NO HR,-1.0
2026-05-30,MORNING,Charles McAdoo,Toronto Blue Jays,Brandon Young,BetMGM,610,0.213,0.0713,0.0722,77,B,TIER 1 💎,,1.0,1.0,1.0,YES 🔥,NO HR,-1.0
2026-05-30,MORNING,Adam Frazier,Los Angeles Angels,Drew Rasmussen,BetMGM,643,0.2049,0.0709,0.0703,73,B,TIER 2 🔥,,1.0,2.0,0.5,YES 🔥,NO HR,-0.5
2026-05-30,MORNING,Michael Busch,Chicago Cubs,Kyle Leahy,BetMGM,628,0.2049,0.0709,0.0676,72,B,TIER 2 🔥,,1.0,2.0,0.5,YES 🔥,NO HR,-0.5
2026-05-30,MORNING,Jonathan Aranda,Tampa Bay Rays,Reid Detmers,BetMGM,622,0.2049,0.0709,0.0664,72,B,TIER 2 🔥,,1.0,2.0,0.5,YES 🔥,NO HR,-0.5
2026-05-30,MORNING,Colson Montgomery,Chicago White Sox,Framber Valdez,DraftKings,586,0.2119,0.0709,0.0661,76,B,TIER 1 💎,,1.0,1.0,1.0,YES 🔥,HR,5.86
2026-05-30,MORNING,Matt Vierling,Detroit Tigers,Anthony Kay,BetMGM,596,0.2092,0.0723,0.0655,72,B,TIER 2 🔥,,1.0,2.0,0.5,YES 🔥,NO HR,-0.5
2026-05-30,MORNING,Vinnie Pasquantino,Kansas City Royals,Kumar Rocker,BetMGM,616,0.2049,0.0709,0.0653,72,B,TIER 2 🔥,,1.0,2.0,0.5,YES 🔥,NO HR,-0.5
2026-05-30,MORNING,Max Muncy,Los Angeles Dodgers,Jesús Luzardo,BetMGM,654,0.1973,0.0706,0.0646,68,B,TIER 2 🔥,,1.0,3.0,0.5,YES 🔥,NO HR,-0.5
2026-05-30,MORNING,Jared Young,New York Mets,Tyler Phillips,DraftKings,575,0.2119,0.0709,0.0637,76,B,TIER 1 💎,,1.0,1.0,1.0,YES 🔥,HR,5.75
2026-05-30,MORNING,Isiah Kiner-Falefa,Boston Red Sox,Parker Messick,DraftKings,628,0.1992,0.0713,0.0618,68,B,TIER 2 🔥,,1.0,3.0,0.5,YES 🔥,NO HR,-0.5
2026-05-30,MORNING,Andrés Chaparro,Washington Nationals,Michael King,FanDuel,593,0.2049,0.0709,0.0606,71,B,TIER 2 🔥,,1.0,2.0,0.5,YES 🔥,NO HR,-0.5
2026-05-30,MORNING,Nick Kurtz,Athletics,Ryan Weathers,DraftKings,581,0.2049,0.0709,0.0581,71,B,TIER 2 🔥,,1.0,2.0,0.5,YES 🔥,NO HR,-0.5
2026-05-30,MORNING,Connor Norby,Miami Marlins,Christian Scott,FanDuel,542,0.2119,0.0709,0.0561,75,B,TIER 1 💎,,2.0,1.0,1.0,YES 🔥,NO HR,-1.0
2026-05-30,MORNING,Kyle Higashioka,Texas Rangers,Seth Lugo,FanDuel,608,0.1961,0.0715,0.0549,65,B,TIER 2 🔥,,1.0,4.0,0.5,YES 🔥,NO HR,-0.5
2026-05-30,MORNING,Austin Riley,Atlanta Braves,Brady Singer,DraftKings,593,0.198,0.0709,0.0537,67,B,TIER 2 🔥,,1.0,3.0,0.5,YES 🔥,NO HR,-0.5
2026-05-30,MORNING,Samuel Basallo,Baltimore Orioles,Trey Yesavage,BetMGM,582,0.1985,0.0724,0.0519,65,B,TIER 2 🔥,,1.0,4.0,0.5,YES 🔥,NO HR,-0.5
2026-05-30,MORNING,Luis Arraez,San Francisco Giants,Ryan Feltner,FanDuel,582,0.198,0.0709,0.0514,67,B,TIER 2 🔥,,1.0,3.0,0.5,YES 🔥,NO HR,-0.5
2026-05-30,MORNING,Rafael Marchán,Philadelphia Phillies,Roki Sasaki,DraftKings,545,0.2062,0.0713,0.0512,70,B,TIER 2 🔥,,1.0,2.0,0.5,YES 🔥,NO HR,-0.5
2026-05-30,MORNING,Paul Goldschmidt,New York Yankees,J.T. Ginn,BetMGM,508,0.2135,0.0714,0.049,74,B,TIER 1 💎,,1.0,1.0,1.0,YES 🔥,NO HR,-1.0
2026-05-30,MORNING,Christian Walker,Houston Astros,Brandon Sproat,DraftKings,541,0.2049,0.0709,0.0489,70,B,TIER 2 🔥,,1.0,2.0,0.5,YES 🔥,NO HR,-0.5
2026-05-30,MORNING,Sung-Mun Song,San Diego Padres,Foster Griffin,DraftKings,518,0.198,0.0709,0.0362,65,B,TIER 2 🔥,,2.0,3.0,0.5,YES 🔥,NO HR,-0.5
2026-05-30,MORNING,Nolan Arenado,Arizona Diamondbacks,Bryan Woo,FanDuel,514,0.198,0.0709,0.0351,65,B,TIER 2 🔥,,2.0,3.0,0.5,YES 🔥,NO HR,-0.5
2026-05-30,MORNING,Alec Burleson,St. Louis Cardinals,Ben Brown,DraftKings,468,0.2049,0.0709,0.0289,68,B,TIER 2 🔥,,2.0,2.0,0.5,YES 🔥,NO HR,-0.5
2026-05-30,MORNING,Rhys Hoskins,Cleveland Guardians,Sonny Gray,BetMGM,442,0.2119,0.0709,0.0274,71,B,TIER 2 🔥,,3.0,1.0,0.5,YES 🔥,NO HR,-0.5
2026-05-30,MORNING,Kody Clemens,Minnesota Twins,Mitch Keller,FanDuel,643,0.2049,0.0709,0.0703,73,B,WATCH,,2.0,2.0,0.0,NO,,0.0
2026-05-30,MORNING,Jake Bauers,Milwaukee Brewers,Peter Lambert,FanDuel,634,0.2059,0.0712,0.0697,73,B,WATCH,,2.0,2.0,0.0,NO,,0.0
2026-05-30,MORNING,Ben Williamson,Tampa Bay Rays,Reid Detmers,DraftKings,586,0.2119,0.0709,0.0661,76,B,WATCH,,2.0,1.0,0.0,NO,,0.0
2026-05-30,MORNING,Keibert Ruiz,Washington Nationals,Michael King,DraftKings,646,0.1945,0.0709,0.0605,66,B,WATCH,,2.0,4.0,0.0,NO,,0.0
2026-05-30,MORNING,Liam Hicks,Miami Marlins,Christian Scott,FanDuel,644,0.1945,0.0709,0.0601,66,B,WATCH,,1.0,4.0,0.0,NO,,0.0
2026-05-30,MORNING,Oswald Peraza,Los Angeles Angels,Drew Rasmussen,FanDuel,617,0.198,0.0709,0.0585,68,B,WATCH,,2.0,3.0,0.0,NO,,0.0
2026-05-30,MORNING,Jonah Heim,Athletics,Ryan Weathers,DraftKings,661,0.1876,0.0709,0.0562,62,B,WATCH,,2.0,5.0,0.0,NO,,0.0
2026-05-30,MORNING,Henry Davis,Pittsburgh Pirates,Bailey Ober,DraftKings,617,0.1945,0.0709,0.055,65,B,WATCH,,2.0,4.0,0.0,NO,,0.0
2026-05-30,MORNING,Tristan Gray,Minnesota Twins,Mitch Keller,FanDuel,595,0.198,0.0709,0.0541,67,B,WATCH,,3.0,3.0,0.0,NO,,0.0
2026-05-30,MORNING,Jared Triolo,Pittsburgh Pirates,Bailey Ober,BetMGM,595,0.198,0.0709,0.0541,67,B,WATCH,,3.0,3.0,0.0,NO,,0.0
2026-05-30,MORNING,Hayden Senger,New York Mets,Tyler Phillips,FanDuel,641,0.1876,0.0709,0.0526,61,B,WATCH,,2.0,5.0,0.0,NO,,0.0
2026-05-30,MORNING,Sebastián Rivero,Los Angeles Angels,Drew Rasmussen,BetMGM,601,0.1945,0.0709,0.0519,65,B,WATCH,,3.0,4.0,0.0,NO,,0.0
2026-05-30,MORNING,Endy Rodríguez,Pittsburgh Pirates,Bailey Ober,FanDuel,633,0.1876,0.0709,0.0511,61,B,WATCH,,4.0,5.0,0.0,NO,,0.0
2026-05-30,MORNING,Donovan Walton,Los Angeles Angels,Drew Rasmussen,BetMGM,521,0.2119,0.0709,0.0509,74,B,WATCH,,4.0,1.0,0.0,NO,,0.0
2026-05-30,MORNING,Brandon Valenzuela,Toronto Blue Jays,Brandon Young,BetMGM,621,0.1886,0.0713,0.0499,61,B,WATCH,,2.0,5.0,0.0,NO,,0.0
2026-05-30,MORNING,Rodolfo Durán,San Diego Padres,Foster Griffin,BetMGM,590,0.1945,0.0709,0.0496,65,B,WATCH,,1.0,4.0,0.0,NO,,0.0
2026-05-30,MORNING,J.C. Escarra,New York Yankees,J.T. Ginn,BetMGM,579,0.196,0.0714,0.0487,65,B,WATCH,,2.0,4.0,0.0,NO,,0.0
2026-05-30,MORNING,Vaughn Grissom,Los Angeles Angels,Drew Rasmussen,FanDuel,648,0.1824,0.0709,0.0487,58,B,WATCH,,5.0,6.0,0.0,NO,,0.0
2026-05-30,MORNING,Josh Naylor,Seattle Mariners,Ryne Nelson,BetMGM,538,0.2049,0.0709,0.0482,70,B,WATCH,,2.0,2.0,0.0,NO,,0.0
2026-05-30,MORNING,Justin Foscue,Texas Rangers,Seth Lugo,BetMGM,558,0.1996,0.0715,0.0476,66,B,WATCH,,2.0,3.0,0.0,NO,,0.0
2026-05-30,MORNING,Gabriel Moreno,Arizona Diamondbacks,Bryan Woo,DraftKings,578,0.1945,0.0709,0.047,64,B,WATCH,,1.0,4.0,0.0,NO,,0.0
2026-05-30,MORNING,Braxton Fulford,Colorado Rockies,Adrian Houser,DraftKings,610,0.1877,0.0709,0.0468,61,B,WATCH,,2.0,5.0,0.0,NO,,0.0
2026-05-30,MORNING,Marcus Semien,New York Mets,Tyler Phillips,DraftKings,635,0.1824,0.0709,0.0463,58,B,WATCH,,3.0,6.0,0.0,NO,,0.0
2026-05-30,MORNING,Adley Rutschman,Baltimore Orioles,Trey Yesavage,DraftKings,586,0.1914,0.0724,0.0457,61,B,WATCH,,2.0,5.0,0.0,NO,,0.0
2026-05-30,MORNING,David Hamilton,Milwaukee Brewers,Peter Lambert,FanDuel,623,0.1832,0.0712,0.0449,58,B,WATCH,,3.0,6.0,0.0,NO,,0.0
2026-05-30,MORNING,Freddie Freeman,Los Angeles Dodgers,Jesús Luzardo,DraftKings,524,0.2042,0.0706,0.0439,69,B,WATCH,,2.0,2.0,0.0,NO,,0.0
2026-05-30,MORNING,Dalton Rushing,Los Angeles Dodgers,Jesús Luzardo,DraftKings,599,0.1869,0.0706,0.0438,60,B,WATCH,,3.0,5.0,0.0,NO,,0.0
2026-05-30,MORNING,Kazuma Okamoto,Toronto Blue Jays,Brandon Young,FanDuel,615,0.1834,0.0713,0.0435,57,B,WATCH,,3.0,6.0,0.0,NO,,0.0
2026-05-30,MORNING,Chad Stevens,Colorado Rockies,Adrian Houser,BetMGM,546,0.1981,0.0709,0.0433,66,B,WATCH,,3.0,3.0,0.0,NO,,0.0
2026-05-30,MORNING,Mitch Garver,Seattle Mariners,Ryne Nelson,DraftKings,561,0.1945,0.0709,0.0432,64,B,WATCH,,3.0,4.0,0.0,NO,,0.0
2026-05-30,MORNING,Joe Mack,Miami Marlins,Christian Scott,DraftKings,589,0.1876,0.0709,0.0424,60,B,WATCH,,3.0,5.0,0.0,NO,,0.0
2026-05-30,MORNING,Eric Haase,San Francisco Giants,Ryan Feltner,FanDuel,551,0.1945,0.0709,0.0409,64,B,WATCH,,2.0,4.0,0.0,NO,,0.0
2026-05-30,MORNING,Pedro Pagés,St. Louis Cardinals,Ben Brown,DraftKings,550,0.1945,0.0709,0.0407,64,B,WATCH,,1.0,4.0,0.0,NO,,0.0
2026-05-30,MORNING,Ezequiel Duran,Texas Rangers,Seth Lugo,FanDuel,478,0.2136,0.0715,0.0406,73,B,WATCH,,3.0,1.0,0.0,NO,,0.0
2026-05-30,MORNING,Alika Williams,Athletics,Ryan Weathers,BetMGM,483,0.2119,0.0709,0.0404,73,B,WATCH,,3.0,1.0,0.0,NO,,0.0
2026-05-30,MORNING,Jake Burger,Texas Rangers,Seth Lugo,FanDuel,501,0.2066,0.0715,0.0402,69,B,WATCH,,4.0,2.0,0.0,NO,,0.0
2026-05-30,MORNING,Luis Torrens,New York Mets,Tyler Phillips,FanDuel,548,0.1945,0.0709,0.0402,63,B,WATCH,,4.0,4.0,0.0,NO,,0.0
2026-05-30,MORNING,Amed Rosario,New York Yankees,J.T. Ginn,DraftKings,595,0.1837,0.0714,0.0399,57,B,WATCH,,3.0,6.0,0.0,NO,,0.0
2026-05-30,MORNING,Xavier Edwards,Miami Marlins,Christian Scott,DraftKings,528,0.199,0.0713,0.0398,85,B,WATCH,,4.0,3.0,0.0,NO,,0.0
2026-05-30,MORNING,Jackson Holliday,Baltimore Orioles,Trey Yesavage,DraftKings,466,0.2163,0.0724,0.0396,73,B,WATCH,,3.0,1.0,0.0,NO,,0.0
2026-05-30,MORNING,Will Smith,Los Angeles Dodgers,Jesús Luzardo,DraftKings,548,0.1938,0.0706,0.0395,63,B,WATCH,,4.0,4.0,0.0,NO,,0.0
2026-05-30,MORNING,Sal Stewart,Cincinnati Reds,Martín Pérez,BetMGM,506,0.2043,0.0707,0.0393,69,B,WATCH,,2.0,2.0,0.0,NO,,0.0
2026-05-30,MORNING,Nicky Lopez,Texas Rangers,Seth Lugo,BetMGM,592,0.1839,0.0715,0.0393,57,B,WATCH,,5.0,6.0,0.0,NO,,0.0
2026-05-30,MORNING,Zack Gelof,Athletics,Ryan Weathers,FanDuel,598,0.1824,0.0709,0.0391,57,B,WATCH,,4.0,6.0,0.0,NO,,0.0
2026-05-30,MORNING,Colt Emerson,Seattle Mariners,Ryne Nelson,BetMGM,527,0.198,0.0709,0.0385,65,B,WATCH,,4.0,3.0,0.0,NO,,0.0
2026-05-30,MORNING,Shea Langeliers,Athletics,Ryan Weathers,DraftKings,541,0.1945,0.0709,0.0385,63,B,WATCH,,5.0,4.0,0.0,NO,,0.0
2026-05-30,MORNING,Riley Greene,Detroit Tigers,Anthony Kay,BetMGM,462,0.2162,0.0723,0.0383,73,B,WATCH,,2.0,1.0,0.0,NO,,0.0
2026-05-30,MORNING,Ozzie Albies,Atlanta Braves,Brady Singer,BetMGM,475,0.2119,0.0709,0.038,73,B,WATCH,,2.0,1.0,0.0,NO,,0.0
2026-05-30,MORNING,Miguel Amaya,Chicago Cubs,Kyle Leahy,DraftKings,533,0.1945,0.0709,0.0365,63,B,WATCH,,2.0,4.0,0.0,NO,,0.0
2026-05-30,MORNING,Alex Jackson,Minnesota Twins,Mitch Keller,BetMGM,561,0.1876,0.0709,0.0363,59,B,WATCH,,4.0,5.0,0.0,NO,,0.0
2026-05-30,MORNING,Drew Millas,Washington Nationals,Michael King,BetMGM,556,0.1876,0.0709,0.0351,59,B,WATCH,,3.0,5.0,0.0,NO,,0.0
2026-05-30,MORNING,Sandy León,Atlanta Braves,Brady Singer,FanDuel,526,0.1945,0.0709,0.0348,63,B,WATCH,,3.0,4.0,0.0,NO,,0.0
2026-05-30,MORNING,Luisangel Acuña,Chicago White Sox,Framber Valdez,DraftKings,656,0.1667,0.0709,0.0345,48,C,WATCH,,2.0,7.0,0.0,NO,,0.0
2026-05-30,MORNING,Michael Massey,Kansas City Royals,Kumar Rocker,DraftKings,463,0.2119,0.0709,0.0343,72,B,WATCH,,2.0,1.0,0.0,NO,,0.0
2026-05-30,MORNING,Wenceel Pérez,Detroit Tigers,Anthony Kay,FanDuel,636,0.1702,0.0723,0.0343,48,C,WATCH,,3.0,7.0,0.0,NO,,0.0
2026-05-30,MORNING,Dillon Dingler,Detroit Tigers,Anthony Kay,BetMGM,508,0.1985,0.0723,0.034,63,B,WATCH,,4.0,4.0,0.0,NO,,0.0
2026-05-30,MORNING,Austin Wells,New York Yankees,J.T. Ginn,FanDuel,545,0.189,0.0714,0.034,59,B,WATCH,,4.0,5.0,0.0,NO,,0.0
2026-05-30,MORNING,Tyler Heineman,Toronto Blue Jays,Brandon Young,BetMGM,514,0.1956,0.0713,0.0327,63,B,WATCH,,4.0,4.0,0.0,NO,,0.0
2026-05-30,MORNING,Elly De La Cruz,Cincinnati Reds,Martín Pérez,DraftKings,507,0.1973,0.0707,0.0326,64,B,WATCH,,3.0,3.0,0.0,NO,,0.0
2026-05-30,MORNING,Darell Hernaiz,Athletics,Ryan Weathers,DraftKings,644,0.1667,0.0709,0.0323,48,C,WATCH,,6.0,7.0,0.0,NO,,0.0
2026-05-30,MORNING,Luis García Jr.,Washington Nationals,Michael King,DraftKings,503,0.198,0.0709,0.0321,64,B,WATCH,,4.0,3.0,0.0,NO,,0.0
2026-05-30,MORNING,Junior Caminero,Tampa Bay Rays,Reid Detmers,FanDuel,565,0.1824,0.0709,0.032,56,B,WATCH,,3.0,6.0,0.0,NO,,0.0
2026-05-30,MORNING,Austin Hedges,Cleveland Guardians,Sonny Gray,DraftKings,541,0.1876,0.0709,0.0316,59,B,WATCH,,1.0,5.0,0.0,NO,,0.0
2026-05-30,MORNING,Freddy Fermin,San Diego Padres,Foster Griffin,BetMGM,540,0.1876,0.0709,0.0313,59,B,WATCH,,3.0,5.0,0.0,NO,,0.0
2026-05-30,MORNING,Ben Rice,New York Yankees,J.T. Ginn,DraftKings,470,0.2065,0.0714,0.0311,68,B,WATCH,,5.0,2.0,0.0,NO,,0.0
2026-05-30,MORNING,Carter Jensen,Kansas City Royals,Kumar Rocker,DraftKings,539,0.1876,0.0709,0.0311,59,B,WATCH,,3.0,5.0,0.0,NO,,0.0
2026-05-30,MORNING,Bryson Stott,Philadelphia Phillies,Roki Sasaki,BetMGM,493,0.1992,0.0713,0.0306,64,B,WATCH,,2.0,3.0,0.0,NO,,0.0
2026-05-30,MORNING,Curtis Mead,Washington Nationals,Michael King,BetMGM,451,0.2119,0.0709,0.0304,72,B,WATCH,,5.0,1.0,0.0,NO,,0.0
2026-05-30,MORNING,Pedro Ramírez,Chicago Cubs,Kyle Leahy,BetMGM,496,0.198,0.0709,0.0302,64,B,WATCH,,3.0,3.0,0.0,NO,,0.0
2026-05-30,MORNING,Gavin Sheets,San Diego Padres,Foster Griffin,DraftKings,470,0.2049,0.0709,0.0295,68,B,WATCH,,4.0,2.0,0.0,NO,,0.0
2026-05-30,MORNING,Brayan Rocchio,Cleveland Guardians,Sonny Gray,DraftKings,622,0.1667,0.0709,0.0282,47,C,WATCH,,2.0,7.0,0.0,NO,,0.0
2026-05-30,MORNING,JJ Wetherholt,St. Louis Cardinals,Ben Brown,DraftKings,441,0.2119,0.0709,0.027,71,B,WATCH,,3.0,1.0,0.0,NO,,0.0
2026-05-30,MORNING,Brooks Lee,Minnesota Twins,Mitch Keller,BetMGM,542,0.1824,0.0709,0.0266,55,B,WATCH,,5.0,6.0,0.0,NO,,0.0
2026-05-30,MORNING,Nico Hoerner,Chicago Cubs,Kyle Leahy,DraftKings,435,0.2119,0.0709,0.025,71,B,WATCH,,4.0,1.0,0.0,NO,,0.0
2026-05-30,MORNING,Maikel Garcia,Kansas City Royals,Kumar Rocker,FanDuel,605,0.1667,0.0709,0.0249,47,C,WATCH,,4.0,7.0,0.0,NO,,0.0
2026-05-30,MORNING,Ian Happ,Chicago Cubs,Kyle Leahy,BetMGM,647,0.158,0.0709,0.0242,42,C,WATCH,,5.0,8.0,0.0,NO,,0.0
2026-05-30,MORNING,Eric Wagaman,New York Mets,Tyler Phillips,BetMGM,452,0.2049,0.0709,0.0238,67,B,WATCH,,5.0,2.0,0.0,NO,,0.0
2026-05-30,MORNING,Nolan Gorman,St. Louis Cardinals,Ben Brown,BetMGM,474,0.198,0.0709,0.0238,63,B,WATCH,,4.0,3.0,0.0,NO,,0.0
2026-05-30,MORNING,Jeremy Peña,Houston Astros,Brandon Sproat,BetMGM,508,0.1876,0.0709,0.0231,58,B,WATCH,,2.0,5.0,0.0,NO,,0.0
2026-05-30,MORNING,Austin Martin,Minnesota Twins,Mitch Keller,FanDuel,640,0.158,0.0709,0.0229,42,C,WATCH,,6.0,8.0,0.0,NO,,0.0
2026-05-30,MORNING,Zach Neto,Los Angeles Angels,Drew Rasmussen,DraftKings,635,0.1588,0.0712,0.0228,46,C,WATCH,,6.0,8.0,0.0,NO,,0.0
2026-05-30,MORNING,Hunter Goodman,Colorado Rockies,Adrian Houser,BetMGM,443,0.2051,0.0709,0.0209,67,B,WATCH,,4.0,2.0,0.0,NO,,0.0
2026-05-30,MORNING,Victor Caratini,Minnesota Twins,Mitch Keller,BetMGM,475,0.1945,0.0709,0.0206,61,B,WATCH,,7.0,4.0,0.0,NO,,0.0
2026-05-30,MORNING,Ernie Clement,Toronto Blue Jays,Brandon Young,DraftKings,460,0.1991,0.0713,0.0205,63,B,WATCH,,5.0,3.0,0.0,NO,,0.0
2026-05-30,MORNING,Chadwick Tromp,Atlanta Braves,Brady Singer,FanDuel,494,0.1876,0.0709,0.0192,57,B,WATCH,,4.0,5.0,0.0,NO,,0.0
2026-05-30,MORNING,Alex Bregman,Chicago Cubs,Kyle Leahy,BetMGM,513,0.1824,0.0709,0.0192,54,C,WATCH,,6.0,6.0,0.0,NO,,0.0
2026-05-30,MORNING,Daylen Lile,Washington Nationals,Michael King,BetMGM,648,0.1528,0.0709,0.0191,39,D,WATCH,,6.0,9.0,0.0,NO,,0.0
2026-05-30,MORNING,Tyler Stephenson,Cincinnati Reds,Martín Pérez,FanDuel,471,0.1939,0.0707,0.0188,61,B,WATCH,,4.0,4.0,0.0,NO,,0.0
2026-05-30,MORNING,Daniel Schneemann,Cleveland Guardians,Sonny Gray,BetMGM,645,0.1528,0.0709,0.0186,39,D,WATCH,,4.0,9.0,0.0,NO,,0.0
2026-05-30,MORNING,Hao-Yu  Lee,Detroit Tigers,Anthony Kay,DraftKings,599,0.1613,0.0723,0.0182,42,C,WATCH,,5.0,8.0,0.0,NO,,0.0
2026-05-30,MORNING,Thomas Saggese,St. Louis Cardinals,Ben Brown,BetMGM,613,0.158,0.0709,0.0178,41,C,WATCH,,5.0,7.0,0.0,NO,,0.0
2026-05-30,MORNING,Logan O'Hoppe,Los Angeles Angels,Drew Rasmussen,FanDuel,494,0.1859,0.0703,0.0176,67,B,WATCH,,7.0,5.0,0.0,NO,,0.0
2026-05-30,MORNING,Braden Shewmake,Houston Astros,Brandon Sproat,BetMGM,570,0.1667,0.0709,0.0175,46,C,WATCH,,3.0,7.0,0.0,NO,,0.0
2026-05-30,MORNING,Sam Antonacci,Chicago White Sox,Framber Valdez,FanDuel,639,0.1528,0.0709,0.0175,38,D,WATCH,,3.0,9.0,0.0,NO,,0.0
2026-05-30,MORNING,Ty France,San Diego Padres,Foster Griffin,DraftKings,414,0.2119,0.0709,0.0173,70,B,WATCH,,5.0,1.0,0.0,NO,,0.0
2026-05-30,MORNING,Ezequiel Tovar,Colorado Rockies,Adrian Houser,FanDuel,636,0.1529,0.0709,0.0171,38,D,WATCH,,5.0,9.0,0.0,NO,,0.0
2026-05-30,MORNING,Ildemaro Vargas,Arizona Diamondbacks,Bryan Woo,DraftKings,432,0.2049,0.0709,0.017,66,B,WATCH,,3.0,2.0,0.0,NO,,0.0
2026-05-30,MORNING,Taylor Trammell,Houston Astros,Brandon Sproat,BetMGM,413,0.2119,0.0709,0.0169,70,B,WATCH,,4.0,1.0,0.0,NO,,0.0
2026-05-30,MORNING,Nick Loftin,Kansas City Royals,Kumar Rocker,DraftKings,451,0.198,0.0709,0.0165,62,B,WATCH,,5.0,3.0,0.0,NO,,0.0
2026-05-30,MORNING,Randal Grichuk,Chicago White Sox,Framber Valdez,BetMGM,461,0.1945,0.0709,0.0163,61,B,WATCH,,4.0,4.0,0.0,NO,,0.0
2026-05-30,MORNING,Ketel Marte,Arizona Diamondbacks,Bryan Woo,DraftKings,411,0.2119,0.0709,0.0162,70,B,WATCH,,4.0,1.0,0.0,NO,,0.0
2026-05-30,MORNING,Brett Sullivan,Colorado Rockies,Adrian Houser,DraftKings,460,0.1946,0.0709,0.0161,61,B,WATCH,,6.0,4.0,0.0,NO,,0.0
2026-05-30,MORNING,Jeremiah Jackson,Baltimore Orioles,Trey Yesavage,BetMGM,437,0.2021,0.0724,0.0159,63,B,WATCH,,4.0,3.0,0.0,NO,,0.0
2026-05-30,MORNING,Willi Castro,Colorado Rockies,Adrian Houser,BetMGM,561,0.1668,0.0709,0.0155,46,C,WATCH,,7.0,7.0,0.0,NO,,0.0
2026-05-30,MORNING,Rafael Devers,San Francisco Giants,Ryan Feltner,FanDuel,406,0.2119,0.0709,0.0143,70,B,WATCH,,3.0,1.0,0.0,NO,,0.0
2026-05-30,MORNING,Blaze Alexander,Baltimore Orioles,Trey Yesavage,DraftKings,482,0.1861,0.0724,0.0143,54,C,WATCH,,5.0,6.0,0.0,NO,,0.0
2026-05-30,MORNING,Hunter Feduccia,Tampa Bay Rays,Reid Detmers,DraftKings,476,0.1876,0.0709,0.014,57,B,WATCH,,4.0,5.0,0.0,NO,,0.0
2026-05-30,MORNING,Spencer Steer,Cincinnati Reds,Martín Pérez,FanDuel,557,0.1662,0.0707,0.014,45,C,WATCH,,5.0,7.0,0.0,NO,,0.0
2026-05-30,MORNING,Nick Gonzales,Pittsburgh Pirates,Bailey Ober,DraftKings,493,0.1824,0.0709,0.0137,54,C,WATCH,,5.0,6.0,0.0,NO,,0.0
2026-05-30,MORNING,Nick Madrigal,Los Angeles Angels,Drew Rasmussen,FanDuel,551,0.1667,0.0709,0.0131,45,C,WATCH,,8.0,7.0,0.0,NO,,0.0
2026-05-30,MORNING,Salvador Perez,Kansas City Royals,Kumar Rocker,FanDuel,451,0.1945,0.0709,0.013,60,B,WATCH,,6.0,4.0,0.0,NO,,0.0
2026-05-30,MORNING,Daulton Varsho,Toronto Blue Jays,Brandon Young,DraftKings,611,0.1537,0.0713,0.013,38,D,WATCH,,6.0,9.0,0.0,NO,,0.0
2026-05-30,MORNING,JJ Bleday,Cincinnati Reds,Martín Pérez,BetMGM,492,0.1818,0.0707,0.0129,54,C,WATCH,,6.0,6.0,0.0,NO,,0.0
2026-05-30,MORNING,Travis Bazzana,Cleveland Guardians,Sonny Gray,FanDuel,440,0.198,0.0709,0.0128,62,B,WATCH,,5.0,3.0,0.0,NO,,0.0
2026-05-30,MORNING,Willy Adames,San Francisco Giants,Ryan Feltner,DraftKings,549,0.1667,0.0709,0.0126,45,C,WATCH,,4.0,7.0,0.0,NO,,0.0
2026-05-30,MORNING,Mickey Gasper,Boston Red Sox,Parker Messick,DraftKings,416,0.2062,0.0713,0.0124,66,B,WATCH,,2.0,2.0,0.0,NO,,0.0
2026-05-30,MORNING,Edouard Julien,Colorado Rockies,Adrian Houser,FanDuel,488,0.1825,0.0709,0.0124,54,C,WATCH,,8.0,6.0,0.0,NO,,0.0
2026-05-30,MORNING,Jahmai Jones,Detroit Tigers,Anthony Kay,DraftKings,474,0.1861,0.0723,0.0119,54,C,WATCH,,6.0,6.0,0.0,NO,,0.0
2026-05-30,MORNING,Miguel Vargas,Chicago White Sox,Framber Valdez,BetMGM,417,0.2049,0.0709,0.0115,66,B,WATCH,,5.0,2.0,0.0,NO,,0.0
2026-05-30,MORNING,Konnor Griffin,Pittsburgh Pirates,Bailey Ober,FanDuel,540,0.1667,0.0709,0.0105,45,C,WATCH,,6.0,7.0,0.0,NO,,0.0
2026-05-30,MORNING,Jesus Rodriguez,San Francisco Giants,Ryan Feltner,FanDuel,413,0.2049,0.0709,0.01,65,B,WATCH,,5.0,2.0,0.0,NO,,0.0
2026-05-30,MORNING,Alejandro Osuna,Texas Rangers,Seth Lugo,BetMGM,568,0.1593,0.0715,0.0096,40,C,WATCH,,6.0,8.0,0.0,NO,,0.0
2026-05-30,MORNING,Willson Contreras,Boston Red Sox,Parker Messick,FanDuel,390,0.2132,0.0713,0.0091,69,B,WATCH,,3.0,1.0,0.0,NO,,0.0
2026-05-30,MORNING,Mookie Betts,Los Angeles Dodgers,Jesús Luzardo,FanDuel,561,0.1604,0.0719,0.0091,60,B,WATCH,,5.0,7.0,0.0,NO,,0.0
2026-05-30,MORNING,Joey Ortiz,Milwaukee Brewers,Peter Lambert,DraftKings,531,0.1675,0.0712,0.0091,45,C,WATCH,,4.0,7.0,0.0,NO,,0.0
2026-05-30,MORNING,Derek Hill,Chicago White Sox,Framber Valdez,BetMGM,477,0.1824,0.0709,0.009,53,C,WATCH,,6.0,6.0,0.0,NO,,0.0
2026-05-30,MORNING,Jose Siri,Los Angeles Angels,Drew Rasmussen,BetMGM,595,0.1528,0.0709,0.0089,37,D,WATCH,,9.0,9.0,0.0,NO,,0.0
2026-05-30,MORNING,Chase Meidroth,Chicago White Sox,Framber Valdez,FanDuel,459,0.1876,0.0709,0.0087,56,B,WATCH,,7.0,5.0,0.0,NO,,0.0
2026-05-30,MORNING,P.J. Higgins,Cincinnati Reds,Martín Pérez,BetMGM,460,0.187,0.0707,0.0084,56,B,WATCH,,7.0,5.0,0.0,NO,,0.0
2026-05-30,MORNING,Patrick Bailey,Cleveland Guardians,Sonny Gray,DraftKings,437,0.1945,0.0709,0.0083,60,B,WATCH,,6.0,4.0,0.0,NO,,0.0
2026-05-30,MORNING,Kyle Karros,Colorado Rockies,Adrian Houser,BetMGM,566,0.1581,0.0709,0.008,40,C,WATCH,,9.0,8.0,0.0,NO,,0.0
2026-05-30,MORNING,Aramis Garcia,Arizona Diamondbacks,Bryan Woo,DraftKings,454,0.1876,0.0709,0.0071,56,B,WATCH,,5.0,5.0,0.0,NO,,0.0
2026-05-30,MORNING,Randy Arozarena,Seattle Mariners,Ryne Nelson,FanDuel,562,0.158,0.0709,0.007,40,C,WATCH,,5.0,8.0,0.0,NO,,0.0
2026-05-30,MORNING,Garrett Stubbs,Philadelphia Phillies,Roki Sasaki,DraftKings,450,0.1887,0.0713,0.0069,56,B,WATCH,,3.0,5.0,0.0,NO,,0.0
2026-05-30,MORNING,Richie Palacios,Tampa Bay Rays,Reid Detmers,DraftKings,423,0.198,0.0709,0.0068,61,B,WATCH,,5.0,3.0,0.0,NO,,0.0
2026-05-30,MORNING,Jhonny Pereda,Seattle Mariners,Ryne Nelson,DraftKings,453,0.1876,0.0709,0.0067,56,B,WATCH,,6.0,5.0,0.0,NO,,0.0
2026-05-30,MORNING,TJ Friedl,Cincinnati Reds,Martín Pérez,BetMGM,586,0.1523,0.0707,0.0066,37,D,WATCH,,8.0,9.0,0.0,NO,,0.0
2026-05-30,MORNING,Bryan Reynolds,Pittsburgh Pirates,Bailey Ober,FanDuel,555,0.158,0.0709,0.0054,40,C,WATCH,,7.0,8.0,0.0,NO,,0.0
2026-05-30,MORNING,Brandon Marsh,Philadelphia Phillies,Roki Sasaki,DraftKings,572,0.1538,0.0713,0.005,37,D,WATCH,,4.0,9.0,0.0,NO,,0.0
2026-05-30,MORNING,Kevin McGonigle,Detroit Tigers,Anthony Kay,DraftKings,436,0.1914,0.0723,0.0049,56,B,WATCH,,7.0,5.0,0.0,NO,,0.0
2026-05-30,MORNING,Taylor Walls,Tampa Bay Rays,Reid Detmers,BetMGM,552,0.158,0.0709,0.0047,40,C,WATCH,,6.0,8.0,0.0,NO,,0.0
2026-05-30,MORNING,Weston Wilson,Baltimore Orioles,Trey Yesavage,FanDuel,538,0.1613,0.0724,0.0046,40,C,WATCH,,6.0,8.0,0.0,NO,,0.0
2026-05-30,MORNING,Heriberto Hernández,Miami Marlins,Christian Scott,DraftKings,573,0.1528,0.0709,0.0042,37,D,WATCH,,5.0,7.0,0.0,NO,,0.0
2026-05-30,MORNING,Edgar Quero,Chicago White Sox,Framber Valdez,FanDuel,415,0.198,0.0709,0.0038,61,B,WATCH,,8.0,3.0,0.0,NO,,0.0
2026-05-30,MORNING,Bryce Harper,Philadelphia Phillies,Roki Sasaki,BetMGM,372,0.2153,0.072,0.0034,96,B,WATCH,,5.0,1.0,0.0,NO,,0.0
2026-05-30,MORNING,Andrew Vaughn,Milwaukee Brewers,Peter Lambert,FanDuel,420,0.1955,0.0712,0.0031,59,B,WATCH,,5.0,4.0,0.0,NO,,0.0
2026-05-30,MORNING,Isaac Collins,Kansas City Royals,Kumar Rocker,BetMGM,567,0.1528,0.0709,0.0029,37,D,WATCH,,7.0,9.0,0.0,NO,,0.0
2026-05-30,MORNING,Ha-Seong Kim,Atlanta Braves,Brady Singer,DraftKings,454,0.1824,0.0709,0.0019,52,C,WATCH,,5.0,6.0,0.0,NO,,0.0
2026-05-30,MORNING,J.T. Realmuto,Philadelphia Phillies,Roki Sasaki,DraftKings,415,0.1957,0.0713,0.0015,59,B,WATCH,,6.0,4.0,0.0,NO,,0.0
2026-05-30,MORNING,Alex Freeland,Los Angeles Dodgers,Jesús Luzardo,BetMGM,376,0.2111,0.0706,0.001,68,B,WATCH,,6.0,1.0,0.0,NO,,0.0
2026-05-30,MORNING,Matt Olson,Atlanta Braves,Brady Singer,BetMGM,389,0.2049,0.0709,0.0004,64,B,WATCH,,6.0,2.0,0.0,NO,,0.0
2026-05-30,MORNING,Nick Fortes,Tampa Bay Rays,Reid Detmers,BetMGM,415,0.1945,0.0709,0.0003,59,B,WATCH,,7.0,4.0,0.0,NO,,0.0
2026-05-30,MORNING,Bo Bichette,New York Mets,Tyler Phillips,BetMGM,501,0.1667,0.0709,0.0003,44,C,WATCH,,6.0,7.0,0.0,NO,,0.0
2026-05-30,MORNING,Luis Rengifo,Milwaukee Brewers,Peter Lambert,FanDuel,395,0.2013,0.0721,-0.0008,57,C,WATCH,,6.0,3.0,0.0,NO,,0.0
2026-05-30,MORNING,Isaac Paredes,Houston Astros,Brandon Sproat,BetMGM,402,0.198,0.0709,-0.0012,60,C,WATCH,,5.0,3.0,0.0,NO,,0.0
2026-05-30,MORNING,Javier Sanoja,Miami Marlins,Christian Scott,DraftKings,443,0.1824,0.0709,-0.0018,52,C,WATCH,,6.0,6.0,0.0,NO,,0.0
2026-05-30,MORNING,Spencer Torkelson,Detroit Tigers,Anthony Kay,DraftKings,389,0.2021,0.0723,-0.0024,61,C,WATCH,,8.0,3.0,0.0,NO,,0.0
2026-05-30,MORNING,Alec Bohm,Philadelphia Phillies,Roki Sasaki,DraftKings,487,0.1678,0.0713,-0.0026,44,C,WATCH,,7.0,7.0,0.0,NO,,0.0
2026-05-30,MORNING,Andrés Giménez,Toronto Blue Jays,Brandon Young,DraftKings,486,0.1676,0.0713,-0.003,43,C,WATCH,,7.0,7.0,0.0,NO,,0.0
2026-05-30,MORNING,Mark Vientos,New York Mets,Tyler Phillips,DraftKings,397,0.198,0.0709,-0.0032,60,C,WATCH,,7.0,3.0,0.0,NO,,0.0
2026-05-30,MORNING,Carson Kelly,Chicago Cubs,Kyle Leahy,BetMGM,424,0.1876,0.0709,-0.0033,55,C,WATCH,,7.0,5.0,0.0,NO,,0.0
2026-05-30,MORNING,Orlando Arcia,Minnesota Twins,Mitch Keller,FanDuel,487,0.1667,0.0709,-0.0036,43,C,WATCH,,8.0,7.0,0.0,NO,,0.0
2026-05-30,MORNING,Christopher Morel,Miami Marlins,Christian Scott,BetMGM,378,0.2049,0.0709,-0.0043,64,C,WATCH,,7.0,2.0,0.0,NO,,0.0
2026-05-30,MORNING,Jazz Chisholm Jr.,New York Yankees,J.T. Ginn,DraftKings,390,0.1995,0.0714,-0.0046,60,C,WATCH,,6.0,3.0,0.0,NO,,0.0
2026-05-30,MORNING,Danny Jansen,Texas Rangers,Seth Lugo,FanDuel,416,0.1891,0.0715,-0.0047,54,C,WATCH,,7.0,5.0,0.0,NO,,0.0
2026-05-30,MORNING,Jeff McNeil,Athletics,Ryan Weathers,BetMGM,393,0.198,0.0709,-0.0049,60,C,WATCH,,7.0,3.0,0.0,NO,,0.0
2026-05-30,MORNING,Andrew Benintendi,Chicago White Sox,Framber Valdez,BetMGM,512,0.158,0.0709,-0.0054,38,D,WATCH,,9.0,8.0,0.0,NO,,0.0
2026-05-30,MORNING,Kyle Manzardo,Cleveland Guardians,Sonny Gray,BetMGM,374,0.2049,0.0709,-0.006,64,C,WATCH,,7.0,2.0,0.0,NO,,0.0
2026-05-30,MORNING,Connor Wong,Boston Red Sox,Parker Messick,DraftKings,395,0.1957,0.0713,-0.0063,58,C,WATCH,,4.0,4.0,0.0,NO,,0.0
2026-05-30,MORNING,Spencer Horwitz,Pittsburgh Pirates,Bailey Ober,DraftKings,373,0.2049,0.0709,-0.0065,63,C,WATCH,,8.0,2.0,0.0,NO,,0.0
2026-05-30,MORNING,Daniel Susac,San Francisco Giants,Ryan Feltner,FanDuel,413,0.1876,0.0709,-0.0074,54,C,WATCH,,6.0,5.0,0.0,NO,,0.0
2026-05-30,MORNING,Carlos Narváez,Boston Red Sox,Parker Messick,FanDuel,409,0.1887,0.0713,-0.0077,54,C,WATCH,,5.0,5.0,0.0,NO,,0.0
2026-05-30,MORNING,Chandler Simpson,Tampa Bay Rays,Reid Detmers,FanDuel,522,0.1528,0.0709,-0.0079,35,D,WATCH,,8.0,9.0,0.0,NO,,0.0
2026-05-30,MORNING,Cam Smith,Houston Astros,Brandon Sproat,FanDuel,425,0.1824,0.0709,-0.0081,51,C,WATCH,,6.0,6.0,0.0,NO,,0.0
2026-05-30,MORNING,Alex Call,Los Angeles Dodgers,Jesús Luzardo,DraftKings,523,0.1523,0.0706,-0.0082,35,D,WATCH,,7.0,8.0,0.0,NO,,0.0
2026-05-30,MORNING,Vladimir Guerrero Jr.,Toronto Blue Jays,Brandon Young,FanDuel,365,0.2061,0.0713,-0.009,63,C,WATCH,,8.0,2.0,0.0,NO,,0.0
2026-05-30,MORNING,Coby Mayo,Baltimore Orioles,Trey Yesavage,BetMGM,457,0.1702,0.0724,-0.0094,43,C,WATCH,,7.0,7.0,0.0,NO,,0.0
2026-05-30,MORNING,Victor Scott II,St. Louis Cardinals,Ben Brown,BetMGM,514,0.1528,0.0709,-0.01,35,D,WATCH,,6.0,8.0,0.0,NO,,0.0
2026-05-30,MORNING,José Fermín,St. Louis Cardinals,Ben Brown,BetMGM,465,0.1667,0.0709,-0.0103,43,C,WATCH,,7.0,6.0,0.0,NO,,0.0
2026-05-30,MORNING,Henry Bolte,Athletics,Ryan Weathers,FanDuel,511,0.1528,0.0709,-0.0108,35,D,WATCH,,8.0,9.0,0.0,NO,,0.0
2026-05-30,MORNING,Bobby Witt Jr.,Kansas City Royals,Kumar Rocker,DraftKings,490,0.158,0.0709,-0.0114,38,D,WATCH,,8.0,8.0,0.0,NO,,0.0
2026-05-30,MORNING,Mike Yastrzemski,Atlanta Braves,Brady Singer,BetMGM,509,0.1528,0.0709,-0.0114,35,D,WATCH,,7.0,9.0,0.0,NO,,0.0
2026-05-30,MORNING,Nasim Nuñez,Washington Nationals,Michael King,DraftKings,415,0.1824,0.0709,-0.0118,51,C,WATCH,,7.0,6.0,0.0,NO,,0.0
2026-05-30,MORNING,Gunnar Henderson,Baltimore Orioles,Trey Yesavage,DraftKings,495,0.156,0.0724,-0.0121,35,D,WATCH,,8.0,9.0,0.0,NO,,0.0
2026-05-30,MORNING,Masyn Winn,St. Louis Cardinals,Ben Brown,DraftKings,412,0.1824,0.0709,-0.013,51,C,WATCH,,8.0,5.0,0.0,NO,,0.0
2026-05-30,MORNING,Jorge Mateo,Atlanta Braves,Brady Singer,FanDuel,456,0.1667,0.0709,-0.0131,42,C,WATCH,,8.0,7.0,0.0,NO,,0.0
2026-05-30,MORNING,Yohendrick Piñango,Toronto Blue Jays,Brandon Young,BetMGM,480,0.1589,0.0713,-0.0135,38,D,WATCH,,9.0,8.0,0.0,NO,,0.0
2026-05-30,MORNING,J.P. Crawford,Seattle Mariners,Ryne Nelson,FanDuel,454,0.1667,0.0709,-0.0138,42,C,WATCH,,7.0,7.0,0.0,NO,,0.0
2026-05-30,MORNING,Anthony Volpe,New York Yankees,J.T. Ginn,DraftKings,478,0.1592,0.0714,-0.0138,38,D,WATCH,,7.0,8.0,0.0,NO,,0.0
2026-05-30,MORNING,Jackson Merrill,San Diego Padres,Foster Griffin,BetMGM,498,0.1528,0.0709,-0.0144,35,D,WATCH,,6.0,9.0,0.0,NO,,0.0
2026-05-30,MORNING,Patrick Wisdom,Seattle Mariners,Ryne Nelson,DraftKings,408,0.1824,0.0709,-0.0145,50,C,WATCH,,8.0,6.0,0.0,NO,,0.0
2026-05-30,MORNING,Jackson Chourio,Milwaukee Brewers,Peter Lambert,DraftKings,473,0.1588,0.0712,-0.0157,37,D,WATCH,,7.0,8.0,0.0,NO,,0.0
2026-05-30,MORNING,Dansby Swanson,Chicago Cubs,Kyle Leahy,BetMGM,446,0.1667,0.0709,-0.0164,42,C,WATCH,,8.0,7.0,0.0,NO,,0.0
2026-05-30,MORNING,Manny Machado,San Diego Padres,Foster Griffin,DraftKings,400,0.1824,0.0709,-0.0176,50,C,WATCH,,7.0,6.0,0.0,NO,,0.0
2026-05-30,MORNING,CJ Abrams,Washington Nationals,Michael King,FanDuel,468,0.158,0.0709,-0.018,37,D,WATCH,,8.0,8.0,0.0,NO,,0.0
2026-05-30,MORNING,Caleb Durbin,Boston Red Sox,Parker Messick,FanDuel,436,0.1678,0.0713,-0.0188,42,C,WATCH,,6.0,7.0,0.0,NO,,0.0
2026-05-30,MORNING,William Contreras,Milwaukee Brewers,Peter Lambert,FanDuel,382,0.1885,0.0712,-0.019,53,C,WATCH,,8.0,5.0,0.0,NO,,0.0
2026-05-30,MORNING,Jake Mangum,Pittsburgh Pirates,Bailey Ober,FanDuel,479,0.1528,0.0709,-0.0199,34,D,WATCH,,9.0,9.0,0.0,NO,,0.0
2026-05-30,MORNING,Drew Gilbert,San Francisco Giants,Ryan Feltner,FanDuel,458,0.158,0.0709,-0.0212,37,D,WATCH,,7.0,8.0,0.0,NO,,0.0
2026-05-30,MORNING,Trevor Larnach,Minnesota Twins,Mitch Keller,DraftKings,473,0.1528,0.0709,-0.0217,34,D,WATCH,,9.0,9.0,0.0,NO,,0.0
2026-05-30,MORNING,Jorbit Vivas,Washington Nationals,Michael King,DraftKings,430,0.1667,0.0709,-0.022,41,C,WATCH,,9.0,7.0,0.0,NO,,0.0
2026-05-30,MORNING,Pete Alonso,Baltimore Orioles,Trey Yesavage,BetMGM,332,0.2092,0.0724,-0.0223,62,C,WATCH,,9.0,2.0,0.0,NO,,0.0
2026-05-30,MORNING,Tyler Tolbert,Kansas City Royals,Kumar Rocker,DraftKings,388,0.1824,0.0709,-0.0226,49,C,WATCH,,9.0,6.0,0.0,NO,,0.0
2026-05-30,MORNING,Otto Lopez,Miami Marlins,Christian Scott,DraftKings,511,0.1411,0.0705,-0.0226,23,D,WATCH,,8.0,8.0,0.0,NO,,0.0
2026-05-30,MORNING,Nick Sogard,Boston Red Sox,Parker Messick,FanDuel,442,0.159,0.0713,-0.0255,36,D,WATCH,,7.0,8.0,0.0,NO,,0.0
2026-05-30,MORNING,Ryan Waldschmidt,Arizona Diamondbacks,Bryan Woo,FanDuel,460,0.1528,0.0709,-0.0257,33,D,WATCH,,6.0,9.0,0.0,NO,,0.0
2026-05-30,MORNING,Edmundo Sosa,Philadelphia Phillies,Roki Sasaki,BetMGM,372,0.1835,0.0713,-0.0284,49,C,WATCH,,8.0,6.0,0.0,NO,,0.0
2026-05-30,MORNING,Jake Meyers,Houston Astros,Brandon Sproat,FanDuel,431,0.158,0.0709,-0.0303,35,D,WATCH,,7.0,8.0,0.0,NO,,0.0
2026-05-30,MORNING,Julio Rodríguez,Seattle Mariners,Ryne Nelson,BetMGM,443,0.1528,0.0709,-0.0313,33,D,WATCH,,9.0,9.0,0.0,NO,,0.0
2026-05-30,MORNING,Josh Jung,Texas Rangers,Seth Lugo,DraftKings,401,0.1681,0.0715,-0.0315,40,C,WATCH,,8.0,7.0,0.0,NO,,0.0
2026-05-30,MORNING,Xander Bogaerts,San Diego Padres,Foster Griffin,DraftKings,404,0.1667,0.0709,-0.0317,40,C,WATCH,,8.0,7.0,0.0,NO,,0.0
2026-05-30,MORNING,José Ramírez,Cleveland Guardians,Sonny Gray,DraftKings,367,0.1824,0.0709,-0.0318,48,C,WATCH,,8.0,6.0,0.0,NO,,0.0
2026-05-30,MORNING,Matt Chapman,San Francisco Giants,Ryan Feltner,BetMGM,366,0.1824,0.0709,-0.0322,48,C,WATCH,,8.0,6.0,0.0,NO,,0.0
2026-05-30,MORNING,Zack Short,Detroit Tigers,Anthony Kay,BetMGM,430,0.156,0.0723,-0.0327,33,D,WATCH,,9.0,9.0,0.0,NO,,0.0
2026-05-30,MORNING,Christian Vázquez,Houston Astros,Brandon Sproat,BetMGM,439,0.1528,0.0709,-0.0327,32,D,WATCH,,8.0,9.0,0.0,NO,,0.0
2026-05-30,MORNING,Tim Tawa,Arizona Diamondbacks,Bryan Woo,BetMGM,401,0.1667,0.0709,-0.0329,40,C,WATCH,,7.0,7.0,0.0,NO,,0.0
2026-05-30,MORNING,Marcelo Mayer,Boston Red Sox,Parker Messick,FanDuel,361,0.1835,0.0713,-0.0334,48,C,WATCH,,8.0,6.0,0.0,NO,,0.0
2026-05-30,MORNING,Geraldo Perdomo,Arizona Diamondbacks,Bryan Woo,FanDuel,358,0.1824,0.0709,-0.036,48,C,WATCH,,8.0,6.0,0.0,NO,,0.0
2026-05-30,MORNING,Yordan Alvarez,Houston Astros,Brandon Sproat,FanDuel,333,0.1945,0.0709,-0.0364,54,C,WATCH,,9.0,4.0,0.0,NO,,0.0
2026-05-30,MORNING,Dane Myers,Cincinnati Reds,Martín Pérez,DraftKings,415,0.1575,0.0707,-0.0366,35,D,WATCH,,9.0,8.0,0.0,NO,,0.0
2026-05-30,MORNING,Trea Turner,Philadelphia Phillies,Roki Sasaki,DraftKings,411,0.159,0.0713,-0.0367,35,D,WATCH,,9.0,8.0,0.0,NO,,0.0
2026-05-30,MORNING,Ryan McMahon,New York Yankees,J.T. Ginn,FanDuel,387,0.168,0.0714,-0.0373,39,D,WATCH,,8.0,7.0,0.0,NO,,0.0
2026-05-30,MORNING,Miguel Rojas,Los Angeles Dodgers,Jesús Luzardo,BetMGM,385,0.1661,0.0706,-0.0401,39,D,WATCH,,8.0,6.0,0.0,NO,,0.0
2026-05-30,MORNING,Brett Baty,New York Mets,Tyler Phillips,FanDuel,404,0.158,0.0709,-0.0404,34,D,WATCH,,8.0,8.0,0.0,NO,,0.0
2026-05-30,MORNING,Jorge Barrosa,Arizona Diamondbacks,Bryan Woo,DraftKings,401,0.158,0.0709,-0.0416,34,D,WATCH,,9.0,8.0,0.0,NO,,0.0
2026-05-30,MORNING,Mauricio Dubón,Atlanta Braves,Brady Singer,BetMGM,399,0.158,0.0709,-0.0424,34,D,WATCH,,9.0,8.0,0.0,NO,,0.0
2026-05-30,MORNING,Angel Martínez,Cleveland Guardians,Sonny Gray,DraftKings,391,0.158,0.0709,-0.0456,34,D,WATCH,,9.0,8.0,0.0,NO,,0.0
2026-05-30,MORNING,Pete Crow-Armstrong,Chicago Cubs,Kyle Leahy,DraftKings,404,0.1528,0.0709,-0.0456,31,D,WATCH,,9.0,9.0,0.0,NO,,0.0
2026-05-30,MORNING,José Caballero,New York Yankees,J.T. Ginn,DraftKings,400,0.154,0.0714,-0.046,31,D,WATCH,,9.0,9.0,0.0,NO,,0.0
2026-05-30,MORNING,Vidal Bruján,New York Mets,Tyler Phillips,DraftKings,392,0.1528,0.0709,-0.0504,30,D,WATCH,,9.0,9.0,0.0,NO,,0.0
2026-05-30,MORNING,Oliver Dunn,Tampa Bay Rays,Reid Detmers,FanDuel,357,0.1667,0.0709,-0.0521,38,D,WATCH,,9.0,7.0,0.0,NO,,0.0
2026-05-30,MORNING,Harrison Bader,San Francisco Giants,Ryan Feltner,FanDuel,382,0.1528,0.0709,-0.0546,30,D,WATCH,,9.0,9.0,0.0,NO,,0.0
2026-05-30,MORNING,Andruw Monasterio,Boston Red Sox,Parker Messick,FanDuel,376,0.1538,0.0713,-0.0563,30,D,WATCH,,9.0,9.0,0.0,NO,,0.0
2026-05-30,MORNING,Ramón Laureano,San Diego Padres,Foster Griffin,DraftKings,366,0.158,0.0709,-0.0565,32,D,WATCH,,9.0,8.0,0.0,NO,,0.0
2026-05-30,MORNING,Blake Perkins,Milwaukee Brewers,Peter Lambert,DraftKings,375,0.1536,0.0712,-0.057,30,D,WATCH,,9.0,9.0,0.0,NO,,0.0
2026-05-30,MORNING,Tyler Soderstrom,Athletics,Ryan Weathers,FanDuel,358,0.158,0.0709,-0.0603,32,D,WATCH,,9.0,8.0,0.0,NO,,0.0
2026-05-30,MORNING,Sam Haggerty,Texas Rangers,Seth Lugo,FanDuel,353,0.1541,0.0715,-0.0667,28,D,WATCH,,9.0,9.0,0.0,NO,,0.0
2026-05-30,ONE_HOUR,Riley Greene,Detroit Tigers,Anthony Kay,BetMGM,633,0.2162,0.0723,0.0798,78,B,TIER 1 💎,,1.0,1.0,1.0,YES 🔥,NO HR,-1.0
2026-05-30,ONE_HOUR,Jackson Holliday,Baltimore Orioles,Trey Yesavage,FanDuel,632,0.2163,0.0724,0.0797,78,B,TIER 1 💎,,1.0,1.0,1.0,YES 🔥,NO HR,-1.0
2026-05-30,ONE_HOUR,Donovan Walton,Los Angeles Angels,Drew Rasmussen,DraftKings,656,0.2119,0.0709,0.0796,77,B,TIER 1 💎,,1.0,1.0,1.0,YES 🔥,NO HR,-1.0
2026-05-30,ONE_HOUR,Charles McAdoo,Toronto Blue Jays,Brandon Young,BetMGM,647,0.213,0.0713,0.0792,78,B,TIER 1 💎,,1.0,1.0,1.0,YES 🔥,NO HR,-1.0
2026-05-30,ONE_HOUR,Jake Burger,Texas Rangers,Seth Lugo,DraftKings,640,0.2136,0.0715,0.0785,77,B,TIER 1 💎,,1.0,1.0,1.0,YES 🔥,NO HR,-1.0
2026-05-30,ONE_HOUR,Jackson Holliday,Baltimore Orioles,Trey Yesavage,BetMGM,620,0.2163,0.0724,0.0774,78,B,TIER 1 💎,,1.0,1.0,1.0,YES 🔥,NO HR,-1.0
2026-05-30,ONE_HOUR,Ryan Vilade,Tampa Bay Rays,Reid Detmers,BetMGM,643,0.2119,0.0709,0.0773,77,B,TIER 1 💎,,1.0,1.0,1.0,YES 🔥,NO HR,-1.0
2026-05-30,ONE_HOUR,Brice Turang,Milwaukee Brewers,Peter Lambert,FanDuel,625,0.2129,0.0712,0.075,77,B,TIER 1 💎,,1.0,1.0,1.0,YES 🔥,NO HR,-1.0
2026-05-30,ONE_HOUR,Alex Freeland,Los Angeles Dodgers,Jesús Luzardo,DraftKings,631,0.2111,0.0706,0.0743,77,B,TIER 1 💎,,1.0,1.0,1.0,YES 🔥,NO HR,-1.0
2026-05-30,ONE_HOUR,Nick Kurtz,Athletics,Ryan Weathers,BetMGM,664,0.2049,0.0709,0.074,73,B,TIER 2 🔥,,1.0,2.0,0.5,YES 🔥,NO HR,-0.5
2026-05-30,ONE_HOUR,Ben Rice,New York Yankees,J.T. Ginn,DraftKings,649,0.2065,0.0714,0.073,73,B,TIER 2 🔥,,1.0,2.0,0.5,YES 🔥,NO HR,-0.5
2026-05-30,ONE_HOUR,Andrés Chaparro,Washington Nationals,Michael King,DraftKings,656,0.2049,0.0709,0.0727,73,B,TIER 2 🔥,,1.0,2.0,0.5,YES 🔥,NO HR,-0.5
2026-05-30,ONE_HOUR,Gavin Sheets,San Diego Padres,Foster Griffin,FanDuel,650,0.2049,0.0709,0.0716,73,B,TIER 2 🔥,,1.0,2.0,0.5,YES 🔥,NO HR,-0.5
2026-05-30,ONE_HOUR,Vinnie Pasquantino,Kansas City Royals,Kumar Rocker,BetMGM,635,0.2049,0.0709,0.0689,72,B,TIER 2 🔥,,1.0,2.0,0.5,YES 🔥,NO HR,-0.5
2026-05-30,ONE_HOUR,Hunter Goodman,Colorado Rockies,Adrian Houser,DraftKings,634,0.2051,0.0709,0.0688,72,B,TIER 2 🔥,,1.0,2.0,0.5,YES 🔥,NO HR,-0.5
2026-05-30,ONE_HOUR,JJ Wetherholt,St. Louis Cardinals,Ben Brown,BetMGM,597,0.2119,0.0709,0.0684,76,B,TIER 1 💎,,1.0,1.0,1.0,YES 🔥,NO HR,-1.0
2026-05-30,ONE_HOUR,CJ Abrams,Washington Nationals,Michael King,FanDuel,597,0.2119,0.0709,0.0684,76,B,TIER 1 💎,,1.0,1.0,1.0,YES 🔥,NO HR,-1.0
2026-05-30,ONE_HOUR,Edgar Quero,Chicago White Sox,Framber Valdez,DraftKings,658,0.198,0.0709,0.0661,68,B,TIER 2 🔥,,1.0,3.0,0.5,YES 🔥,HR,3.29
2026-05-30,ONE_HOUR,Brandon Lowe,Pittsburgh Pirates,Bailey Ober,BetMGM,585,0.2119,0.0709,0.0659,76,B,TIER 1 💎,,1.0,1.0,1.0,YES 🔥,NO HR,-1.0
2026-05-30,ONE_HOUR,Chase DeLauter,Cleveland Guardians,Sonny Gray,DraftKings,618,0.2049,0.0709,0.0657,72,B,TIER 2 🔥,,1.0,2.0,0.5,YES 🔥,NO HR,-0.5
2026-05-30,ONE_HOUR,Jeff McNeil,Athletics,Ryan Weathers,BetMGM,653,0.198,0.0709,0.0652,68,B,TIER 2 🔥,,1.0,3.0,0.5,YES 🔥,NO HR,-0.5
2026-05-30,ONE_HOUR,Kody Clemens,Minnesota Twins,Mitch Keller,DraftKings,578,0.2119,0.0709,0.0644,76,B,TIER 1 💎,,1.0,1.0,1.0,YES 🔥,NO HR,-1.0
2026-05-30,ONE_HOUR,Jared Young,New York Mets,Tyler Phillips,DraftKings,574,0.2119,0.0709,0.0635,76,B,TIER 1 💎,,1.0,1.0,1.0,YES 🔥,HR,5.74
2026-05-30,ONE_HOUR,Max Muncy,Los Angeles Dodgers,Jesús Luzardo,FanDuel,641,0.1973,0.0706,0.0623,68,B,TIER 2 🔥,,1.0,3.0,0.5,YES 🔥,NO HR,-0.5
2026-05-30,ONE_HOUR,Austin Riley,Atlanta Braves,Brady Singer,FanDuel,632,0.198,0.0709,0.0614,68,B,TIER 2 🔥,,1.0,3.0,0.5,YES 🔥,NO HR,-0.5
2026-05-30,ONE_HOUR,Tyler Heineman,Toronto Blue Jays,Brandon Young,DraftKings,642,0.1956,0.0713,0.0608,66,B,TIER 2 🔥,,1.0,4.0,0.5,YES 🔥,NO HR,-0.5
2026-05-30,ONE_HOUR,Jazz Chisholm Jr.,New York Yankees,J.T. Ginn,BetMGM,610,0.1995,0.0714,0.0587,68,B,TIER 2 🔥,,1.0,3.0,0.5,YES 🔥,NO HR,-0.5
2026-05-30,ONE_HOUR,Connor Wong,Boston Red Sox,Parker Messick,DraftKings,622,0.1957,0.0713,0.0572,66,B,TIER 2 🔥,,1.0,4.0,0.5,YES 🔥,NO HR,-0.5
2026-05-30,ONE_HOUR,Bryson Stott,Philadelphia Phillies,Roki Sasaki,BetMGM,603,0.1992,0.0713,0.057,67,B,TIER 2 🔥,,1.0,3.0,0.5,YES 🔥,NO HR,-0.5
2026-05-30,ONE_HOUR,Michael Busch,Chicago Cubs,Kyle Leahy,DraftKings,575,0.2049,0.0709,0.0568,71,B,TIER 2 🔥,,1.0,2.0,0.5,YES 🔥,NO HR,-0.5
2026-05-30,ONE_HOUR,Cole Young,Seattle Mariners,Ryne Nelson,BetMGM,542,0.2119,0.0709,0.0561,75,B,TIER 1 💎,,1.0,1.0,1.0,YES 🔥,NO HR,-1.0
2026-05-30,ONE_HOUR,Kyle Manzardo,Cleveland Guardians,Sonny Gray,BetMGM,570,0.2049,0.0709,0.0557,71,B,TIER 2 🔥,,1.0,2.0,0.5,YES 🔥,NO HR,-0.5
2026-05-30,ONE_HOUR,Sal Stewart,Cincinnati Reds,Martín Pérez,DraftKings,564,0.2043,0.0707,0.0537,71,B,TIER 2 🔥,,1.0,2.0,0.5,YES 🔥,NO HR,-0.5
2026-05-30,ONE_HOUR,Eric Wagaman,New York Mets,Tyler Phillips,FanDuel,561,0.2049,0.0709,0.0536,71,B,TIER 2 🔥,,1.0,2.0,0.5,YES 🔥,NO HR,-0.5
2026-05-30,ONE_HOUR,Matt Vierling,Detroit Tigers,Anthony Kay,FanDuel,533,0.2094,0.0724,0.0514,71,B,TIER 2 🔥,,1.0,2.0,0.5,YES 🔥,NO HR,-0.5
2026-05-30,ONE_HOUR,Xavier Edwards,Miami Marlins,Christian Scott,DraftKings,572,0.199,0.0713,0.0502,87,A,TIER 2 🔥,,1.0,3.0,0.5,YES 🔥,NO HR,-0.5
2026-05-30,ONE_HOUR,Matt McLain,Cincinnati Reds,Martín Pérez,BetMGM,515,0.2112,0.0707,0.0486,74,B,TIER 1 💎,,2.0,1.0,1.0,YES 🔥,NO HR,-1.0
2026-05-30,ONE_HOUR,Isaac Paredes,Houston Astros,Brandon Sproat,FanDuel,567,0.198,0.0709,0.0481,66,B,TIER 2 🔥,,1.0,3.0,0.5,YES 🔥,NO HR,-0.5
2026-05-30,ONE_HOUR,Connor Norby,Miami Marlins,Christian Scott,BetMGM,506,0.2119,0.0709,0.0469,74,B,TIER 1 💎,,1.0,1.0,1.0,YES 🔥,NO HR,-1.0
2026-05-30,ONE_HOUR,JJ Wetherholt,St. Louis Cardinals,Ben Brown,DraftKings,506,0.2119,0.0709,0.0469,74,B,TIER 1 💎,,2.0,1.0,1.0,YES 🔥,NO HR,-1.0
2026-05-30,ONE_HOUR,Luis Arraez,San Francisco Giants,Ryan Feltner,DraftKings,562,0.198,0.0709,0.0469,66,B,TIER 2 🔥,,2.0,3.0,0.5,YES 🔥,NO HR,-0.5
2026-05-30,ONE_HOUR,Vinnie Pasquantino,Kansas City Royals,Kumar Rocker,DraftKings,529,0.2049,0.0709,0.046,70,B,TIER 2 🔥,,1.0,2.0,0.5,YES 🔥,NO HR,-0.5
2026-05-30,ONE_HOUR,Ryan Vilade,Tampa Bay Rays,Reid Detmers,DraftKings,492,0.2119,0.0709,0.043,73,B,TIER 1 💎,,2.0,1.0,1.0,YES 🔥,NO HR,-1.0
2026-05-30,ONE_HOUR,Colson Montgomery,Chicago White Sox,Framber Valdez,FanDuel,489,0.2119,0.0709,0.0421,73,B,TIER 1 💎,,2.0,1.0,1.0,YES 🔥,HR,4.89
2026-05-30,ONE_HOUR,Nolan Arenado,Arizona Diamondbacks,Bryan Woo,DraftKings,533,0.198,0.0709,0.04,65,B,TIER 2 🔥,,1.0,3.0,0.5,YES 🔥,NO HR,-0.5
2026-05-30,ONE_HOUR,Brandon Nimmo,Texas Rangers,Seth Lugo,FanDuel,494,0.2066,0.0715,0.0383,69,B,TIER 2 🔥,,2.0,2.0,0.5,YES 🔥,NO HR,-0.5
2026-05-30,ONE_HOUR,Nico Hoerner,Chicago Cubs,Kyle Leahy,BetMGM,465,0.2119,0.0709,0.0349,72,B,TIER 2 🔥,,2.0,1.0,0.5,YES 🔥,NO HR,-0.5
2026-05-30,ONE_HOUR,Nick Gonzales,Pittsburgh Pirates,Bailey Ober,DraftKings,441,0.2119,0.0709,0.027,71,B,TIER 2 🔥,,3.0,1.0,0.5,YES 🔥,NO HR,-0.5
2026-05-30,ONE_HOUR,Christian Walker,Houston Astros,Brandon Sproat,DraftKings,460,0.2049,0.0709,0.0264,67,B,TIER 2 🔥,,2.0,2.0,0.5,YES 🔥,NO HR,-0.5
2026-05-30,ONE_HOUR,Alika Williams,Athletics,Ryan Weathers,DraftKings,599,0.2119,0.0709,0.0688,76,B,WATCH,,2.0,1.0,0.0,NO,,0.0
2026-05-30,ONE_HOUR,Curtis Mead,Washington Nationals,Michael King,BetMGM,584,0.2119,0.0709,0.0657,76,B,WATCH,,2.0,1.0,0.0,NO,,0.0
2026-05-30,ONE_HOUR,Eric Haase,San Francisco Giants,Ryan Feltner,DraftKings,654,0.1945,0.0709,0.0619,66,B,WATCH,,1.0,4.0,0.0,NO,,0.0
2026-05-30,ONE_HOUR,Sebastián Rivero,Los Angeles Angels,Drew Rasmussen,BetMGM,651,0.1945,0.0709,0.0614,66,B,WATCH,,1.0,4.0,0.0,NO,,0.0
2026-05-30,ONE_HOUR,Junior Caminero,Tampa Bay Rays,Reid Detmers,BetMGM,586,0.2049,0.0709,0.0592,71,B,WATCH,,2.0,2.0,0.0,NO,,0.0
2026-05-30,ONE_HOUR,Brandon Nimmo,Texas Rangers,Seth Lugo,DraftKings,576,0.2066,0.0715,0.0587,71,B,WATCH,,2.0,2.0,0.0,NO,,0.0
2026-05-30,ONE_HOUR,Chad Stevens,Colorado Rockies,Adrian Houser,BetMGM,617,0.1981,0.0709,0.0586,68,B,WATCH,,2.0,3.0,0.0,NO,,0.0
2026-05-30,ONE_HOUR,Luke Keaschall,Minnesota Twins,Mitch Keller,FanDuel,549,0.2119,0.0709,0.0578,75,B,WATCH,,2.0,1.0,0.0,NO,,0.0
2026-05-30,ONE_HOUR,Carlos Narváez,Boston Red Sox,Parker Messick,DraftKings,654,0.1887,0.0713,0.0561,62,B,WATCH,,2.0,5.0,0.0,NO,,0.0
2026-05-30,ONE_HOUR,Tyler Stephenson,Cincinnati Reds,Martín Pérez,FanDuel,625,0.1939,0.0707,0.056,65,B,WATCH,,1.0,4.0,0.0,NO,,0.0
2026-05-30,ONE_HOUR,Salvador Perez,Kansas City Royals,Kumar Rocker,DraftKings,618,0.1945,0.0709,0.0552,65,B,WATCH,,2.0,4.0,0.0,NO,,0.0
2026-05-30,ONE_HOUR,Garrett Stubbs,Philadelphia Phillies,Roki Sasaki,DraftKings,645,0.1887,0.0713,0.0545,62,B,WATCH,,2.0,5.0,0.0,NO,,0.0
2026-05-30,ONE_HOUR,Joc Pederson,Texas Rangers,Seth Lugo,DraftKings,641,0.1891,0.0715,0.0542,62,B,WATCH,,1.0,5.0,0.0,NO,,0.0
2026-05-30,ONE_HOUR,Freddie Freeman,Los Angeles Dodgers,Jesús Luzardo,BetMGM,564,0.2042,0.0706,0.0536,71,B,WATCH,,2.0,2.0,0.0,NO,,0.0
2026-05-30,ONE_HOUR,Braxton Fulford,Colorado Rockies,Adrian Houser,DraftKings,642,0.1877,0.0709,0.0529,61,B,WATCH,,1.0,5.0,0.0,NO,,0.0
2026-05-30,ONE_HOUR,Jeremy Peña,Houston Astros,Brandon Sproat,FanDuel,638,0.1876,0.0709,0.0521,61,B,WATCH,,1.0,5.0,0.0,NO,,0.0
2026-05-30,ONE_HOUR,Pedro Pagés,St. Louis Cardinals,Ben Brown,DraftKings,600,0.1945,0.0709,0.0517,65,B,WATCH,,1.0,4.0,0.0,NO,,0.0
2026-05-30,ONE_HOUR,Connor Wong,Boston Red Sox,Parker Messick,BetMGM,594,0.1957,0.0713,0.0516,65,B,WATCH,,2.0,4.0,0.0,NO,,0.0
2026-05-30,ONE_HOUR,Rodolfo Durán,San Diego Padres,Foster Griffin,BetMGM,599,0.1945,0.0709,0.0515,65,B,WATCH,,2.0,4.0,0.0,NO,,0.0
2026-05-30,ONE_HOUR,Kevin McGonigle,Detroit Tigers,Anthony Kay,FanDuel,611,0.1916,0.0724,0.051,61,B,WATCH,,2.0,5.0,0.0,NO,,0.0
2026-05-30,ONE_HOUR,Pedro Ramírez,Chicago Cubs,Kyle Leahy,DraftKings,580,0.198,0.0709,0.0509,67,B,WATCH,,2.0,3.0,0.0,NO,,0.0
2026-05-30,ONE_HOUR,Willson Contreras,Boston Red Sox,Parker Messick,BetMGM,515,0.2132,0.0713,0.0506,74,B,WATCH,,3.0,1.0,0.0,NO,,0.0
2026-05-30,ONE_HOUR,Nick Kurtz,Athletics,Ryan Weathers,DraftKings,547,0.2049,0.0709,0.0504,70,B,WATCH,,2.0,2.0,0.0,NO,,0.0
2026-05-30,ONE_HOUR,José Ramírez,Cleveland Guardians,Sonny Gray,BetMGM,593,0.1945,0.0709,0.0502,65,B,WATCH,,2.0,4.0,0.0,NO,,0.0
2026-05-30,ONE_HOUR,Carson Kelly,Chicago Cubs,Kyle Leahy,DraftKings,627,0.1876,0.0709,0.05,61,B,WATCH,,1.0,5.0,0.0,NO,,0.0
2026-05-30,ONE_HOUR,Yandy Díaz,Tampa Bay Rays,Reid Detmers,FanDuel,623,0.1876,0.0709,0.0493,61,B,WATCH,,1.0,5.0,0.0,NO,,0.0
2026-05-30,ONE_HOUR,Josh Bell,Minnesota Twins,Mitch Keller,FanDuel,542,0.2049,0.0709,0.0492,70,B,WATCH,,2.0,2.0,0.0,NO,,0.0
2026-05-30,ONE_HOUR,A.J. Ewing,New York Mets,Tyler Phillips,BetMGM,648,0.1824,0.0709,0.0487,58,B,WATCH,,2.0,6.0,0.0,NO,,0.0
2026-05-30,ONE_HOUR,Andrew Vaughn,Milwaukee Brewers,Peter Lambert,FanDuel,581,0.1955,0.0712,0.0486,65,B,WATCH,,2.0,4.0,0.0,NO,,0.0
2026-05-30,ONE_HOUR,Carson Kelly,Chicago Cubs,Kyle Leahy,BetMGM,619,0.1876,0.0709,0.0485,61,B,WATCH,,3.0,5.0,0.0,NO,,0.0
2026-05-30,ONE_HOUR,Paul Goldschmidt,New York Yankees,J.T. Ginn,BetMGM,504,0.2135,0.0714,0.0479,74,B,WATCH,,2.0,1.0,0.0,NO,,0.0
2026-05-30,ONE_HOUR,Edmundo Sosa,Philadelphia Phillies,Roki Sasaki,BetMGM,633,0.1835,0.0713,0.0471,58,B,WATCH,,1.0,6.0,0.0,NO,,0.0
2026-05-30,ONE_HOUR,Endy Rodríguez,Pittsburgh Pirates,Bailey Ober,FanDuel,611,0.1876,0.0709,0.0469,61,B,WATCH,,2.0,5.0,0.0,NO,,0.0
2026-05-30,ONE_HOUR,Trevor Larnach,Minnesota Twins,Mitch Keller,DraftKings,577,0.1945,0.0709,0.0468,64,B,WATCH,,3.0,4.0,0.0,NO,,0.0
2026-05-30,ONE_HOUR,Zack Gelof,Athletics,Ryan Weathers,DraftKings,637,0.1824,0.0709,0.0467,58,B,WATCH,,3.0,6.0,0.0,NO,,0.0
2026-05-30,ONE_HOUR,P.J. Higgins,Cincinnati Reds,Martín Pérez,BetMGM,612,0.187,0.0707,0.0465,60,B,WATCH,,3.0,5.0,0.0,NO,,0.0
2026-05-30,ONE_HOUR,Braxton Fulford,Colorado Rockies,Adrian Houser,BetMGM,608,0.1877,0.0709,0.0464,60,B,WATCH,,3.0,5.0,0.0,NO,,0.0
2026-05-30,ONE_HOUR,Logan O'Hoppe,Los Angeles Angels,Drew Rasmussen,FanDuel,615,0.1859,0.0703,0.0461,71,B,WATCH,,2.0,5.0,0.0,NO,,0.0
2026-05-30,ONE_HOUR,Christian Walker,Houston Astros,Brandon Sproat,BetMGM,529,0.2049,0.0709,0.046,70,B,WATCH,,2.0,2.0,0.0,NO,,0.0
2026-05-30,ONE_HOUR,Jesus Rodriguez,San Francisco Giants,Ryan Feltner,FanDuel,529,0.2049,0.0709,0.046,70,B,WATCH,,3.0,2.0,0.0,NO,,0.0
2026-05-30,ONE_HOUR,Ernie Clement,Toronto Blue Jays,Brandon Young,FanDuel,553,0.1991,0.0713,0.0459,66,B,WATCH,,2.0,3.0,0.0,NO,,0.0
2026-05-30,ONE_HOUR,Bo Bichette,New York Mets,Tyler Phillips,BetMGM,572,0.1945,0.0709,0.0457,64,B,WATCH,,3.0,4.0,0.0,NO,,0.0
2026-05-30,ONE_HOUR,Alex Bregman,Chicago Cubs,Kyle Leahy,DraftKings,632,0.1824,0.0709,0.0457,58,B,WATCH,,4.0,6.0,0.0,NO,,0.0
2026-05-30,ONE_HOUR,Dillon Dingler,Detroit Tigers,Anthony Kay,BetMGM,552,0.1987,0.0724,0.0454,64,B,WATCH,,3.0,4.0,0.0,NO,,0.0
2026-05-30,ONE_HOUR,Brett Sullivan,Colorado Rockies,Adrian Houser,DraftKings,570,0.1946,0.0709,0.0454,64,B,WATCH,,4.0,4.0,0.0,NO,,0.0
2026-05-30,ONE_HOUR,Spencer Torkelson,Detroit Tigers,Anthony Kay,FanDuel,537,0.2021,0.0723,0.0451,66,B,WATCH,,2.0,3.0,0.0,NO,,0.0
2026-05-30,ONE_HOUR,Carson Benge,New York Mets,Tyler Phillips,BetMGM,600,0.1876,0.0709,0.0447,60,B,WATCH,,4.0,5.0,0.0,NO,,0.0
2026-05-30,ONE_HOUR,Edouard Julien,Colorado Rockies,Adrian Houser,BetMGM,625,0.1825,0.0709,0.0445,57,B,WATCH,,2.0,6.0,0.0,NO,,0.0
2026-05-30,ONE_HOUR,Alika Williams,Athletics,Ryan Weathers,BetMGM,497,0.2119,0.0709,0.0444,73,B,WATCH,,4.0,1.0,0.0,NO,,0.0
2026-05-30,ONE_HOUR,Victor Caratini,Minnesota Twins,Mitch Keller,FanDuel,566,0.1945,0.0709,0.0444,64,B,WATCH,,3.0,4.0,0.0,NO,,0.0
2026-05-30,ONE_HOUR,Chadwick Tromp,Atlanta Braves,Brady Singer,DraftKings,598,0.1876,0.0709,0.0443,60,B,WATCH,,2.0,5.0,0.0,NO,,0.0
2026-05-30,ONE_HOUR,Victor Caratini,Minnesota Twins,Mitch Keller,BetMGM,620,0.1824,0.0709,0.0435,57,B,WATCH,,4.0,6.0,0.0,NO,,0.0
2026-05-30,ONE_HOUR,Josh Naylor,Seattle Mariners,Ryne Nelson,BetMGM,519,0.2049,0.0709,0.0434,69,B,WATCH,,2.0,2.0,0.0,NO,,0.0
2026-05-30,ONE_HOUR,Derek Hill,Chicago White Sox,Framber Valdez,BetMGM,619,0.1824,0.0709,0.0433,57,B,WATCH,,1.0,6.0,0.0,NO,,0.0
2026-05-30,ONE_HOUR,Pedro Pagés,St. Louis Cardinals,Ben Brown,BetMGM,561,0.1945,0.0709,0.0432,64,B,WATCH,,2.0,4.0,0.0,NO,,0.0
2026-05-30,ONE_HOUR,Ty France,San Diego Padres,Foster Griffin,FanDuel,492,0.2119,0.0709,0.043,73,B,WATCH,,2.0,1.0,0.0,NO,,0.0
2026-05-30,ONE_HOUR,Kyle Manzardo,Cleveland Guardians,Sonny Gray,DraftKings,488,0.2119,0.0709,0.0418,73,B,WATCH,,3.0,1.0,0.0,NO,,0.0
2026-05-30,ONE_HOUR,Kazuma Okamoto,Toronto Blue Jays,Brandon Young,DraftKings,606,0.1834,0.0713,0.0417,57,B,WATCH,,2.0,6.0,0.0,NO,,0.0
2026-05-30,ONE_HOUR,Jahmai Jones,Detroit Tigers,Anthony Kay,FanDuel,592,0.1861,0.0723,0.0416,57,B,WATCH,,3.0,6.0,0.0,NO,,0.0
2026-05-30,ONE_HOUR,Rafael Devers,San Francisco Giants,Ryan Feltner,BetMGM,484,0.2119,0.0709,0.0406,73,B,WATCH,,4.0,1.0,0.0,NO,,0.0
2026-05-30,ONE_HOUR,José Tena,Washington Nationals,Michael King,BetMGM,535,0.198,0.0709,0.0405,65,B,WATCH,,2.0,3.0,0.0,NO,,0.0
2026-05-30,ONE_HOUR,Spencer Horwitz,Pittsburgh Pirates,Bailey Ober,DraftKings,580,0.1876,0.0709,0.0405,60,B,WATCH,,1.0,5.0,0.0,NO,,0.0
2026-05-30,ONE_HOUR,Patrick Wisdom,Seattle Mariners,Ryne Nelson,FanDuel,602,0.1824,0.0709,0.0399,57,B,WATCH,,2.0,6.0,0.0,NO,,0.0
2026-05-30,ONE_HOUR,Luis Arraez,San Francisco Giants,Ryan Feltner,BetMGM,532,0.198,0.0709,0.0398,65,B,WATCH,,3.0,3.0,0.0,NO,,0.0
2026-05-30,ONE_HOUR,Chandler Simpson,Tampa Bay Rays,Reid Detmers,BetMGM,532,0.198,0.0709,0.0398,65,B,WATCH,,3.0,3.0,0.0,NO,,0.0
2026-05-30,ONE_HOUR,Christopher Morel,Miami Marlins,Christian Scott,DraftKings,505,0.2049,0.0709,0.0396,69,B,WATCH,,3.0,2.0,0.0,NO,,0.0
2026-05-30,ONE_HOUR,Alex Freeland,Los Angeles Dodgers,Jesús Luzardo,BetMGM,482,0.2111,0.0706,0.0393,73,B,WATCH,,4.0,1.0,0.0,NO,,0.0
2026-05-30,ONE_HOUR,Mickey Gasper,Boston Red Sox,Parker Messick,DraftKings,499,0.2062,0.0713,0.0393,69,B,WATCH,,3.0,2.0,0.0,NO,,0.0
2026-05-30,ONE_HOUR,Blaze Alexander,Baltimore Orioles,Trey Yesavage,BetMGM,579,0.1861,0.0724,0.0389,57,B,WATCH,,2.0,6.0,0.0,NO,,0.0
2026-05-30,ONE_HOUR,Mitch Garver,Seattle Mariners,Ryne Nelson,BetMGM,539,0.1945,0.0709,0.038,63,B,WATCH,,3.0,4.0,0.0,NO,,0.0
2026-05-30,ONE_HOUR,TJ Rumfield,Colorado Rockies,Adrian Houser,BetMGM,474,0.212,0.0709,0.0378,72,B,WATCH,,5.0,1.0,0.0,NO,,0.0
2026-05-30,ONE_HOUR,Donovan Walton,Los Angeles Angels,Drew Rasmussen,FanDuel,474,0.2119,0.0709,0.0377,72,B,WATCH,,3.0,1.0,0.0,NO,,0.0
2026-05-30,ONE_HOUR,Matt Vierling,Detroit Tigers,Anthony Kay,DraftKings,483,0.2092,0.0723,0.0376,69,B,WATCH,,4.0,2.0,0.0,NO,,0.0
2026-05-30,ONE_HOUR,Charles McAdoo,Toronto Blue Jays,Brandon Young,DraftKings,469,0.213,0.0713,0.0373,73,B,WATCH,,3.0,1.0,0.0,NO,,0.0
2026-05-30,ONE_HOUR,Jonathan Aranda,Tampa Bay Rays,Reid Detmers,BetMGM,536,0.1945,0.0709,0.0373,63,B,WATCH,,3.0,4.0,0.0,NO,,0.0
2026-05-30,ONE_HOUR,Jake Burger,Texas Rangers,Seth Lugo,BetMGM,465,0.2136,0.0715,0.0366,72,B,WATCH,,3.0,1.0,0.0,NO,,0.0
2026-05-30,ONE_HOUR,Shea Langeliers,Athletics,Ryan Weathers,DraftKings,532,0.1945,0.0709,0.0363,63,B,WATCH,,5.0,4.0,0.0,NO,,0.0
2026-05-30,ONE_HOUR,Matt Chapman,San Francisco Giants,Ryan Feltner,DraftKings,584,0.1824,0.0709,0.0362,56,B,WATCH,,4.0,6.0,0.0,NO,,0.0
2026-05-30,ONE_HOUR,Ezequiel Duran,Texas Rangers,Seth Lugo,BetMGM,511,0.1996,0.0715,0.036,65,B,WATCH,,3.0,3.0,0.0,NO,,0.0
2026-05-30,ONE_HOUR,Sebastián Rivero,Los Angeles Angels,Drew Rasmussen,DraftKings,531,0.1945,0.0709,0.036,63,B,WATCH,,3.0,4.0,0.0,NO,,0.0
2026-05-30,ONE_HOUR,Jhonny Pereda,Seattle Mariners,Ryne Nelson,BetMGM,559,0.1876,0.0709,0.0358,59,B,WATCH,,3.0,5.0,0.0,NO,,0.0
2026-05-30,ONE_HOUR,Marcelo Mayer,Boston Red Sox,Parker Messick,DraftKings,577,0.1835,0.0713,0.0358,57,B,WATCH,,4.0,6.0,0.0,NO,,0.0
2026-05-30,ONE_HOUR,Colson Montgomery,Chicago White Sox,Framber Valdez,DraftKings,466,0.2119,0.0709,0.0352,72,B,WATCH,,2.0,1.0,0.0,NO,,0.0
2026-05-30,ONE_HOUR,Nick Fortes,Tampa Bay Rays,Reid Detmers,BetMGM,659,0.1667,0.0709,0.035,48,C,WATCH,,4.0,7.0,0.0,NO,,0.0
2026-05-30,ONE_HOUR,JJ Bleday,Cincinnati Reds,Martín Pérez,DraftKings,578,0.1818,0.0707,0.0343,56,B,WATCH,,4.0,6.0,0.0,NO,,0.0
2026-05-30,ONE_HOUR,Masyn Winn,St. Louis Cardinals,Ben Brown,BetMGM,575,0.1824,0.0709,0.0342,56,B,WATCH,,3.0,5.0,0.0,NO,,0.0
2026-05-30,ONE_HOUR,Spencer Steer,Cincinnati Reds,Martín Pérez,DraftKings,656,0.1662,0.0707,0.0339,48,C,WATCH,,5.0,7.0,0.0,NO,,0.0
2026-05-30,ONE_HOUR,Jorge Mateo,Atlanta Braves,Brady Singer,DraftKings,646,0.1667,0.0709,0.0327,48,C,WATCH,,3.0,7.0,0.0,NO,,0.0
2026-05-30,ONE_HOUR,Tim Tawa,Arizona Diamondbacks,Bryan Woo,BetMGM,643,0.1667,0.0709,0.0321,48,C,WATCH,,2.0,7.0,0.0,NO,,0.0
2026-05-30,ONE_HOUR,Austin Martin,Minnesota Twins,Mitch Keller,BetMGM,502,0.198,0.0709,0.0319,64,B,WATCH,,5.0,3.0,0.0,NO,,0.0
2026-05-30,ONE_HOUR,Pedro Ramírez,Chicago Cubs,Kyle Leahy,BetMGM,502,0.198,0.0709,0.0319,64,B,WATCH,,3.0,3.0,0.0,NO,,0.0
2026-05-30,ONE_HOUR,Patrick Wisdom,Seattle Mariners,Ryne Nelson,DraftKings,564,0.1824,0.0709,0.0318,56,B,WATCH,,4.0,6.0,0.0,NO,,0.0
2026-05-30,ONE_HOUR,Nolan Gorman,St. Louis Cardinals,Ben Brown,FanDuel,501,0.198,0.0709,0.0316,64,B,WATCH,,3.0,3.0,0.0,NO,,0.0
2026-05-30,ONE_HOUR,Konnor Griffin,Pittsburgh Pirates,Bailey Ober,FanDuel,562,0.1824,0.0709,0.0313,56,B,WATCH,,2.0,6.0,0.0,NO,,0.0
2026-05-30,ONE_HOUR,Nick Madrigal,Los Angeles Angels,Drew Rasmussen,BetMGM,635,0.1667,0.0709,0.0307,47,C,WATCH,,4.0,7.0,0.0,NO,,0.0
2026-05-30,ONE_HOUR,Connor Norby,Miami Marlins,Christian Scott,FanDuel,451,0.2119,0.0709,0.0304,72,B,WATCH,,2.0,1.0,0.0,NO,,0.0
2026-05-30,ONE_HOUR,Luisangel Acuña,Chicago White Sox,Framber Valdez,BetMGM,633,0.1667,0.0709,0.0303,47,C,WATCH,,3.0,7.0,0.0,NO,,0.0
2026-05-30,ONE_HOUR,Kazuma Okamoto,Toronto Blue Jays,Brandon Young,BetMGM,553,0.1834,0.0713,0.0302,56,B,WATCH,,3.0,6.0,0.0,NO,,0.0
2026-05-30,ONE_HOUR,Dansby Swanson,Chicago Cubs,Kyle Leahy,FanDuel,632,0.1667,0.0709,0.0301,47,C,WATCH,,5.0,7.0,0.0,NO,,0.0
2026-05-30,ONE_HOUR,Liam Hicks,Miami Marlins,Christian Scott,BetMGM,507,0.1945,0.0709,0.0298,62,B,WATCH,,3.0,4.0,0.0,NO,,0.0
2026-05-30,ONE_HOUR,Nick Gonzales,Pittsburgh Pirates,Bailey Ober,BetMGM,554,0.1824,0.0709,0.0295,56,B,WATCH,,3.0,6.0,0.0,NO,,0.0
2026-05-30,ONE_HOUR,Logan O'Hoppe,Los Angeles Angels,Drew Rasmussen,BetMGM,539,0.1859,0.0703,0.0294,69,B,WATCH,,5.0,5.0,0.0,NO,,0.0
2026-05-30,ONE_HOUR,Daylen Lile,Washington Nationals,Michael King,FanDuel,468,0.2049,0.0709,0.0289,68,B,WATCH,,3.0,2.0,0.0,NO,,0.0
2026-05-30,ONE_HOUR,Tyler Tolbert,Kansas City Royals,Kumar Rocker,FanDuel,551,0.1824,0.0709,0.0287,56,B,WATCH,,3.0,6.0,0.0,NO,,0.0
2026-05-30,ONE_HOUR,Byron Buxton,Minnesota Twins,Mitch Keller,BetMGM,525,0.1876,0.0709,0.0276,58,B,WATCH,,6.0,5.0,0.0,NO,,0.0
2026-05-30,ONE_HOUR,Dalton Rushing,Los Angeles Dodgers,Jesús Luzardo,BetMGM,528,0.1869,0.0706,0.0276,58,B,WATCH,,2.0,5.0,0.0,NO,,0.0
2026-05-30,ONE_HOUR,Marcus Semien,New York Mets,Tyler Phillips,DraftKings,544,0.1824,0.0709,0.0271,55,B,WATCH,,2.0,6.0,0.0,NO,,0.0
2026-05-30,ONE_HOUR,Weston Wilson,Baltimore Orioles,Trey Yesavage,FanDuel,645,0.1613,0.0724,0.0271,43,C,WATCH,,3.0,8.0,0.0,NO,,0.0
2026-05-30,ONE_HOUR,Jeremy Peña,Houston Astros,Brandon Sproat,BetMGM,522,0.1876,0.0709,0.0268,58,B,WATCH,,3.0,5.0,0.0,NO,,0.0
2026-05-30,ONE_HOUR,Rafael Marchán,Philadelphia Phillies,Roki Sasaki,FanDuel,457,0.2062,0.0713,0.0267,68,B,WATCH,,3.0,2.0,0.0,NO,,0.0
2026-05-30,ONE_HOUR,Spencer Horwitz,Pittsburgh Pirates,Bailey Ober,FanDuel,461,0.2049,0.0709,0.0267,67,B,WATCH,,4.0,2.0,0.0,NO,,0.0
2026-05-30,ONE_HOUR,Ryan McMahon,New York Yankees,J.T. Ginn,DraftKings,606,0.168,0.0714,0.0264,47,C,WATCH,,3.0,7.0,0.0,NO,,0.0
2026-05-30,ONE_HOUR,Danny Jansen,Texas Rangers,Seth Lugo,FanDuel,604,0.1681,0.0715,0.0261,47,C,WATCH,,4.0,7.0,0.0,NO,,0.0
2026-05-30,ONE_HOUR,Wenceel Pérez,Detroit Tigers,Anthony Kay,DraftKings,592,0.1703,0.0724,0.0258,47,C,WATCH,,4.0,7.0,0.0,NO,,0.0
2026-05-30,ONE_HOUR,Dylan Crews,Washington Nationals,Michael King,BetMGM,609,0.1667,0.0709,0.0257,47,C,WATCH,,4.0,7.0,0.0,NO,,0.0
2026-05-30,ONE_HOUR,Angel Martínez,Cleveland Guardians,Sonny Gray,BetMGM,478,0.198,0.0709,0.025,63,B,WATCH,,4.0,3.0,0.0,NO,,0.0
2026-05-30,ONE_HOUR,J.C. Escarra,New York Yankees,J.T. Ginn,BetMGM,483,0.196,0.0714,0.0245,62,B,WATCH,,4.0,4.0,0.0,NO,,0.0
2026-05-30,ONE_HOUR,Alex Jackson,Minnesota Twins,Mitch Keller,DraftKings,513,0.1876,0.0709,0.0244,58,B,WATCH,,5.0,5.0,0.0,NO,,0.0
2026-05-30,ONE_HOUR,Daniel Susac,San Francisco Giants,Ryan Feltner,BetMGM,513,0.1876,0.0709,0.0244,58,B,WATCH,,5.0,5.0,0.0,NO,,0.0
2026-05-30,ONE_HOUR,J.T. Realmuto,Philadelphia Phillies,Roki Sasaki,FanDuel,483,0.1957,0.0713,0.0242,62,B,WATCH,,4.0,4.0,0.0,NO,,0.0
2026-05-30,ONE_HOUR,Nolan Gorman,St. Louis Cardinals,Ben Brown,BetMGM,475,0.198,0.0709,0.0241,63,B,WATCH,,4.0,3.0,0.0,NO,,0.0
2026-05-30,ONE_HOUR,Freddy Fermin,San Diego Padres,Foster Griffin,BetMGM,511,0.1876,0.0709,0.0239,58,B,WATCH,,3.0,5.0,0.0,NO,,0.0
2026-05-30,ONE_HOUR,William Contreras,Milwaukee Brewers,Peter Lambert,DraftKings,506,0.1885,0.0712,0.0235,58,B,WATCH,,3.0,5.0,0.0,NO,,0.0
2026-05-30,ONE_HOUR,Riley Greene,Detroit Tigers,Anthony Kay,DraftKings,417,0.2165,0.0724,0.0231,71,B,WATCH,,5.0,1.0,0.0,NO,,0.0
2026-05-30,ONE_HOUR,Garrett Stubbs,Philadelphia Phillies,Roki Sasaki,FanDuel,503,0.1887,0.0713,0.0229,58,B,WATCH,,3.0,5.0,0.0,NO,,0.0
2026-05-30,ONE_HOUR,Colt Emerson,Seattle Mariners,Ryne Nelson,BetMGM,470,0.198,0.0709,0.0225,63,B,WATCH,,5.0,3.0,0.0,NO,,0.0
2026-05-30,ONE_HOUR,Ben Williamson,Tampa Bay Rays,Reid Detmers,FanDuel,525,0.1824,0.0709,0.0224,55,B,WATCH,,4.0,6.0,0.0,NO,,0.0
2026-05-30,ONE_HOUR,Andrew Benintendi,Chicago White Sox,Framber Valdez,FanDuel,636,0.158,0.0709,0.0222,42,C,WATCH,,5.0,8.0,0.0,NO,,0.0
2026-05-30,ONE_HOUR,Christopher Morel,Miami Marlins,Christian Scott,BetMGM,446,0.2049,0.0709,0.0218,67,B,WATCH,,4.0,2.0,0.0,NO,,0.0
2026-05-30,ONE_HOUR,Dansby Swanson,Chicago Cubs,Kyle Leahy,BetMGM,590,0.1667,0.0709,0.0218,46,C,WATCH,,4.0,7.0,0.0,NO,,0.0
2026-05-30,ONE_HOUR,Rodolfo Durán,San Diego Padres,Foster Griffin,DraftKings,478,0.1945,0.0709,0.0215,61,B,WATCH,,4.0,4.0,0.0,NO,,0.0
2026-05-30,ONE_HOUR,Ildemaro Vargas,Arizona Diamondbacks,Bryan Woo,BetMGM,445,0.2049,0.0709,0.0214,67,B,WATCH,,2.0,2.0,0.0,NO,,0.0
2026-05-30,ONE_HOUR,Mark Vientos,New York Mets,Tyler Phillips,DraftKings,466,0.198,0.0709,0.0213,63,B,WATCH,,5.0,3.0,0.0,NO,,0.0
2026-05-30,ONE_HOUR,Edouard Julien,Colorado Rockies,Adrian Houser,DraftKings,520,0.1825,0.0709,0.0212,55,B,WATCH,,6.0,6.0,0.0,NO,,0.0
2026-05-30,ONE_HOUR,Coby Mayo,Baltimore Orioles,Trey Yesavage,BetMGM,571,0.1702,0.0724,0.0211,47,C,WATCH,,2.0,7.0,0.0,NO,,0.0
2026-05-30,ONE_HOUR,Jazz Chisholm Jr.,New York Yankees,J.T. Ginn,DraftKings,460,0.1995,0.0714,0.0209,63,B,WATCH,,6.0,3.0,0.0,NO,,0.0
2026-05-30,ONE_HOUR,J.T. Realmuto,Philadelphia Phillies,Roki Sasaki,DraftKings,472,0.1957,0.0713,0.0209,61,B,WATCH,,4.0,4.0,0.0,NO,,0.0
2026-05-30,ONE_HOUR,Austin Wells,New York Yankees,J.T. Ginn,DraftKings,495,0.189,0.0714,0.0209,58,B,WATCH,,5.0,5.0,0.0,NO,,0.0
2026-05-30,ONE_HOUR,Nick Madrigal,Los Angeles Angels,Drew Rasmussen,DraftKings,585,0.1667,0.0709,0.0207,46,C,WATCH,,4.0,7.0,0.0,NO,,0.0
2026-05-30,ONE_HOUR,Yohendrick Piñango,Toronto Blue Jays,Brandon Young,DraftKings,623,0.1589,0.0713,0.0206,42,C,WATCH,,4.0,8.0,0.0,NO,,0.0
2026-05-30,ONE_HOUR,Oneil Cruz,Pittsburgh Pirates,Bailey Ober,FanDuel,463,0.198,0.0709,0.0204,63,B,WATCH,,4.0,3.0,0.0,NO,,0.0
2026-05-30,ONE_HOUR,Jonathan Aranda,Tampa Bay Rays,Reid Detmers,DraftKings,474,0.1945,0.0709,0.0203,61,B,WATCH,,5.0,4.0,0.0,NO,,0.0
2026-05-30,ONE_HOUR,Trea Turner,Philadelphia Phillies,Roki Sasaki,BetMGM,620,0.159,0.0713,0.0201,42,C,WATCH,,5.0,8.0,0.0,NO,,0.0
2026-05-30,ONE_HOUR,Rhys Hoskins,Cleveland Guardians,Sonny Gray,BetMGM,420,0.2119,0.0709,0.0196,70,B,WATCH,,2.0,1.0,0.0,NO,,0.0
2026-05-30,ONE_HOUR,Miguel Rojas,Los Angeles Dodgers,Jesús Luzardo,DraftKings,582,0.1661,0.0706,0.0195,46,C,WATCH,,3.0,6.0,0.0,NO,,0.0
2026-05-30,ONE_HOUR,Heriberto Hernández,Miami Marlins,Christian Scott,DraftKings,649,0.1528,0.0709,0.0193,39,D,WATCH,,5.0,7.0,0.0,NO,,0.0
2026-05-30,ONE_HOUR,Yandy Díaz,Tampa Bay Rays,Reid Detmers,BetMGM,494,0.1876,0.0709,0.0192,57,B,WATCH,,5.0,5.0,0.0,NO,,0.0
2026-05-30,ONE_HOUR,Ramón Laureano,San Diego Padres,Foster Griffin,BetMGM,620,0.158,0.0709,0.0192,41,C,WATCH,,4.0,8.0,0.0,NO,,0.0
2026-05-30,ONE_HOUR,Isaac Collins,Kansas City Royals,Kumar Rocker,FanDuel,648,0.1528,0.0709,0.0191,39,D,WATCH,,3.0,9.0,0.0,NO,,0.0
2026-05-30,ONE_HOUR,Willy Adames,San Francisco Giants,Ryan Feltner,BetMGM,577,0.1667,0.0709,0.019,46,C,WATCH,,6.0,7.0,0.0,NO,,0.0
2026-05-30,ONE_HOUR,Andrés Giménez,Toronto Blue Jays,Brandon Young,BetMGM,571,0.1676,0.0713,0.0186,46,C,WATCH,,5.0,7.0,0.0,NO,,0.0
2026-05-30,ONE_HOUR,Keibert Ruiz,Washington Nationals,Michael King,DraftKings,468,0.1945,0.0709,0.0185,61,B,WATCH,,3.0,4.0,0.0,NO,,0.0
2026-05-30,ONE_HOUR,Kody Clemens,Minnesota Twins,Mitch Keller,BetMGM,436,0.2049,0.0709,0.0184,66,B,WATCH,,6.0,2.0,0.0,NO,,0.0
2026-05-30,ONE_HOUR,Vaughn Grissom,Los Angeles Angels,Drew Rasmussen,DraftKings,509,0.1824,0.0709,0.0182,54,C,WATCH,,5.0,6.0,0.0,NO,,0.0
2026-05-30,ONE_HOUR,David Hamilton,Milwaukee Brewers,Peter Lambert,DraftKings,506,0.1832,0.0712,0.0182,54,C,WATCH,,4.0,6.0,0.0,NO,,0.0
2026-05-30,ONE_HOUR,Junior Caminero,Tampa Bay Rays,Reid Detmers,DraftKings,435,0.2049,0.0709,0.018,66,B,WATCH,,6.0,2.0,0.0,NO,,0.0
2026-05-30,ONE_HOUR,Dane Myers,Cincinnati Reds,Martín Pérez,DraftKings,616,0.1575,0.0707,0.0179,41,C,WATCH,,6.0,8.0,0.0,NO,,0.0
2026-05-30,ONE_HOUR,Luis Rengifo,Milwaukee Brewers,Peter Lambert,DraftKings,445,0.2013,0.0721,0.0178,59,C,WATCH,,5.0,3.0,0.0,NO,,0.0
2026-05-30,ONE_HOUR,Vladimir Guerrero Jr.,Toronto Blue Jays,Brandon Young,DraftKings,431,0.2061,0.0713,0.0177,66,B,WATCH,,6.0,2.0,0.0,NO,,0.0
2026-05-30,ONE_HOUR,Hayden Senger,New York Mets,Tyler Phillips,FanDuel,487,0.1876,0.0709,0.0172,57,B,WATCH,,3.0,5.0,0.0,NO,,0.0
2026-05-30,ONE_HOUR,Vidal Bruján,New York Mets,Tyler Phillips,BetMGM,637,0.1528,0.0709,0.0171,38,D,WATCH,,4.0,9.0,0.0,NO,,0.0
2026-05-30,ONE_HOUR,Blake Perkins,Milwaukee Brewers,Peter Lambert,FanDuel,633,0.1536,0.0712,0.0171,38,D,WATCH,,6.0,9.0,0.0,NO,,0.0
2026-05-30,ONE_HOUR,Michael Massey,Kansas City Royals,Kumar Rocker,DraftKings,413,0.2119,0.0709,0.0169,70,B,WATCH,,4.0,1.0,0.0,NO,,0.0
2026-05-30,ONE_HOUR,Chase Meidroth,Chicago White Sox,Framber Valdez,DraftKings,486,0.1876,0.0709,0.0169,57,B,WATCH,,4.0,5.0,0.0,NO,,0.0
2026-05-30,ONE_HOUR,Nick Loftin,Kansas City Royals,Kumar Rocker,BetMGM,450,0.198,0.0709,0.0162,62,B,WATCH,,5.0,3.0,0.0,NO,,0.0
2026-05-30,ONE_HOUR,JJ Bleday,Cincinnati Reds,Martín Pérez,BetMGM,504,0.1818,0.0707,0.0162,54,C,WATCH,,3.0,6.0,0.0,NO,,0.0
2026-05-30,ONE_HOUR,Dane Myers,Cincinnati Reds,Martín Pérez,BetMGM,607,0.1575,0.0707,0.0161,41,C,WATCH,,4.0,8.0,0.0,NO,,0.0
2026-05-30,ONE_HOUR,Sam Antonacci,Chicago White Sox,Framber Valdez,BetMGM,631,0.1528,0.0709,0.016,38,D,WATCH,,5.0,9.0,0.0,NO,,0.0
2026-05-30,ONE_HOUR,Tyler Heineman,Toronto Blue Jays,Brandon Young,BetMGM,456,0.1956,0.0713,0.0157,61,B,WATCH,,7.0,4.0,0.0,NO,,0.0
2026-05-30,ONE_HOUR,Julio Rodríguez,Seattle Mariners,Ryne Nelson,BetMGM,629,0.1528,0.0709,0.0157,38,D,WATCH,,6.0,9.0,0.0,NO,,0.0
2026-05-30,ONE_HOUR,Sandy León,Atlanta Braves,Brady Singer,DraftKings,458,0.1945,0.0709,0.0153,60,B,WATCH,,4.0,4.0,0.0,NO,,0.0
2026-05-30,ONE_HOUR,Zack Short,Detroit Tigers,Anthony Kay,BetMGM,610,0.1561,0.0724,0.0153,38,D,WATCH,,6.0,9.0,0.0,NO,,0.0
2026-05-30,ONE_HOUR,Austin Hedges,Cleveland Guardians,Sonny Gray,FanDuel,480,0.1876,0.0709,0.0152,57,B,WATCH,,4.0,5.0,0.0,NO,,0.0
2026-05-30,ONE_HOUR,Zack Gelof,Athletics,Ryan Weathers,BetMGM,498,0.1824,0.0709,0.0151,54,C,WATCH,,4.0,6.0,0.0,NO,,0.0
2026-05-30,ONE_HOUR,Nico Hoerner,Chicago Cubs,Kyle Leahy,FanDuel,407,0.2119,0.0709,0.0146,70,B,WATCH,,6.0,1.0,0.0,NO,,0.0
2026-05-30,ONE_HOUR,Ketel Marte,Arizona Diamondbacks,Bryan Woo,FanDuel,407,0.2119,0.0709,0.0146,70,B,WATCH,,3.0,1.0,0.0,NO,,0.0
2026-05-30,ONE_HOUR,Jeremiah Jackson,Baltimore Orioles,Trey Yesavage,BetMGM,433,0.2021,0.0724,0.0145,63,B,WATCH,,4.0,3.0,0.0,NO,,0.0
2026-05-30,ONE_HOUR,Luisangel Acuña,Chicago White Sox,Framber Valdez,DraftKings,557,0.1667,0.0709,0.0145,45,C,WATCH,,6.0,7.0,0.0,NO,,0.0
2026-05-30,ONE_HOUR,Nicky Lopez,Texas Rangers,Seth Lugo,FanDuel,590,0.1593,0.0715,0.0144,41,C,WATCH,,6.0,8.0,0.0,NO,,0.0
2026-05-30,ONE_HOUR,Chandler Simpson,Tampa Bay Rays,Reid Detmers,DraftKings,444,0.198,0.0709,0.0142,62,B,WATCH,,6.0,3.0,0.0,NO,,0.0
2026-05-30,ONE_HOUR,Travis Bazzana,Cleveland Guardians,Sonny Gray,BetMGM,475,0.1876,0.0709,0.0137,57,B,WATCH,,5.0,5.0,0.0,NO,,0.0
2026-05-30,ONE_HOUR,Ben Williamson,Tampa Bay Rays,Reid Detmers,DraftKings,492,0.1824,0.0709,0.0134,54,C,WATCH,,7.0,6.0,0.0,NO,,0.0
2026-05-30,ONE_HOUR,Chase Meidroth,Chicago White Sox,Framber Valdez,FanDuel,473,0.1876,0.0709,0.013,56,B,WATCH,,7.0,5.0,0.0,NO,,0.0
2026-05-30,ONE_HOUR,José Caballero,New York Yankees,J.T. Ginn,DraftKings,605,0.154,0.0714,0.0122,38,D,WATCH,,6.0,9.0,0.0,NO,,0.0
2026-05-30,ONE_HOUR,Julio Rodríguez,Seattle Mariners,Ryne Nelson,FanDuel,610,0.1528,0.0709,0.012,38,D,WATCH,,6.0,9.0,0.0,NO,,0.0
2026-05-30,ONE_HOUR,Willi Castro,Colorado Rockies,Adrian Houser,BetMGM,545,0.1668,0.0709,0.0118,45,C,WATCH,,7.0,7.0,0.0,NO,,0.0
2026-05-30,ONE_HOUR,Weston Wilson,Baltimore Orioles,Trey Yesavage,DraftKings,569,0.1613,0.0724,0.0118,41,C,WATCH,,3.0,8.0,0.0,NO,,0.0
2026-05-30,ONE_HOUR,Bobby Witt Jr.,Kansas City Royals,Kumar Rocker,BetMGM,584,0.158,0.0709,0.0118,41,C,WATCH,,4.0,8.0,0.0,NO,,0.0
2026-05-30,ONE_HOUR,Marcus Semien,New York Mets,Tyler Phillips,FanDuel,544,0.1667,0.0709,0.0114,45,C,WATCH,,6.0,7.0,0.0,NO,,0.0
2026-05-30,ONE_HOUR,Elly De La Cruz,Cincinnati Reds,Martín Pérez,FanDuel,437,0.1973,0.0707,0.0111,62,B,WATCH,,7.0,3.0,0.0,NO,,0.0
2026-05-30,ONE_HOUR,Xander Bogaerts,San Diego Padres,Foster Griffin,BetMGM,539,0.1667,0.0709,0.0102,45,C,WATCH,,5.0,7.0,0.0,NO,,0.0
2026-05-30,ONE_HOUR,Jeremiah Jackson,Baltimore Orioles,Trey Yesavage,DraftKings,421,0.2021,0.0724,0.0101,62,B,WATCH,,4.0,3.0,0.0,NO,,0.0
2026-05-30,ONE_HOUR,Luis García Jr.,Washington Nationals,Michael King,DraftKings,441,0.1945,0.0709,0.0097,60,B,WATCH,,5.0,4.0,0.0,NO,,0.0
2026-05-30,ONE_HOUR,Andrés Giménez,Toronto Blue Jays,Brandon Young,DraftKings,533,0.1676,0.0713,0.0097,45,C,WATCH,,5.0,7.0,0.0,NO,,0.0
2026-05-30,ONE_HOUR,Jahmai Jones,Detroit Tigers,Anthony Kay,DraftKings,466,0.1863,0.0724,0.0096,54,C,WATCH,,7.0,6.0,0.0,NO,,0.0
2026-05-30,ONE_HOUR,Freddy Fermin,San Diego Padres,Foster Griffin,DraftKings,461,0.1876,0.0709,0.0093,56,B,WATCH,,5.0,5.0,0.0,NO,,0.0
2026-05-30,ONE_HOUR,Jared Young,New York Mets,Tyler Phillips,BetMGM,393,0.2119,0.0709,0.009,69,B,WATCH,,5.0,1.0,0.0,NO,,0.0
2026-05-30,ONE_HOUR,Michael Massey,Kansas City Royals,Kumar Rocker,BetMGM,393,0.2119,0.0709,0.009,69,B,WATCH,,5.0,1.0,0.0,NO,,0.0
2026-05-30,ONE_HOUR,José Caballero,New York Yankees,J.T. Ginn,FanDuel,589,0.154,0.0714,0.0089,37,D,WATCH,,7.0,9.0,0.0,NO,,0.0
2026-05-30,ONE_HOUR,Daniel Schneemann,Cleveland Guardians,Sonny Gray,BetMGM,474,0.1824,0.0709,0.0081,53,C,WATCH,,6.0,6.0,0.0,NO,,0.0
2026-05-30,ONE_HOUR,Adley Rutschman,Baltimore Orioles,Trey Yesavage,BetMGM,445,0.1914,0.0724,0.008,56,B,WATCH,,6.0,5.0,0.0,NO,,0.0
2026-05-30,ONE_HOUR,Jake Mangum,Pittsburgh Pirates,Bailey Ober,DraftKings,562,0.158,0.0709,0.007,40,C,WATCH,,5.0,8.0,0.0,NO,,0.0
2026-05-30,ONE_HOUR,Geraldo Perdomo,Arizona Diamondbacks,Bryan Woo,BetMGM,469,0.1824,0.0709,0.0066,53,C,WATCH,,4.0,6.0,0.0,NO,,0.0
2026-05-30,ONE_HOUR,Jorbit Vivas,Washington Nationals,Michael King,BetMGM,469,0.1824,0.0709,0.0066,53,C,WATCH,,6.0,6.0,0.0,NO,,0.0
2026-05-30,ONE_HOUR,Miguel Rojas,Los Angeles Dodgers,Jesús Luzardo,FanDuel,527,0.1661,0.0706,0.0066,45,C,WATCH,,6.0,6.0,0.0,NO,,0.0
2026-05-30,ONE_HOUR,Henry Bolte,Athletics,Ryan Weathers,BetMGM,583,0.1528,0.0709,0.0064,37,D,WATCH,,5.0,9.0,0.0,NO,,0.0
2026-05-30,ONE_HOUR,Jake Bauers,Milwaukee Brewers,Peter Lambert,DraftKings,401,0.2059,0.0712,0.0063,65,B,WATCH,,7.0,2.0,0.0,NO,,0.0
2026-05-30,ONE_HOUR,CJ Abrams,Washington Nationals,Michael King,BetMGM,559,0.158,0.0709,0.0063,40,C,WATCH,,5.0,8.0,0.0,NO,,0.0
2026-05-30,ONE_HOUR,Jake Meyers,Houston Astros,Brandon Sproat,FanDuel,559,0.158,0.0709,0.0063,40,C,WATCH,,4.0,8.0,0.0,NO,,0.0
2026-05-30,ONE_HOUR,Andrew Benintendi,Chicago White Sox,Framber Valdez,DraftKings,557,0.158,0.0709,0.0058,40,C,WATCH,,6.0,8.0,0.0,NO,,0.0
2026-05-30,ONE_HOUR,Ha-Seong Kim,Atlanta Braves,Brady Singer,FanDuel,466,0.1824,0.0709,0.0057,53,C,WATCH,,5.0,6.0,0.0,NO,,0.0
2026-05-30,ONE_HOUR,Jorge Barrosa,Arizona Diamondbacks,Bryan Woo,DraftKings,556,0.158,0.0709,0.0056,40,C,WATCH,,5.0,8.0,0.0,NO,,0.0
2026-05-30,ONE_HOUR,Matt Chapman,San Francisco Giants,Ryan Feltner,BetMGM,465,0.1824,0.0709,0.0054,53,C,WATCH,,7.0,6.0,0.0,NO,,0.0
2026-05-30,ONE_HOUR,Darell Hernaiz,Athletics,Ryan Weathers,FanDuel,516,0.1667,0.0709,0.0044,44,C,WATCH,,6.0,7.0,0.0,NO,,0.0
2026-05-30,ONE_HOUR,Jared Triolo,Pittsburgh Pirates,Bailey Ober,DraftKings,416,0.198,0.0709,0.0042,61,B,WATCH,,6.0,3.0,0.0,NO,,0.0
2026-05-30,ONE_HOUR,Ezequiel Duran,Texas Rangers,Seth Lugo,DraftKings,411,0.1996,0.0715,0.0039,61,B,WATCH,,5.0,3.0,0.0,NO,,0.0
2026-05-30,ONE_HOUR,Orlando Arcia,Minnesota Twins,Mitch Keller,DraftKings,513,0.1667,0.0709,0.0036,44,C,WATCH,,7.0,7.0,0.0,NO,,0.0
2026-05-30,ONE_HOUR,Victor Scott II,St. Louis Cardinals,Ben Brown,DraftKings,570,0.1528,0.0709,0.0036,37,D,WATCH,,5.0,8.0,0.0,NO,,0.0
2026-05-30,ONE_HOUR,Wenceel Pérez,Detroit Tigers,Anthony Kay,FanDuel,500,0.1702,0.0723,0.0035,44,C,WATCH,,6.0,7.0,0.0,NO,,0.0
2026-05-30,ONE_HOUR,Bryce Harper,Philadelphia Phillies,Roki Sasaki,DraftKings,372,0.2153,0.072,0.0034,96,B,WATCH,,6.0,1.0,0.0,NO,,0.0
2026-05-30,ONE_HOUR,Gavin Sheets,San Diego Padres,Foster Griffin,BetMGM,396,0.2049,0.0709,0.0033,65,B,WATCH,,6.0,2.0,0.0,NO,,0.0
2026-05-30,ONE_HOUR,Patrick Bailey,Cleveland Guardians,Sonny Gray,BetMGM,423,0.1945,0.0709,0.0033,59,B,WATCH,,6.0,4.0,0.0,NO,,0.0
2026-05-30,ONE_HOUR,Alex Call,Los Angeles Dodgers,Jesús Luzardo,BetMGM,570,0.1523,0.0706,0.003,37,D,WATCH,,4.0,8.0,0.0,NO,,0.0
2026-05-30,ONE_HOUR,Bryan Reynolds,Pittsburgh Pirates,Bailey Ober,FanDuel,395,0.2049,0.0709,0.0029,65,B,WATCH,,7.0,2.0,0.0,NO,,0.0
2026-05-30,ONE_HOUR,Brandon Lowe,Pittsburgh Pirates,Bailey Ober,FanDuel,422,0.1945,0.0709,0.0029,59,B,WATCH,,6.0,4.0,0.0,NO,,0.0
2026-05-30,ONE_HOUR,José Fermín,St. Louis Cardinals,Ben Brown,BetMGM,510,0.1667,0.0709,0.0028,44,C,WATCH,,6.0,6.0,0.0,NO,,0.0
2026-05-30,ONE_HOUR,Randy Arozarena,Seattle Mariners,Ryne Nelson,BetMGM,544,0.158,0.0709,0.0028,39,D,WATCH,,7.0,8.0,0.0,NO,,0.0
2026-05-30,ONE_HOUR,Jesus Rodriguez,San Francisco Giants,Ryan Feltner,BetMGM,394,0.2049,0.0709,0.0025,65,B,WATCH,,5.0,2.0,0.0,NO,,0.0
2026-05-30,ONE_HOUR,Jonah Heim,Athletics,Ryan Weathers,DraftKings,439,0.1876,0.0709,0.002,55,B,WATCH,,6.0,5.0,0.0,NO,,0.0
2026-05-30,ONE_HOUR,Sung-Mun Song,San Diego Padres,Foster Griffin,DraftKings,410,0.198,0.0709,0.0019,61,B,WATCH,,6.0,3.0,0.0,NO,,0.0
2026-05-30,ONE_HOUR,Isaac Paredes,Houston Astros,Brandon Sproat,DraftKings,409,0.198,0.0709,0.0015,61,B,WATCH,,7.0,3.0,0.0,NO,,0.0
2026-05-30,ONE_HOUR,Christian Vázquez,Houston Astros,Brandon Sproat,FanDuel,561,0.1528,0.0709,0.0015,36,D,WATCH,,8.0,9.0,0.0,NO,,0.0
2026-05-30,ONE_HOUR,Alec Burleson,St. Louis Cardinals,Ben Brown,DraftKings,389,0.2049,0.0709,0.0004,64,B,WATCH,,6.0,2.0,0.0,NO,,0.0
2026-05-30,ONE_HOUR,Yohendrick Piñango,Toronto Blue Jays,Brandon Young,BetMGM,530,0.1589,0.0713,0.0002,39,D,WATCH,,6.0,8.0,0.0,NO,,0.0
2026-05-30,ONE_HOUR,Tim Tawa,Arizona Diamondbacks,Bryan Woo,DraftKings,499,0.1667,0.0709,-0.0002,44,C,WATCH,,4.0,7.0,0.0,NO,,0.0
2026-05-30,ONE_HOUR,Freddie Freeman,Los Angeles Dodgers,Jesús Luzardo,DraftKings,389,0.2042,0.0706,-0.0003,64,C,WATCH,,5.0,2.0,0.0,NO,,0.0
2026-05-30,ONE_HOUR,Chad Stevens,Colorado Rockies,Adrian Houser,FanDuel,404,0.1981,0.0709,-0.0003,60,C,WATCH,,5.0,3.0,0.0,NO,,0.0
2026-05-30,ONE_HOUR,Spencer Torkelson,Detroit Tigers,Anthony Kay,DraftKings,392,0.2023,0.0724,-0.001,61,C,WATCH,,8.0,3.0,0.0,NO,,0.0
2026-05-30,ONE_HOUR,Jonah Heim,Athletics,Ryan Weathers,BetMGM,430,0.1876,0.0709,-0.0011,55,C,WATCH,,7.0,5.0,0.0,NO,,0.0
2026-05-30,ONE_HOUR,Otto Lopez,Miami Marlins,Christian Scott,BetMGM,602,0.1411,0.0705,-0.0014,25,D,WATCH,,6.0,8.0,0.0,NO,,0.0
2026-05-30,ONE_HOUR,Pete Crow-Armstrong,Chicago Cubs,Kyle Leahy,FanDuel,548,0.1528,0.0709,-0.0015,36,D,WATCH,,5.0,9.0,0.0,NO,,0.0
2026-05-30,ONE_HOUR,Brandon Marsh,Philadelphia Phillies,Roki Sasaki,DraftKings,544,0.1538,0.0713,-0.0015,36,D,WATCH,,7.0,9.0,0.0,NO,,0.0
2026-05-30,ONE_HOUR,Miguel Amaya,Chicago Cubs,Kyle Leahy,FanDuel,410,0.1945,0.0709,-0.0016,58,C,WATCH,,6.0,4.0,0.0,NO,,0.0
2026-05-30,ONE_HOUR,Henry Bolte,Athletics,Ryan Weathers,FanDuel,547,0.1528,0.0709,-0.0017,36,D,WATCH,,7.0,9.0,0.0,NO,,0.0
2026-05-30,ONE_HOUR,Ha-Seong Kim,Atlanta Braves,Brady Singer,DraftKings,442,0.1824,0.0709,-0.0021,52,C,WATCH,,5.0,6.0,0.0,NO,,0.0
2026-05-30,ONE_HOUR,Willi Castro,Colorado Rockies,Adrian Houser,DraftKings,492,0.1668,0.0709,-0.0021,44,C,WATCH,,6.0,7.0,0.0,NO,,0.0
2026-05-30,ONE_HOUR,Daulton Varsho,Toronto Blue Jays,Brandon Young,DraftKings,542,0.1537,0.0713,-0.0021,36,D,WATCH,,8.0,9.0,0.0,NO,,0.0
2026-05-30,ONE_HOUR,Carter Jensen,Kansas City Royals,Kumar Rocker,BetMGM,426,0.1876,0.0709,-0.0025,55,C,WATCH,,6.0,5.0,0.0,NO,,0.0
2026-05-30,ONE_HOUR,Randal Grichuk,Chicago White Sox,Framber Valdez,DraftKings,406,0.1945,0.0709,-0.0031,58,C,WATCH,,7.0,4.0,0.0,NO,,0.0
2026-05-30,ONE_HOUR,Ketel Marte,Arizona Diamondbacks,Bryan Woo,BetMGM,365,0.2119,0.0709,-0.0032,68,C,WATCH,,6.0,1.0,0.0,NO,,0.0
2026-05-30,ONE_HOUR,Hayden Senger,New York Mets,Tyler Phillips,BetMGM,540,0.1528,0.0709,-0.0034,36,D,WATCH,,7.0,9.0,0.0,NO,,0.0
2026-05-30,ONE_HOUR,Caleb Durbin,Boston Red Sox,Parker Messick,BetMGM,484,0.1678,0.0713,-0.0035,43,C,WATCH,,4.0,7.0,0.0,NO,,0.0
2026-05-30,ONE_HOUR,Andruw Monasterio,Boston Red Sox,Parker Messick,DraftKings,536,0.1538,0.0713,-0.0035,36,D,WATCH,,5.0,9.0,0.0,NO,,0.0
2026-05-30,ONE_HOUR,Edgar Quero,Chicago White Sox,Framber Valdez,BetMGM,396,0.198,0.0709,-0.0036,60,C,WATCH,,8.0,3.0,0.0,NO,,0.0
2026-05-30,ONE_HOUR,Oswald Peraza,Los Angeles Angels,Drew Rasmussen,DraftKings,396,0.198,0.0709,-0.0036,60,C,WATCH,,6.0,3.0,0.0,NO,,0.0
2026-05-30,ONE_HOUR,Mauricio Dubón,Atlanta Braves,Brady Singer,DraftKings,518,0.158,0.0709,-0.0038,39,D,WATCH,,6.0,8.0,0.0,NO,,0.0
2026-05-30,ONE_HOUR,Mark Vientos,New York Mets,Tyler Phillips,BetMGM,395,0.198,0.0709,-0.004,60,C,WATCH,,6.0,3.0,0.0,NO,,0.0
2026-05-30,ONE_HOUR,Gunnar Henderson,Baltimore Orioles,Trey Yesavage,BetMGM,524,0.156,0.0724,-0.0043,36,D,WATCH,,5.0,9.0,0.0,NO,,0.0
2026-05-30,ONE_HOUR,Heriberto Hernández,Miami Marlins,Christian Scott,FanDuel,535,0.1528,0.0709,-0.0046,36,D,WATCH,,6.0,7.0,0.0,NO,,0.0
2026-05-30,ONE_HOUR,Anthony Volpe,New York Yankees,J.T. Ginn,DraftKings,510,0.1592,0.0714,-0.0047,39,D,WATCH,,9.0,8.0,0.0,NO,,0.0
2026-05-30,ONE_HOUR,Max Muncy,Los Angeles Dodgers,Jesús Luzardo,BetMGM,395,0.1973,0.0706,-0.0048,60,C,WATCH,,6.0,3.0,0.0,NO,,0.0
2026-05-30,ONE_HOUR,Tyler Tolbert,Kansas City Royals,Kumar Rocker,BetMGM,434,0.1824,0.0709,-0.0049,52,C,WATCH,,6.0,6.0,0.0,NO,,0.0
2026-05-30,ONE_HOUR,Alejandro Osuna,Texas Rangers,Seth Lugo,BetMGM,429,0.1839,0.0715,-0.0052,52,C,WATCH,,7.0,6.0,0.0,NO,,0.0
2026-05-30,ONE_HOUR,Isiah Kiner-Falefa,Boston Red Sox,Parker Messick,DraftKings,389,0.1992,0.0713,-0.0053,60,C,WATCH,,6.0,3.0,0.0,NO,,0.0
2026-05-30,ONE_HOUR,Vaughn Grissom,Los Angeles Angels,Drew Rasmussen,BetMGM,432,0.1824,0.0709,-0.0056,51,C,WATCH,,7.0,6.0,0.0,NO,,0.0
2026-05-30,ONE_HOUR,Kyle Karros,Colorado Rockies,Adrian Houser,BetMGM,510,0.1581,0.0709,-0.0058,38,D,WATCH,,8.0,8.0,0.0,NO,,0.0
2026-05-30,ONE_HOUR,Pete Alonso,Baltimore Orioles,Trey Yesavage,DraftKings,365,0.2092,0.0724,-0.0059,64,C,WATCH,,6.0,2.0,0.0,NO,,0.0
2026-05-30,ONE_HOUR,Josh Naylor,Seattle Mariners,Ryne Nelson,DraftKings,374,0.2049,0.0709,-0.006,64,C,WATCH,,8.0,2.0,0.0,NO,,0.0
2026-05-30,ONE_HOUR,Isiah Kiner-Falefa,Boston Red Sox,Parker Messick,FanDuel,387,0.1992,0.0713,-0.0061,60,C,WATCH,,5.0,3.0,0.0,NO,,0.0
2026-05-30,ONE_HOUR,Ozzie Albies,Atlanta Braves,Brady Singer,BetMGM,358,0.2119,0.0709,-0.0065,67,C,WATCH,,7.0,1.0,0.0,NO,,0.0
2026-05-30,ONE_HOUR,Hunter Goodman,Colorado Rockies,Adrian Houser,FanDuel,372,0.2051,0.0709,-0.0068,63,C,WATCH,,7.0,2.0,0.0,NO,,0.0
2026-05-30,ONE_HOUR,Michael Busch,Chicago Cubs,Kyle Leahy,BetMGM,372,0.2049,0.0709,-0.0069,63,C,WATCH,,7.0,2.0,0.0,NO,,0.0
2026-05-30,ONE_HOUR,Drew Millas,Washington Nationals,Michael King,BetMGM,505,0.158,0.0709,-0.0072,38,D,WATCH,,7.0,8.0,0.0,NO,,0.0
2026-05-30,ONE_HOUR,Jose Siri,Los Angeles Angels,Drew Rasmussen,BetMGM,525,0.1528,0.0709,-0.0072,35,D,WATCH,,8.0,9.0,0.0,NO,,0.0
2026-05-30,ONE_HOUR,Taylor Trammell,Houston Astros,Brandon Sproat,DraftKings,356,0.2119,0.0709,-0.0074,67,C,WATCH,,4.0,1.0,0.0,NO,,0.0
2026-05-30,ONE_HOUR,Trevor Larnach,Minnesota Twins,Mitch Keller,BetMGM,524,0.1528,0.0709,-0.0074,35,D,WATCH,,7.0,9.0,0.0,NO,,0.0
2026-05-30,ONE_HOUR,Mickey Gasper,Boston Red Sox,Parker Messick,BetMGM,368,0.2062,0.0713,-0.0075,63,C,WATCH,,7.0,2.0,0.0,NO,,0.0
2026-05-30,ONE_HOUR,Henry Davis,Pittsburgh Pirates,Bailey Ober,BetMGM,395,0.1945,0.0709,-0.0075,58,C,WATCH,,8.0,4.0,0.0,NO,,0.0
2026-05-30,ONE_HOUR,Miguel Amaya,Chicago Cubs,Kyle Leahy,DraftKings,395,0.1945,0.0709,-0.0075,58,C,WATCH,,7.0,4.0,0.0,NO,,0.0
2026-05-30,ONE_HOUR,Austin Hedges,Cleveland Guardians,Sonny Gray,DraftKings,504,0.158,0.0709,-0.0075,38,D,WATCH,,7.0,7.0,0.0,NO,,0.0
2026-05-30,ONE_HOUR,Samuel Basallo,Baltimore Orioles,Trey Yesavage,BetMGM,385,0.1985,0.0724,-0.0076,58,C,WATCH,,7.0,4.0,0.0,NO,,0.0
2026-05-30,ONE_HOUR,Alex Bregman,Chicago Cubs,Kyle Leahy,FanDuel,426,0.1824,0.0709,-0.0078,51,C,WATCH,,8.0,6.0,0.0,NO,,0.0
2026-05-30,ONE_HOUR,Mitch Garver,Seattle Mariners,Ryne Nelson,DraftKings,394,0.1945,0.0709,-0.0079,58,C,WATCH,,7.0,4.0,0.0,NO,,0.0
2026-05-30,ONE_HOUR,Jackson Merrill,San Diego Padres,Foster Griffin,BetMGM,522,0.1528,0.0709,-0.0079,35,D,WATCH,,7.0,9.0,0.0,NO,,0.0
2026-05-30,ONE_HOUR,Darell Hernaiz,Athletics,Ryan Weathers,DraftKings,472,0.1667,0.0709,-0.0081,43,C,WATCH,,8.0,7.0,0.0,NO,,0.0
2026-05-30,ONE_HOUR,Miguel Vargas,Chicago White Sox,Framber Valdez,BetMGM,369,0.2049,0.0709,-0.0083,63,C,WATCH,,9.0,2.0,0.0,NO,,0.0
2026-05-30,ONE_HOUR,Elly De La Cruz,Cincinnati Reds,Martín Pérez,DraftKings,386,0.1973,0.0707,-0.0084,59,C,WATCH,,8.0,3.0,0.0,NO,,0.0
2026-05-30,ONE_HOUR,Edmundo Sosa,Philadelphia Phillies,Roki Sasaki,DraftKings,420,0.1835,0.0713,-0.0088,51,C,WATCH,,8.0,6.0,0.0,NO,,0.0
2026-05-30,ONE_HOUR,Drew Gilbert,San Francisco Giants,Ryan Feltner,FanDuel,497,0.158,0.0709,-0.0095,38,D,WATCH,,8.0,8.0,0.0,NO,,0.0
2026-05-30,ONE_HOUR,Alec Burleson,St. Louis Cardinals,Ben Brown,BetMGM,366,0.2049,0.0709,-0.0097,63,C,WATCH,,7.0,2.0,0.0,NO,,0.0
2026-05-30,ONE_HOUR,Carlos Narváez,Boston Red Sox,Parker Messick,FanDuel,403,0.1887,0.0713,-0.0101,54,C,WATCH,,6.0,5.0,0.0,NO,,0.0
2026-05-30,ONE_HOUR,Chadwick Tromp,Atlanta Braves,Brady Singer,BetMGM,405,0.1876,0.0709,-0.0105,54,C,WATCH,,6.0,5.0,0.0,NO,,0.0
2026-05-30,ONE_HOUR,Salvador Perez,Kansas City Royals,Kumar Rocker,BetMGM,387,0.1945,0.0709,-0.0108,57,C,WATCH,,7.0,4.0,0.0,NO,,0.0
2026-05-30,ONE_HOUR,Will Smith,Los Angeles Dodgers,Jesús Luzardo,DraftKings,388,0.1938,0.0706,-0.0111,57,C,WATCH,,7.0,4.0,0.0,NO,,0.0
2026-05-30,ONE_HOUR,Amed Rosario,New York Yankees,J.T. Ginn,FanDuel,413,0.1837,0.0714,-0.0112,51,C,WATCH,,8.0,6.0,0.0,NO,,0.0
2026-05-30,ONE_HOUR,Kevin McGonigle,Detroit Tigers,Anthony Kay,DraftKings,393,0.1914,0.0723,-0.0114,54,C,WATCH,,7.0,5.0,0.0,NO,,0.0
2026-05-30,ONE_HOUR,Bryce Harper,Philadelphia Phillies,Roki Sasaki,BetMGM,339,0.2153,0.072,-0.0125,94,C,WATCH,,6.0,1.0,0.0,NO,,0.0
2026-05-30,ONE_HOUR,Matt Olson,Atlanta Braves,Brady Singer,DraftKings,360,0.2049,0.0709,-0.0125,63,C,WATCH,,7.0,2.0,0.0,NO,,0.0
2026-05-30,ONE_HOUR,Luis Torrens,New York Mets,Tyler Phillips,BetMGM,383,0.1945,0.0709,-0.0125,57,C,WATCH,,8.0,4.0,0.0,NO,,0.0
2026-05-30,ONE_HOUR,Trea Turner,Philadelphia Phillies,Roki Sasaki,FanDuel,482,0.159,0.0713,-0.0128,38,D,WATCH,,7.0,8.0,0.0,NO,,0.0
2026-05-30,ONE_HOUR,Daniel Schneemann,Cleveland Guardians,Sonny Gray,DraftKings,502,0.1528,0.0709,-0.0133,35,D,WATCH,,7.0,9.0,0.0,NO,,0.0
2026-05-30,ONE_HOUR,Nasim Nuñez,Washington Nationals,Michael King,BetMGM,501,0.1528,0.0709,-0.0136,35,D,WATCH,,8.0,9.0,0.0,NO,,0.0
2026-05-30,ONE_HOUR,Shea Langeliers,Athletics,Ryan Weathers,BetMGM,380,0.1945,0.0709,-0.0138,57,C,WATCH,,8.0,4.0,0.0,NO,,0.0
2026-05-30,ONE_HOUR,Austin Riley,Atlanta Braves,Brady Singer,DraftKings,371,0.198,0.0709,-0.0143,59,C,WATCH,,8.0,3.0,0.0,NO,,0.0
2026-05-30,ONE_HOUR,Sal Stewart,Cincinnati Reds,Martín Pérez,FanDuel,357,0.2043,0.0707,-0.0145,62,C,WATCH,,8.0,2.0,0.0,NO,,0.0
2026-05-30,ONE_HOUR,Javier Sanoja,Miami Marlins,Christian Scott,DraftKings,408,0.1824,0.0709,-0.0145,50,C,WATCH,,7.0,6.0,0.0,NO,,0.0
2026-05-30,ONE_HOUR,Tristan Gray,Minnesota Twins,Mitch Keller,FanDuel,497,0.1528,0.0709,-0.0147,35,D,WATCH,,8.0,9.0,0.0,NO,,0.0
2026-05-30,ONE_HOUR,Nick Fortes,Tampa Bay Rays,Reid Detmers,DraftKings,451,0.1667,0.0709,-0.0148,42,C,WATCH,,7.0,7.0,0.0,NO,,0.0
2026-05-30,ONE_HOUR,Adam Frazier,Los Angeles Angels,Drew Rasmussen,FanDuel,354,0.2049,0.0709,-0.0153,62,C,WATCH,,7.0,2.0,0.0,NO,,0.0
2026-05-30,ONE_HOUR,Manny Machado,San Diego Padres,Foster Griffin,BetMGM,402,0.1824,0.0709,-0.0168,50,C,WATCH,,8.0,6.0,0.0,NO,,0.0
2026-05-30,ONE_HOUR,Gabriel Moreno,Arizona Diamondbacks,Bryan Woo,DraftKings,373,0.1945,0.0709,-0.0169,57,C,WATCH,,5.0,4.0,0.0,NO,,0.0
2026-05-30,ONE_HOUR,Jorge Barrosa,Arizona Diamondbacks,Bryan Woo,BetMGM,471,0.158,0.0709,-0.0171,37,D,WATCH,,6.0,8.0,0.0,NO,,0.0
2026-05-30,ONE_HOUR,Josh Jung,Texas Rangers,Seth Lugo,DraftKings,368,0.1961,0.0715,-0.0176,57,C,WATCH,,6.0,4.0,0.0,NO,,0.0
2026-05-30,ONE_HOUR,Joe Mack,Miami Marlins,Christian Scott,DraftKings,387,0.1876,0.0709,-0.0178,53,C,WATCH,,8.0,5.0,0.0,NO,,0.0
2026-05-30,ONE_HOUR,Adley Rutschman,Baltimore Orioles,Trey Yesavage,FanDuel,377,0.1914,0.0724,-0.0182,53,C,WATCH,,8.0,5.0,0.0,NO,,0.0
2026-05-30,ONE_HOUR,Cam Smith,Houston Astros,Brandon Sproat,DraftKings,397,0.1824,0.0709,-0.0189,50,C,WATCH,,5.0,6.0,0.0,NO,,0.0
2026-05-30,ONE_HOUR,Aramis Garcia,Arizona Diamondbacks,Bryan Woo,DraftKings,384,0.1876,0.0709,-0.019,53,C,WATCH,,7.0,5.0,0.0,NO,,0.0
2026-05-30,ONE_HOUR,Samuel Basallo,Baltimore Orioles,Trey Yesavage,FanDuel,359,0.1985,0.0724,-0.0193,57,C,WATCH,,7.0,4.0,0.0,NO,,0.0
2026-05-30,ONE_HOUR,Nasim Nuñez,Washington Nationals,Michael King,DraftKings,395,0.1824,0.0709,-0.0197,50,C,WATCH,,8.0,6.0,0.0,NO,,0.0
2026-05-30,ONE_HOUR,Joey Ortiz,Milwaukee Brewers,Peter Lambert,DraftKings,427,0.1675,0.0712,-0.0222,41,C,WATCH,,8.0,7.0,0.0,NO,,0.0
2026-05-30,ONE_HOUR,Anthony Volpe,New York Yankees,J.T. Ginn,FanDuel,451,0.1592,0.0714,-0.0222,37,D,WATCH,,9.0,8.0,0.0,NO,,0.0
2026-05-30,ONE_HOUR,James Wood,Washington Nationals,Michael King,FanDuel,376,0.1876,0.0709,-0.0225,52,C,WATCH,,9.0,5.0,0.0,NO,,0.0
2026-05-30,ONE_HOUR,Maikel Garcia,Kansas City Royals,Kumar Rocker,DraftKings,428,0.1667,0.0709,-0.0227,41,C,WATCH,,7.0,7.0,0.0,NO,,0.0
2026-05-30,ONE_HOUR,Nick Loftin,Kansas City Royals,Kumar Rocker,FanDuel,353,0.198,0.0709,-0.0228,58,C,WATCH,,8.0,3.0,0.0,NO,,0.0
2026-05-30,ONE_HOUR,Joey Ortiz,Milwaukee Brewers,Peter Lambert,BetMGM,423,0.1675,0.0712,-0.0237,41,C,WATCH,,8.0,7.0,0.0,NO,,0.0
2026-05-30,ONE_HOUR,Geraldo Perdomo,Arizona Diamondbacks,Bryan Woo,DraftKings,385,0.1824,0.0709,-0.0238,49,C,WATCH,,8.0,6.0,0.0,NO,,0.0
2026-05-30,ONE_HOUR,Drew Gilbert,San Francisco Giants,Ryan Feltner,BetMGM,450,0.158,0.0709,-0.0238,36,D,WATCH,,7.0,8.0,0.0,NO,,0.0
2026-05-30,ONE_HOUR,Nicky Lopez,Texas Rangers,Seth Lugo,BetMGM,445,0.1593,0.0715,-0.0241,36,D,WATCH,,7.0,8.0,0.0,NO,,0.0
2026-05-30,ONE_HOUR,Sam Antonacci,Chicago White Sox,Framber Valdez,DraftKings,465,0.1528,0.0709,-0.0242,33,D,WATCH,,8.0,9.0,0.0,NO,,0.0
2026-05-30,ONE_HOUR,Derek Hill,Chicago White Sox,Framber Valdez,DraftKings,383,0.1824,0.0709,-0.0247,49,C,WATCH,,9.0,6.0,0.0,NO,,0.0
2026-05-30,ONE_HOUR,Ryan Waldschmidt,Arizona Diamondbacks,Bryan Woo,DraftKings,463,0.1528,0.0709,-0.0248,33,D,WATCH,,9.0,9.0,0.0,NO,,0.0
2026-05-30,ONE_HOUR,Marcelo Mayer,Boston Red Sox,Parker Messick,BetMGM,380,0.1835,0.0713,-0.0249,49,C,WATCH,,8.0,6.0,0.0,NO,,0.0
2026-05-30,ONE_HOUR,Alejandro Osuna,Texas Rangers,Seth Lugo,FanDuel,378,0.1839,0.0715,-0.0253,49,C,WATCH,,8.0,6.0,0.0,NO,,0.0
2026-05-30,ONE_HOUR,Christian Vázquez,Houston Astros,Brandon Sproat,DraftKings,461,0.1528,0.0709,-0.0254,33,D,WATCH,,6.0,9.0,0.0,NO,,0.0
2026-05-30,ONE_HOUR,Tyler Soderstrom,Athletics,Ryan Weathers,DraftKings,443,0.158,0.0709,-0.0261,36,D,WATCH,,9.0,8.0,0.0,NO,,0.0
2026-05-30,ONE_HOUR,Mookie Betts,Los Angeles Dodgers,Jesús Luzardo,FanDuel,435,0.1604,0.0719,-0.0265,56,C,WATCH,,8.0,7.0,0.0,NO,,0.0
2026-05-30,ONE_HOUR,Randy Arozarena,Seattle Mariners,Ryne Nelson,DraftKings,442,0.158,0.0709,-0.0265,36,D,WATCH,,8.0,8.0,0.0,NO,,0.0
2026-05-30,ONE_HOUR,Endy Rodríguez,Pittsburgh Pirates,Bailey Ober,DraftKings,416,0.1667,0.0709,-0.0271,41,C,WATCH,,8.0,7.0,0.0,NO,,0.0
2026-05-30,ONE_HOUR,Pete Alonso,Baltimore Orioles,Trey Yesavage,BetMGM,323,0.2092,0.0724,-0.0272,61,C,WATCH,,8.0,2.0,0.0,NO,,0.0
2026-05-30,ONE_HOUR,Joc Pederson,Texas Rangers,Seth Lugo,BetMGM,362,0.1891,0.0715,-0.0273,52,C,WATCH,,8.0,5.0,0.0,NO,,0.0
2026-05-30,ONE_HOUR,Brooks Lee,Minnesota Twins,Mitch Keller,BetMGM,377,0.1824,0.0709,-0.0273,49,C,WATCH,,8.0,6.0,0.0,NO,,0.0
2026-05-30,ONE_HOUR,Brandon Valenzuela,Toronto Blue Jays,Brandon Young,BetMGM,361,0.1886,0.0713,-0.0283,52,C,WATCH,,9.0,5.0,0.0,NO,,0.0
2026-05-30,ONE_HOUR,Zach Neto,Los Angeles Angels,Drew Rasmussen,DraftKings,434,0.1588,0.0712,-0.0284,40,C,WATCH,,8.0,8.0,0.0,NO,,0.0
2026-05-30,ONE_HOUR,Javier Sanoja,Miami Marlins,Christian Scott,BetMGM,372,0.1824,0.0709,-0.0295,49,C,WATCH,,7.0,6.0,0.0,NO,,0.0
2026-05-30,ONE_HOUR,Cedric Mullins,Tampa Bay Rays,Reid Detmers,BetMGM,433,0.158,0.0709,-0.0296,36,D,WATCH,,8.0,8.0,0.0,NO,,0.0
2026-05-30,ONE_HOUR,Jorge Mateo,Atlanta Braves,Brady Singer,BetMGM,409,0.1667,0.0709,-0.0297,40,C,WATCH,,9.0,7.0,0.0,NO,,0.0
2026-05-30,ONE_HOUR,Isaac Collins,Kansas City Royals,Kumar Rocker,DraftKings,445,0.1528,0.0709,-0.0307,33,D,WATCH,,9.0,9.0,0.0,NO,,0.0
2026-05-30,ONE_HOUR,Matt Olson,Atlanta Braves,Brady Singer,FanDuel,324,0.2049,0.0709,-0.0309,61,C,WATCH,,8.0,2.0,0.0,NO,,0.0
2026-05-30,ONE_HOUR,Coby Mayo,Baltimore Orioles,Trey Yesavage,DraftKings,396,0.1702,0.0724,-0.0314,40,C,WATCH,,9.0,7.0,0.0,NO,,0.0
2026-05-30,ONE_HOUR,Manny Machado,San Diego Padres,Foster Griffin,FanDuel,367,0.1824,0.0709,-0.0318,48,C,WATCH,,8.0,6.0,0.0,NO,,0.0
2026-05-30,ONE_HOUR,Ian Happ,Chicago Cubs,Kyle Leahy,DraftKings,421,0.158,0.0709,-0.0339,35,D,WATCH,,9.0,8.0,0.0,NO,,0.0
2026-05-30,ONE_HOUR,Bobby Witt Jr.,Kansas City Royals,Kumar Rocker,DraftKings,416,0.158,0.0709,-0.0358,35,D,WATCH,,9.0,8.0,0.0,NO,,0.0
2026-05-30,ONE_HOUR,Braden Shewmake,Houston Astros,Brandon Sproat,DraftKings,391,0.1667,0.0709,-0.0369,39,D,WATCH,,7.0,7.0,0.0,NO,,0.0
2026-05-30,ONE_HOUR,Hao-Yu  Lee,Detroit Tigers,Anthony Kay,FanDuel,404,0.1615,0.0724,-0.0369,35,D,WATCH,,9.0,8.0,0.0,NO,,0.0
2026-05-30,ONE_HOUR,Masyn Winn,St. Louis Cardinals,Ben Brown,FanDuel,355,0.1824,0.0709,-0.0374,48,C,WATCH,,7.0,5.0,0.0,NO,,0.0
2026-05-30,ONE_HOUR,Ezequiel Tovar,Colorado Rockies,Adrian Houser,FanDuel,424,0.1529,0.0709,-0.0379,32,D,WATCH,,9.0,9.0,0.0,NO,,0.0
2026-05-30,ONE_HOUR,Ramón Laureano,San Diego Padres,Foster Griffin,DraftKings,410,0.158,0.0709,-0.038,35,D,WATCH,,9.0,8.0,0.0,NO,,0.0
2026-05-30,ONE_HOUR,Tyler Soderstrom,Athletics,Ryan Weathers,BetMGM,408,0.158,0.0709,-0.0388,34,D,WATCH,,9.0,8.0,0.0,NO,,0.0
2026-05-30,ONE_HOUR,Luke Keaschall,Minnesota Twins,Mitch Keller,BetMGM,408,0.158,0.0709,-0.0388,34,D,WATCH,,9.0,8.0,0.0,NO,,0.0
2026-05-30,ONE_HOUR,J.P. Crawford,Seattle Mariners,Ryne Nelson,DraftKings,386,0.1667,0.0709,-0.039,39,D,WATCH,,9.0,7.0,0.0,NO,,0.0
2026-05-30,ONE_HOUR,Ian Happ,Chicago Cubs,Kyle Leahy,FanDuel,403,0.158,0.0709,-0.0408,34,D,WATCH,,9.0,8.0,0.0,NO,,0.0
2026-05-30,ONE_HOUR,Brett Baty,New York Mets,Tyler Phillips,BetMGM,401,0.158,0.0709,-0.0416,34,D,WATCH,,9.0,8.0,0.0,NO,,0.0
2026-05-30,ONE_HOUR,Nick Sogard,Boston Red Sox,Parker Messick,FanDuel,398,0.159,0.0713,-0.0418,34,D,WATCH,,9.0,8.0,0.0,NO,,0.0
2026-05-30,ONE_HOUR,Jared Triolo,Pittsburgh Pirates,Bailey Ober,BetMGM,410,0.1528,0.0709,-0.0432,31,D,WATCH,,9.0,9.0,0.0,NO,,0.0
2026-05-30,ONE_HOUR,Brayan Rocchio,Cleveland Guardians,Sonny Gray,FanDuel,368,0.1667,0.0709,-0.0469,38,D,WATCH,,9.0,7.0,0.0,NO,,0.0
2026-05-30,ONE_HOUR,Ezequiel Tovar,Colorado Rockies,Adrian Houser,DraftKings,399,0.1529,0.0709,-0.0475,31,D,WATCH,,9.0,9.0,0.0,NO,,0.0
2026-05-30,ONE_HOUR,Yordan Alvarez,Houston Astros,Brandon Sproat,FanDuel,313,0.1945,0.0709,-0.0476,53,C,WATCH,,8.0,4.0,0.0,NO,,0.0
2026-05-30,ONE_HOUR,Vidal Bruján,New York Mets,Tyler Phillips,FanDuel,385,0.158,0.0709,-0.0481,33,D,WATCH,,8.0,8.0,0.0,NO,,0.0
2026-05-30,ONE_HOUR,Thomas Saggese,St. Louis Cardinals,Ben Brown,BetMGM,383,0.158,0.0709,-0.049,33,D,WATCH,,8.0,7.0,0.0,NO,,0.0
2026-05-30,ONE_HOUR,Daylen Lile,Washington Nationals,Michael King,DraftKings,393,0.1528,0.0709,-0.05,30,D,WATCH,,9.0,9.0,0.0,NO,,0.0
2026-05-30,ONE_HOUR,Harrison Bader,San Francisco Giants,Ryan Feltner,FanDuel,393,0.1528,0.0709,-0.05,30,D,WATCH,,9.0,9.0,0.0,NO,,0.0
2026-05-30,ONE_HOUR,Jose Siri,Los Angeles Angels,Drew Rasmussen,FanDuel,389,0.1528,0.0709,-0.0517,30,D,WATCH,,9.0,9.0,0.0,NO,,0.0
2026-05-30,ONE_HOUR,Bryan Reynolds,Pittsburgh Pirates,Bailey Ober,DraftKings,376,0.158,0.0709,-0.052,33,D,WATCH,,9.0,8.0,0.0,NO,,0.0
2026-05-30,ONE_HOUR,Alec Bohm,Philadelphia Phillies,Roki Sasaki,BetMGM,354,0.1678,0.0713,-0.0525,38,D,WATCH,,9.0,7.0,0.0,NO,,0.0
2026-05-30,ONE_HOUR,Nick Sogard,Boston Red Sox,Parker Messick,BetMGM,371,0.159,0.0713,-0.0533,33,D,WATCH,,9.0,8.0,0.0,NO,,0.0
2026-05-30,ONE_HOUR,TJ Friedl,Cincinnati Reds,Martín Pérez,BetMGM,386,0.1523,0.0707,-0.0534,30,D,WATCH,,9.0,9.0,0.0,NO,,0.0
2026-05-30,ONE_HOUR,Daulton Varsho,Toronto Blue Jays,Brandon Young,BetMGM,382,0.1537,0.0713,-0.0538,30,D,WATCH,,9.0,9.0,0.0,NO,,0.0
2026-05-30,ONE_HOUR,Jake Meyers,Houston Astros,Brandon Sproat,BetMGM,371,0.158,0.0709,-0.0543,33,D,WATCH,,9.0,8.0,0.0,NO,,0.0
2026-05-30,ONE_HOUR,Harrison Bader,San Francisco Giants,Ryan Feltner,BetMGM,379,0.1528,0.0709,-0.0559,30,D,WATCH,,9.0,9.0,0.0,NO,,0.0
2026-05-30,ONE_HOUR,Jackson Chourio,Milwaukee Brewers,Peter Lambert,BetMGM,362,0.1588,0.0712,-0.0576,32,D,WATCH,,9.0,8.0,0.0,NO,,0.0
2026-05-30,ONE_HOUR,Mike Yastrzemski,Atlanta Braves,Brady Singer,DraftKings,370,0.1528,0.0709,-0.0599,29,D,WATCH,,9.0,9.0,0.0,NO,,0.0
2026-05-30,ONE_HOUR,Brayan Rocchio,Cleveland Guardians,Sonny Gray,DraftKings,367,0.1528,0.0709,-0.0613,29,D,WATCH,,8.0,8.0,0.0,NO,,0.0
2026-05-30,ONE_HOUR,Zach Neto,Los Angeles Angels,Drew Rasmussen,FanDuel,353,0.1588,0.0712,-0.0619,36,D,WATCH,,9.0,8.0,0.0,NO,,0.0
2026-05-30,ONE_HOUR,Juan Soto,New York Mets,Tyler Phillips,DraftKings,279,0.2011,0.0696,-0.0627,94,C,WATCH,,9.0,2.0,0.0,NO,,0.0
2026-05-30,ONE_HOUR,Taylor Walls,Tampa Bay Rays,Reid Detmers,FanDuel,354,0.1528,0.0709,-0.0674,28,D,WATCH,,9.0,9.0,0.0,NO,,0.0
2026-05-30,,Riley Greene,Detroit Tigers,Anthony Kay,DraftKings,640,0.2162,0.0723,0.0811,78,B,,,,,1.0,YES 🔥,NO HR,-1.0
2026-05-30,,Ty France,San Diego Padres,Foster Griffin,DraftKings,661,0.2119,0.0709,0.0805,78,B,,,,,1.0,YES 🔥,NO HR,-1.0
2026-05-30,,Paul Goldschmidt,New York Yankees,J.T. Ginn,DraftKings,639,0.2135,0.0714,0.0782,77,B,,,,,1.0,YES 🔥,NO HR,-1.0
2026-05-30,,Rafael Devers,San Francisco Giants,Ryan Feltner,DraftKings,643,0.2119,0.0709,0.0773,77,B,,,,,1.0,YES 🔥,NO HR,-1.0
2026-05-30,,Connor Norby,Miami Marlins,Christian Scott,BetMGM,638,0.2119,0.0709,0.0764,77,B,,,,,1.0,YES 🔥,NO HR,-1.0
2026-05-30,,JJ Wetherholt,St. Louis Cardinals,Ben Brown,DraftKings,635,0.2119,0.0709,0.0758,77,B,,,,,1.0,YES 🔥,NO HR,-1.0
2026-05-30,,Michael Massey,Kansas City Royals,Kumar Rocker,FanDuel,633,0.2119,0.0709,0.0755,77,B,,,,,1.0,YES 🔥,NO HR,-1.0
2026-05-30,,Ketel Marte,Arizona Diamondbacks,Bryan Woo,DraftKings,621,0.2119,0.0709,0.0732,77,B,,,,,1.0,YES 🔥,NO HR,-1.0
2026-05-30,,Jared Young,New York Mets,Tyler Phillips,DraftKings,620,0.2119,0.0709,0.073,77,B,,,,,1.0,YES 🔥,HR,6.2
2026-05-30,,Chase Meidroth,Chicago White Sox,Framber Valdez,BetMGM,615,0.2119,0.0709,0.072,77,B,,,,,1.0,YES 🔥,NO HR,-1.0
2026-05-30,,Jackson Holliday,Baltimore Orioles,Trey Yesavage,DraftKings,593,0.2163,0.0724,0.072,77,B,,,,,1.0,YES 🔥,NO HR,-1.0
2026-05-30,,Connor Norby,Miami Marlins,Christian Scott,FanDuel,611,0.2119,0.0709,0.0712,76,B,,,,,1.0,YES 🔥,NO HR,-1.0
2026-05-30,,Jared Young,New York Mets,Tyler Phillips,FanDuel,607,0.2119,0.0709,0.0704,76,B,,,,,1.0,YES 🔥,HR,6.07
2026-05-30,,Cole Young,Seattle Mariners,Ryne Nelson,BetMGM,605,0.2119,0.0709,0.07,76,B,,,,,1.0,YES 🔥,NO HR,-1.0
2026-05-30,,TJ Rumfield,Colorado Rockies,Adrian Houser,DraftKings,601,0.212,0.0709,0.0694,76,B,,,,,1.0,YES 🔥,NO HR,-1.0
2026-05-30,,Miguel Vargas,Chicago White Sox,Framber Valdez,FanDuel,637,0.2049,0.0709,0.0692,73,B,,,,,0.5,YES 🔥,NO HR,-0.5
2026-05-30,,Nick Kurtz,Athletics,Ryan Weathers,BetMGM,637,0.2049,0.0709,0.0692,73,B,,,,,0.5,YES 🔥,NO HR,-0.5
2026-05-30,,Ozzie Albies,Atlanta Braves,Brady Singer,FanDuel,591,0.2119,0.0709,0.0672,76,B,,,,,1.0,YES 🔥,NO HR,-1.0
2026-05-30,,Sal Stewart,Cincinnati Reds,Martín Pérez,BetMGM,629,0.2043,0.0707,0.0671,72,B,,,,,0.5,YES 🔥,NO HR,-0.5
2026-05-30,,Brandon Lowe,Pittsburgh Pirates,Bailey Ober,FanDuel,589,0.2119,0.0709,0.0667,76,B,,,,,1.0,YES 🔥,NO HR,-1.0
2026-05-30,,Rhys Hoskins,Cleveland Guardians,Sonny Gray,DraftKings,587,0.2119,0.0709,0.0663,76,B,,,,,1.0,YES 🔥,NO HR,-1.0
2026-05-30,,Charles McAdoo,Toronto Blue Jays,Brandon Young,DraftKings,575,0.213,0.0713,0.0649,76,B,,,,,1.0,YES 🔥,NO HR,-1.0
2026-05-30,,Brice Turang,Milwaukee Brewers,Peter Lambert,DraftKings,573,0.2129,0.0712,0.0643,76,B,,,,,1.0,YES 🔥,NO HR,-1.0
2026-05-30,,Chad Stevens,Colorado Rockies,Adrian Houser,BetMGM,645,0.1974,0.0707,0.0632,68,B,,,,,0.5,YES 🔥,NO HR,-0.5
2026-05-30,,Kyle Higashioka,Texas Rangers,Seth Lugo,FanDuel,649,0.1961,0.0715,0.0626,66,B,,,,,0.5,YES 🔥,NO HR,-0.5
2026-05-30,,Tristan Gray,Minnesota Twins,Mitch Keller,DraftKings,637,0.198,0.0709,0.0623,68,B,,,,,0.5,YES 🔥,NO HR,-0.5
2026-05-30,,Willson Contreras,Boston Red Sox,Parker Messick,DraftKings,560,0.2132,0.0713,0.0617,75,B,,,,,1.0,YES 🔥,NO HR,-1.0
2026-05-30,,Isaac Paredes,Houston Astros,Brandon Sproat,FanDuel,561,0.2119,0.0709,0.0606,75,B,,,,,1.0,YES 🔥,NO HR,-1.0
2026-05-30,,Christian Walker,Houston Astros,Brandon Sproat,BetMGM,593,0.2049,0.0709,0.0606,71,B,,,,,0.5,YES 🔥,NO HR,-0.5
2026-05-30,,Elly De La Cruz,Cincinnati Reds,Martín Pérez,FanDuel,630,0.1973,0.0707,0.0604,68,B,,,,,0.5,YES 🔥,NO HR,-0.5
2026-05-30,,Jonathan Aranda,Tampa Bay Rays,Reid Detmers,FanDuel,590,0.2049,0.0709,0.06,71,B,,,,,0.5,YES 🔥,NO HR,-0.5
2026-05-30,,Max Muncy,Los Angeles Dodgers,Jesús Luzardo,DraftKings,628,0.1973,0.0706,0.0599,68,B,,,,,0.5,YES 🔥,NO HR,-0.5
2026-05-30,,Richie Palacios,Tampa Bay Rays,Reid Detmers,BetMGM,619,0.198,0.0709,0.0589,68,B,,,,,0.5,YES 🔥,NO HR,-0.5
2026-05-30,,J.C. Escarra,New York Yankees,J.T. Ginn,DraftKings,625,0.196,0.0714,0.0581,66,B,,,,,0.5,YES 🔥,NO HR,-0.5
2026-05-30,,Brandon Lowe,Pittsburgh Pirates,Bailey Ober,BetMGM,550,0.2119,0.0709,0.058,75,B,,,,,1.0,YES 🔥,NO HR,-1.0
2026-05-30,,Luis Rengifo,Milwaukee Brewers,Peter Lambert,BetMGM,598,0.2013,0.0721,0.058,64,C,,,,,0.5,YES 🔥,NO HR,-0.5
2026-05-30,,Bryson Stott,Philadelphia Phillies,Roki Sasaki,BetMGM,605,0.1992,0.0713,0.0574,67,B,,,,,0.5,YES 🔥,NO HR,-0.5
2026-05-30,,Curtis Mead,Washington Nationals,Michael King,FanDuel,546,0.2119,0.0709,0.0571,75,B,,,,,1.0,YES 🔥,NO HR,-1.0
2026-05-30,,Zach McKinstry,Detroit Tigers,Anthony Kay,DraftKings,587,0.2023,0.0724,0.0567,68,B,,,,,0.5,YES 🔥,NO HR,-0.5
2026-05-30,,Rafael Marchán,Philadelphia Phillies,Roki Sasaki,DraftKings,568,0.2062,0.0713,0.0565,71,B,,,,,0.5,YES 🔥,NO HR,-0.5
2026-05-30,,Samuel Basallo,Baltimore Orioles,Trey Yesavage,BetMGM,600,0.1985,0.0724,0.0557,66,B,,,,,0.5,YES 🔥,NO HR,-0.5
2026-05-30,,Michael Busch,Chicago Cubs,Kyle Leahy,BetMGM,546,0.2049,0.0709,0.0501,70,B,,,,,0.5,YES 🔥,NO HR,-0.5
2026-05-30,,Tristan Gray,Minnesota Twins,Mitch Keller,BetMGM,569,0.198,0.0709,0.0485,66,B,,,,,0.5,YES 🔥,NO HR,-0.5
2026-05-30,,Kyle Higashioka,Texas Rangers,Seth Lugo,BetMGM,573,0.1961,0.0715,0.0475,64,B,,,,,0.5,YES 🔥,NO HR,-0.5
2026-05-30,,Adam Frazier,Los Angeles Angels,Drew Rasmussen,BetMGM,507,0.2049,0.0709,0.0402,69,B,,,,,0.5,YES 🔥,NO HR,-0.5
2026-05-30,,Nick Loftin,Kansas City Royals,Kumar Rocker,DraftKings,533,0.198,0.0709,0.04,65,B,,,,,0.5,YES 🔥,NO HR,-0.5
2026-05-30,,JJ Wetherholt,St. Louis Cardinals,Ben Brown,BetMGM,452,0.2119,0.0709,0.0307,72,B,,,,,0.5,YES 🔥,NO HR,-0.5
2026-05-30,,Ildemaro Vargas,Arizona Diamondbacks,Bryan Woo,BetMGM,646,0.2049,0.0709,0.0709,73,B,,,,,0.0,NO,,0.0
2026-05-30,,Alec Burleson,St. Louis Cardinals,Ben Brown,FanDuel,626,0.2049,0.0709,0.0672,72,B,,,,,0.0,NO,,0.0
2026-05-30,,Spencer Horwitz,Pittsburgh Pirates,Bailey Ober,FanDuel,609,0.2049,0.0709,0.0639,72,B,,,,,0.0,NO,,0.0
2026-05-30,,Edgar Quero,Chicago White Sox,Framber Valdez,FanDuel,641,0.198,0.0709,0.063,68,B,,,,,0.0,NO,,0.0
2026-05-30,,Spencer Torkelson,Detroit Tigers,Anthony Kay,BetMGM,618,0.2021,0.0723,0.0628,68,B,,,,,0.0,NO,,0.0
2026-05-30,,Matt McLain,Cincinnati Reds,Martín Pérez,BetMGM,573,0.2112,0.0707,0.0626,75,B,,,,,0.0,NO,,0.0
2026-05-30,,Pedro Ramírez,Chicago Cubs,Kyle Leahy,DraftKings,634,0.198,0.0709,0.0617,68,B,,,,,0.0,NO,,0.0
2026-05-30,,Nolan Arenado,Arizona Diamondbacks,Bryan Woo,FanDuel,629,0.198,0.0709,0.0608,68,B,,,,,0.0,NO,,0.0
2026-05-30,,Dillon Dingler,Detroit Tigers,Anthony Kay,BetMGM,623,0.1985,0.0723,0.0602,66,B,,,,,0.0,NO,,0.0
2026-05-30,,Jazz Chisholm Jr.,New York Yankees,J.T. Ginn,FanDuel,613,0.1995,0.0714,0.0592,68,B,,,,,0.0,NO,,0.0
2026-05-30,,Miguel Amaya,Chicago Cubs,Kyle Leahy,BetMGM,637,0.1945,0.0709,0.0588,66,B,,,,,0.0,NO,,0.0
2026-05-30,,Alika Williams,Athletics,Ryan Weathers,FanDuel,548,0.2119,0.0709,0.0576,75,B,,,,,0.0,NO,,0.0
2026-05-30,,Matt Vierling,Detroit Tigers,Anthony Kay,DraftKings,559,0.2092,0.0723,0.0574,71,B,,,,,0.0,NO,,0.0
2026-05-30,,Henry Davis,Pittsburgh Pirates,Bailey Ober,BetMGM,629,0.1945,0.0709,0.0573,66,B,,,,,0.0,NO,,0.0
2026-05-30,,Daniel Susac,San Francisco Giants,Ryan Feltner,DraftKings,662,0.1876,0.0709,0.0563,62,B,,,,,0.0,NO,,0.0
2026-05-30,,Shea Langeliers,Athletics,Ryan Weathers,DraftKings,623,0.1945,0.0709,0.0562,65,B,,,,,0.0,NO,,0.0
2026-05-30,,Mark Vientos,New York Mets,Tyler Phillips,DraftKings,605,0.198,0.0709,0.0561,67,B,,,,,0.0,NO,,0.0
2026-05-30,,Kyle Manzardo,Cleveland Guardians,Sonny Gray,FanDuel,569,0.2049,0.0709,0.0555,71,B,,,,,0.0,NO,,0.0
2026-05-30,,Jazz Chisholm Jr.,New York Yankees,J.T. Ginn,DraftKings,592,0.1995,0.0714,0.055,67,B,,,,,0.0,NO,,0.0
2026-05-30,,Rhys Hoskins,Cleveland Guardians,Sonny Gray,BetMGM,537,0.2119,0.0709,0.0549,75,B,,,,,0.0,NO,,0.0
2026-05-30,,Christian Walker,Houston Astros,Brandon Sproat,FanDuel,565,0.2049,0.0709,0.0546,71,B,,,,,0.0,NO,,0.0
2026-05-30,,Chad Stevens,Colorado Rockies,Adrian Houser,FanDuel,595,0.1981,0.0709,0.0542,67,B,,,,,0.0,NO,,0.0
2026-05-30,,Sebastián Rivero,Los Angeles Angels,Drew Rasmussen,BetMGM,609,0.1945,0.0709,0.0535,65,B,,,,,0.0,NO,,0.0
2026-05-30,,Carson Kelly,Chicago Cubs,Kyle Leahy,FanDuel,646,0.1876,0.0709,0.0535,61,B,,,,,0.0,NO,,0.0
2026-05-30,,Travis Bazzana,Cleveland Guardians,Sonny Gray,DraftKings,590,0.198,0.0709,0.0531,67,B,,,,,0.0,NO,,0.0
2026-05-30,,Austin Riley,Atlanta Braves,Brady Singer,DraftKings,590,0.198,0.0709,0.0531,67,B,,,,,0.0,NO,,0.0
2026-05-30,,Patrick Bailey,Cleveland Guardians,Sonny Gray,DraftKings,605,0.1945,0.0709,0.0527,65,B,,,,,0.0,NO,,0.0
2026-05-30,,Christian Vázquez,Houston Astros,Brandon Sproat,DraftKings,641,0.1876,0.0709,0.0526,61,B,,,,,0.0,NO,,0.0
2026-05-30,,Vinnie Pasquantino,Kansas City Royals,Kumar Rocker,FanDuel,555,0.2049,0.0709,0.0523,70,B,,,,,0.0,NO,,0.0
2026-05-30,,Liam Hicks,Miami Marlins,Christian Scott,BetMGM,603,0.1945,0.0709,0.0523,65,B,,,,,0.0,NO,,0.0
2026-05-30,,Adam Frazier,Los Angeles Angels,Drew Rasmussen,FanDuel,554,0.2049,0.0709,0.052,70,B,,,,,0.0,NO,,0.0
2026-05-30,,Christopher Morel,Miami Marlins,Christian Scott,DraftKings,553,0.2049,0.0709,0.0518,70,B,,,,,0.0,NO,,0.0
2026-05-30,,Jake Rogers,Detroit Tigers,Anthony Kay,BetMGM,580,0.1987,0.0724,0.0517,65,B,,,,,0.0,NO,,0.0
2026-05-30,,Jesus Rodriguez,San Francisco Giants,Ryan Feltner,BetMGM,551,0.2049,0.0709,0.0513,70,B,,,,,0.0,NO,,0.0
2026-05-30,,Freddie Freeman,Los Angeles Dodgers,Jesús Luzardo,DraftKings,553,0.2042,0.0706,0.0511,70,B,,,,,0.0,NO,,0.0
2026-05-30,,Jhonny Pereda,Seattle Mariners,Ryne Nelson,DraftKings,629,0.1876,0.0709,0.0504,61,B,,,,,0.0,NO,,0.0
2026-05-30,,Javier Sanoja,Miami Marlins,Christian Scott,FanDuel,647,0.1824,0.0709,0.0485,58,B,,,,,0.0,NO,,0.0
2026-05-30,,Richie Palacios,Tampa Bay Rays,Reid Detmers,DraftKings,568,0.198,0.0709,0.0483,66,B,,,,,0.0,NO,,0.0
2026-05-30,,David Hamilton,Milwaukee Brewers,Peter Lambert,FanDuel,641,0.1832,0.0712,0.0483,58,B,,,,,0.0,NO,,0.0
2026-05-30,,Drew Millas,Washington Nationals,Michael King,DraftKings,617,0.1876,0.0709,0.0481,61,B,,,,,0.0,NO,,0.0
2026-05-30,,Amed Rosario,New York Yankees,J.T. Ginn,FanDuel,635,0.1837,0.0714,0.0477,58,B,,,,,0.0,NO,,0.0
2026-05-30,,Ha-Seong Kim,Atlanta Braves,Brady Singer,FanDuel,640,0.1824,0.0709,0.0472,58,B,,,,,0.0,NO,,0.0
2026-05-30,,Ben Rice,New York Yankees,J.T. Ginn,DraftKings,526,0.2065,0.0714,0.0468,70,B,,,,,0.0,NO,,0.0
2026-05-30,,Luis Arraez,San Francisco Giants,Ryan Feltner,FanDuel,561,0.198,0.0709,0.0467,66,B,,,,,0.0,NO,,0.0
2026-05-30,,Kody Clemens,Minnesota Twins,Mitch Keller,BetMGM,531,0.2049,0.0709,0.0465,70,B,,,,,0.0,NO,,0.0
2026-05-30,,Sal Stewart,Cincinnati Reds,Martín Pérez,DraftKings,534,0.2043,0.0707,0.0465,70,B,,,,,0.0,NO,,0.0
2026-05-30,,Nicky Lopez,Texas Rangers,Seth Lugo,DraftKings,628,0.1839,0.0715,0.0465,58,B,,,,,0.0,NO,,0.0
2026-05-30,,Adley Rutschman,Baltimore Orioles,Trey Yesavage,BetMGM,588,0.1914,0.0724,0.0461,61,B,,,,,0.0,NO,,0.0
2026-05-30,,Dalton Rushing,Los Angeles Dodgers,Jesús Luzardo,FanDuel,610,0.1869,0.0706,0.046,60,B,,,,,0.0,NO,,0.0
2026-05-30,,Jeremiah Jackson,Baltimore Orioles,Trey Yesavage,DraftKings,540,0.2021,0.0724,0.0458,66,B,,,,,0.0,NO,,0.0
2026-05-30,,Joe Mack,Miami Marlins,Christian Scott,DraftKings,603,0.1876,0.0709,0.0453,60,B,,,,,0.0,NO,,0.0
2026-05-30,,P.J. Higgins,Cincinnati Reds,Martín Pérez,FanDuel,606,0.187,0.0707,0.0453,60,B,,,,,0.0,NO,,0.0
2026-05-30,,Connor Wong,Boston Red Sox,Parker Messick,DraftKings,563,0.1957,0.0713,0.0449,64,B,,,,,0.0,NO,,0.0
2026-05-30,,Garrett Stubbs,Philadelphia Phillies,Roki Sasaki,DraftKings,590,0.1887,0.0713,0.0438,60,B,,,,,0.0,NO,,0.0
2026-05-30,,Edouard Julien,Colorado Rockies,Adrian Houser,BetMGM,620,0.1825,0.0709,0.0436,57,B,,,,,0.0,NO,,0.0
2026-05-30,,Chadwick Tromp,Atlanta Braves,Brady Singer,DraftKings,594,0.1876,0.0709,0.0435,60,B,,,,,0.0,NO,,0.0
2026-05-30,,Vladimir Guerrero Jr.,Toronto Blue Jays,Brandon Young,FanDuel,512,0.2061,0.0713,0.0427,69,B,,,,,0.0,NO,,0.0
2026-05-30,,Josh Naylor,Seattle Mariners,Ryne Nelson,DraftKings,515,0.2049,0.0709,0.0423,69,B,,,,,0.0,NO,,0.0
2026-05-30,,Kevin McGonigle,Detroit Tigers,Anthony Kay,BetMGM,570,0.1914,0.0723,0.0422,60,B,,,,,0.0,NO,,0.0
2026-05-30,,Blaze Alexander,Baltimore Orioles,Trey Yesavage,BetMGM,592,0.1861,0.0724,0.0416,57,B,,,,,0.0,NO,,0.0
2026-05-30,,Nick Fortes,Tampa Bay Rays,Reid Detmers,FanDuel,552,0.1945,0.0709,0.0411,64,B,,,,,0.0,NO,,0.0
2026-05-30,,Nasim Nuñez,Washington Nationals,Michael King,BetMGM,608,0.1824,0.0709,0.0411,57,B,,,,,0.0,NO,,0.0
2026-05-30,,Ha-Seong Kim,Atlanta Braves,Brady Singer,BetMGM,608,0.1824,0.0709,0.0411,57,B,,,,,0.0,NO,,0.0
2026-05-30,,César Salazar,Houston Astros,Brandon Sproat,FanDuel,551,0.1945,0.0709,0.0409,64,B,,,,,0.0,NO,,0.0
2026-05-30,,Kody Clemens,Minnesota Twins,Mitch Keller,DraftKings,509,0.2049,0.0709,0.0407,69,B,,,,,0.0,NO,,0.0
2026-05-30,,César Salazar,Houston Astros,Brandon Sproat,BetMGM,550,0.1945,0.0709,0.0407,64,B,,,,,0.0,NO,,0.0
2026-05-30,,Justin Foscue,Texas Rangers,Seth Lugo,DraftKings,528,0.1996,0.0715,0.0404,65,B,,,,,0.0,NO,,0.0
2026-05-30,,Alex Jackson,Minnesota Twins,Mitch Keller,DraftKings,579,0.1876,0.0709,0.0403,60,B,,,,,0.0,NO,,0.0
2026-05-30,,Geraldo Perdomo,Arizona Diamondbacks,Bryan Woo,DraftKings,602,0.1824,0.0709,0.0399,57,B,,,,,0.0,NO,,0.0
2026-05-30,,Jared Triolo,Pittsburgh Pirates,Bailey Ober,FanDuel,532,0.198,0.0709,0.0398,65,B,,,,,0.0,NO,,0.0
2026-05-30,,Spencer Torkelson,Detroit Tigers,Anthony Kay,DraftKings,488,0.2094,0.0724,0.0393,69,B,,,,,0.0,NO,,0.0
2026-05-30,,Austin Hedges,Cleveland Guardians,Sonny Gray,FanDuel,574,0.1876,0.0709,0.0392,60,B,,,,,0.0,NO,,0.0
2026-05-30,,Austin Wells,New York Yankees,J.T. Ginn,FanDuel,563,0.189,0.0714,0.0382,60,B,,,,,0.0,NO,,0.0
2026-05-30,,Brett Sullivan,Colorado Rockies,Adrian Houser,FanDuel,541,0.1939,0.0707,0.0379,63,B,,,,,0.0,NO,,0.0
2026-05-30,,Danny Jansen,Texas Rangers,Seth Lugo,FanDuel,560,0.1891,0.0715,0.0376,60,B,,,,,0.0,NO,,0.0
2026-05-30,,Jhonny Pereda,Seattle Mariners,Ryne Nelson,FanDuel,566,0.1876,0.0709,0.0374,59,B,,,,,0.0,NO,,0.0
2026-05-30,,Victor Caratini,Minnesota Twins,Mitch Keller,FanDuel,536,0.1945,0.0709,0.0373,63,B,,,,,0.0,NO,,0.0
2026-05-30,,Keibert Ruiz,Washington Nationals,Michael King,DraftKings,536,0.1945,0.0709,0.0373,63,B,,,,,0.0,NO,,0.0
2026-05-30,,Patrick Bailey,Cleveland Guardians,Sonny Gray,BetMGM,536,0.1945,0.0709,0.0373,63,B,,,,,0.0,NO,,0.0
2026-05-30,,Logan O'Hoppe,Los Angeles Angels,Drew Rasmussen,BetMGM,571,0.1859,0.0703,0.0369,70,B,,,,,0.0,NO,,0.0
2026-05-30,,Luis Rengifo,Milwaukee Brewers,Peter Lambert,DraftKings,508,0.2013,0.0721,0.0368,61,C,,,,,0.0,NO,,0.0
2026-05-30,,Andrew Vaughn,Milwaukee Brewers,Peter Lambert,DraftKings,530,0.1955,0.0712,0.0367,63,B,,,,,0.0,NO,,0.0
2026-05-30,,Braxton Fulford,Colorado Rockies,Adrian Houser,DraftKings,561,0.1877,0.0709,0.0364,59,B,,,,,0.0,NO,,0.0
2026-05-30,,Matt Chapman,San Francisco Giants,Ryan Feltner,BetMGM,583,0.1824,0.0709,0.0359,56,B,,,,,0.0,NO,,0.0
2026-05-30,,Victor Caratini,Minnesota Twins,Mitch Keller,BetMGM,530,0.1945,0.0709,0.0358,63,B,,,,,0.0,NO,,0.0
2026-05-30,,Sung-Mun Song,San Diego Padres,Foster Griffin,BetMGM,516,0.198,0.0709,0.0356,65,B,,,,,0.0,NO,,0.0
2026-05-30,,Pedro Ramírez,Chicago Cubs,Kyle Leahy,FanDuel,516,0.198,0.0709,0.0356,65,B,,,,,0.0,NO,,0.0
2026-05-30,,Paul Goldschmidt,New York Yankees,J.T. Ginn,BetMGM,461,0.2135,0.0714,0.0352,72,B,,,,,0.0,NO,,0.0
2026-05-30,,José Ramírez,Cleveland Guardians,Sonny Gray,BetMGM,576,0.1824,0.0709,0.0344,56,B,,,,,0.0,NO,,0.0
2026-05-30,,Zack Gelof,Athletics,Ryan Weathers,DraftKings,575,0.1824,0.0709,0.0342,56,B,,,,,0.0,NO,,0.0
2026-05-30,,Eric Wagaman,New York Mets,Tyler Phillips,FanDuel,485,0.2049,0.0709,0.034,68,B,,,,,0.0,NO,,0.0
2026-05-30,,Jared Triolo,Pittsburgh Pirates,Bailey Ober,DraftKings,507,0.198,0.0709,0.0332,64,B,,,,,0.0,NO,,0.0
2026-05-30,,Hunter Goodman,Colorado Rockies,Adrian Houser,DraftKings,484,0.2043,0.0707,0.0331,68,B,,,,,0.0,NO,,0.0
2026-05-30,,Jorge Mateo,Atlanta Braves,Brady Singer,DraftKings,647,0.1667,0.0709,0.0329,48,C,,,,,0.0,NO,,0.0
2026-05-30,,Luis Torrens,New York Mets,Tyler Phillips,BetMGM,518,0.1945,0.0709,0.0327,63,B,,,,,0.0,NO,,0.0
2026-05-30,,Tyler Heineman,Toronto Blue Jays,Brandon Young,BetMGM,512,0.1956,0.0713,0.0322,63,B,,,,,0.0,NO,,0.0
2026-05-30,,Marcelo Mayer,Boston Red Sox,Parker Messick,DraftKings,561,0.1835,0.0713,0.0322,56,B,,,,,0.0,NO,,0.0
2026-05-30,,Ryan McMahon,New York Yankees,J.T. Ginn,BetMGM,636,0.168,0.0714,0.0321,48,C,,,,,0.0,NO,,0.0
2026-05-30,,Nick Loftin,Kansas City Royals,Kumar Rocker,FanDuel,502,0.198,0.0709,0.0319,64,B,,,,,0.0,NO,,0.0
2026-05-30,,Kazuma Okamoto,Toronto Blue Jays,Brandon Young,DraftKings,560,0.1834,0.0713,0.0318,56,B,,,,,0.0,NO,,0.0
2026-05-30,,Mickey Gasper,Boston Red Sox,Parker Messick,BetMGM,472,0.2062,0.0713,0.0314,68,B,,,,,0.0,NO,,0.0
2026-05-30,,JJ Bleday,Cincinnati Reds,Martín Pérez,BetMGM,564,0.1818,0.0707,0.0312,56,B,,,,,0.0,NO,,0.0
2026-05-30,,Maikel Garcia,Kansas City Royals,Kumar Rocker,FanDuel,636,0.1667,0.0709,0.0309,47,C,,,,,0.0,NO,,0.0
2026-05-30,,Amed Rosario,New York Yankees,J.T. Ginn,BetMGM,554,0.1837,0.0714,0.0308,56,B,,,,,0.0,NO,,0.0
2026-05-30,,Will Smith,Los Angeles Dodgers,Jesús Luzardo,DraftKings,513,0.1938,0.0706,0.0307,62,B,,,,,0.0,NO,,0.0
2026-05-30,,Isiah Kiner-Falefa,Boston Red Sox,Parker Messick,DraftKings,493,0.1992,0.0713,0.0306,64,B,,,,,0.0,NO,,0.0
2026-05-30,,Christopher Morel,Miami Marlins,Christian Scott,BetMGM,472,0.2049,0.0709,0.0301,68,B,,,,,0.0,NO,,0.0
2026-05-30,,Elly De La Cruz,Cincinnati Reds,Martín Pérez,BetMGM,498,0.1973,0.0707,0.0301,64,B,,,,,0.0,NO,,0.0
2026-05-30,,Caleb Durbin,Boston Red Sox,Parker Messick,BetMGM,625,0.1678,0.0713,0.0298,47,C,,,,,0.0,NO,,0.0
2026-05-30,,Tyler Stephenson,Cincinnati Reds,Martín Pérez,FanDuel,509,0.1939,0.0707,0.0297,62,B,,,,,0.0,NO,,0.0
2026-05-30,,José Ramírez,Cleveland Guardians,Sonny Gray,FanDuel,555,0.1824,0.0709,0.0297,56,B,,,,,0.0,NO,,0.0
2026-05-30,,Jake Burger,Texas Rangers,Seth Lugo,FanDuel,465,0.2066,0.0715,0.0296,68,B,,,,,0.0,NO,,0.0
2026-05-30,,J.T. Realmuto,Philadelphia Phillies,Roki Sasaki,FanDuel,502,0.1957,0.0713,0.0296,62,B,,,,,0.0,NO,,0.0
2026-05-30,,David Hamilton,Milwaukee Brewers,Peter Lambert,BetMGM,551,0.1832,0.0712,0.0296,56,B,,,,,0.0,NO,,0.0
2026-05-30,,P.J. Higgins,Cincinnati Reds,Martín Pérez,DraftKings,535,0.187,0.0707,0.0295,58,B,,,,,0.0,NO,,0.0
2026-05-30,,Henry Davis,Pittsburgh Pirates,Bailey Ober,FanDuel,505,0.1945,0.0709,0.0292,62,B,,,,,0.0,NO,,0.0
2026-05-30,,Colt Emerson,Seattle Mariners,Ryne Nelson,BetMGM,490,0.198,0.0709,0.0285,64,B,,,,,0.0,NO,,0.0
2026-05-30,,Vaughn Grissom,Los Angeles Angels,Drew Rasmussen,DraftKings,549,0.1824,0.0709,0.0283,56,B,,,,,0.0,NO,,0.0
2026-05-30,,Edmundo Sosa,Philadelphia Phillies,Roki Sasaki,DraftKings,544,0.1835,0.0713,0.0282,56,B,,,,,0.0,NO,,0.0
2026-05-30,,Josh Jung,Texas Rangers,Seth Lugo,DraftKings,614,0.1681,0.0715,0.028,47,C,,,,,0.0,NO,,0.0
2026-05-30,,Xavier Edwards,Miami Marlins,Christian Scott,DraftKings,484,0.199,0.0713,0.0278,84,B,,,,,0.0,NO,,0.0
2026-05-30,,Nick Sogard,Boston Red Sox,Parker Messick,DraftKings,662,0.159,0.0713,0.0278,43,C,,,,,0.0,NO,,0.0
2026-05-30,,Brandon Valenzuela,Toronto Blue Jays,Brandon Young,BetMGM,521,0.1886,0.0713,0.0276,58,B,,,,,0.0,NO,,0.0
2026-05-30,,Andrew Vaughn,Milwaukee Brewers,Peter Lambert,FanDuel,494,0.1955,0.0712,0.0271,62,B,,,,,0.0,NO,,0.0
2026-05-30,,Luisangel Acuña,Chicago White Sox,Framber Valdez,DraftKings,616,0.1667,0.0709,0.0271,47,C,,,,,0.0,NO,,0.0
2026-05-30,,Tyler Heineman,Toronto Blue Jays,Brandon Young,FanDuel,493,0.1956,0.0713,0.0269,62,B,,,,,0.0,NO,,0.0
2026-05-30,,Matt McLain,Cincinnati Reds,Martín Pérez,FanDuel,441,0.2112,0.0707,0.0264,71,B,,,,,0.0,NO,,0.0
2026-05-30,,Brandon Valenzuela,Toronto Blue Jays,Brandon Young,DraftKings,516,0.1886,0.0713,0.0263,58,B,,,,,0.0,NO,,0.0
2026-05-30,,Jorbit Vivas,Washington Nationals,Michael King,FanDuel,612,0.1667,0.0709,0.0263,47,C,,,,,0.0,NO,,0.0
2026-05-30,,Tim Tawa,Arizona Diamondbacks,Bryan Woo,BetMGM,611,0.1667,0.0709,0.0261,47,C,,,,,0.0,NO,,0.0
2026-05-30,,Alika Williams,Athletics,Ryan Weathers,BetMGM,437,0.2119,0.0709,0.0257,71,B,,,,,0.0,NO,,0.0
2026-05-30,,Jake Bauers,Milwaukee Brewers,Peter Lambert,BetMGM,455,0.2059,0.0712,0.0257,67,B,,,,,0.0,NO,,0.0
2026-05-30,,Marcus Semien,New York Mets,Tyler Phillips,FanDuel,538,0.1824,0.0709,0.0256,55,B,,,,,0.0,NO,,0.0
2026-05-30,,Spencer Horwitz,Pittsburgh Pirates,Bailey Ober,BetMGM,456,0.2049,0.0709,0.0251,67,B,,,,,0.0,NO,,0.0
2026-05-30,,Alec Burleson,St. Louis Cardinals,Ben Brown,BetMGM,456,0.2049,0.0709,0.0251,67,B,,,,,0.0,NO,,0.0
2026-05-30,,Zack Gelof,Athletics,Ryan Weathers,FanDuel,536,0.1824,0.0709,0.0251,55,B,,,,,0.0,NO,,0.0
2026-05-30,,Endy Rodríguez,Pittsburgh Pirates,Bailey Ober,DraftKings,515,0.1876,0.0709,0.025,58,B,,,,,0.0,NO,,0.0
2026-05-30,,Carlos Narváez,Boston Red Sox,Parker Messick,FanDuel,510,0.1887,0.0713,0.0248,58,B,,,,,0.0,NO,,0.0
2026-05-30,,Jorge Mateo,Atlanta Braves,Brady Singer,FanDuel,603,0.1667,0.0709,0.0245,47,C,,,,,0.0,NO,,0.0
2026-05-30,,Luis Torrens,New York Mets,Tyler Phillips,DraftKings,488,0.1945,0.0709,0.0244,62,B,,,,,0.0,NO,,0.0
2026-05-30,,Jackson Holliday,Baltimore Orioles,Trey Yesavage,FanDuel,421,0.2163,0.0724,0.0243,71,B,,,,,0.0,NO,,0.0
2026-05-30,,Ian Happ,Chicago Cubs,Kyle Leahy,BetMGM,647,0.158,0.0709,0.0242,42,C,,,,,0.0,NO,,0.0
2026-05-30,,Gavin Sheets,San Diego Padres,Foster Griffin,DraftKings,453,0.2049,0.0709,0.0241,67,B,,,,,0.0,NO,,0.0
2026-05-30,,J.T. Realmuto,Philadelphia Phillies,Roki Sasaki,DraftKings,481,0.1957,0.0713,0.0236,62,B,,,,,0.0,NO,,0.0
2026-05-30,,TJ Rumfield,Colorado Rockies,Adrian Houser,BetMGM,432,0.2113,0.0707,0.0233,71,B,,,,,0.0,NO,,0.0
2026-05-30,,Orlando Arcia,Minnesota Twins,Mitch Keller,BetMGM,597,0.1667,0.0709,0.0233,47,C,,,,,0.0,NO,,0.0
2026-05-30,,Gabriel Moreno,Arizona Diamondbacks,Bryan Woo,FanDuel,482,0.1945,0.0709,0.0227,61,B,,,,,0.0,NO,,0.0
2026-05-30,,Aramis Garcia,Arizona Diamondbacks,Bryan Woo,DraftKings,505,0.1876,0.0709,0.0223,58,B,,,,,0.0,NO,,0.0
2026-05-30,,Oliver Dunn,Tampa Bay Rays,Reid Detmers,BetMGM,589,0.1667,0.0709,0.0216,46,C,,,,,0.0,NO,,0.0
2026-05-30,,Sandy León,Atlanta Braves,Brady Singer,BetMGM,477,0.1945,0.0709,0.0212,61,B,,,,,0.0,NO,,0.0
2026-05-30,,Chase Meidroth,Chicago White Sox,Framber Valdez,FanDuel,501,0.1876,0.0709,0.0212,57,B,,,,,0.0,NO,,0.0
2026-05-30,,Eric Wagaman,New York Mets,Tyler Phillips,DraftKings,444,0.2049,0.0709,0.0211,67,B,,,,,0.0,NO,,0.0
2026-05-30,,Jeremy Peña,Houston Astros,Brandon Sproat,FanDuel,520,0.1824,0.0709,0.0211,55,B,,,,,0.0,NO,,0.0
2026-05-30,,Willson Contreras,Boston Red Sox,Parker Messick,BetMGM,420,0.2132,0.0713,0.0209,71,B,,,,,0.0,NO,,0.0
2026-05-30,,Luis Arraez,San Francisco Giants,Ryan Feltner,DraftKings,464,0.198,0.0709,0.0207,63,B,,,,,0.0,NO,,0.0
2026-05-30,,Nick Allen,Houston Astros,Brandon Sproat,DraftKings,585,0.1667,0.0709,0.0207,46,C,,,,,0.0,NO,,0.0
2026-05-30,,Angel Martínez,Cleveland Guardians,Sonny Gray,BetMGM,628,0.158,0.0709,0.0207,42,C,,,,,0.0,NO,,0.0
2026-05-30,,Sam Antonacci,Chicago White Sox,Framber Valdez,BetMGM,582,0.1667,0.0709,0.0201,46,C,,,,,0.0,NO,,0.0
2026-05-30,,Manny Machado,San Diego Padres,Foster Griffin,DraftKings,515,0.1824,0.0709,0.0198,55,B,,,,,0.0,NO,,0.0
2026-05-30,,Daulton Varsho,Toronto Blue Jays,Brandon Young,BetMGM,647,0.1537,0.0713,0.0198,39,D,,,,,0.0,NO,,0.0
2026-05-30,,Ryan Waldschmidt,Arizona Diamondbacks,Bryan Woo,BetMGM,651,0.1528,0.0709,0.0197,39,D,,,,,0.0,NO,,0.0
2026-05-30,,Alex Call,Los Angeles Dodgers,Jesús Luzardo,BetMGM,654,0.1523,0.0706,0.0197,39,D,,,,,0.0,NO,,0.0
2026-05-30,,Willi Castro,Colorado Rockies,Adrian Houser,DraftKings,582,0.1662,0.0707,0.0196,46,C,,,,,0.0,NO,,0.0
2026-05-30,,Colt Keith,Detroit Tigers,Anthony Kay,FanDuel,497,0.1863,0.0724,0.0188,55,B,,,,,0.0,NO,,0.0
2026-05-30,,Kazuma Okamoto,Toronto Blue Jays,Brandon Young,FanDuel,507,0.1834,0.0713,0.0186,54,C,,,,,0.0,NO,,0.0
2026-05-30,,Ezequiel Tovar,Colorado Rockies,Adrian Houser,DraftKings,643,0.1529,0.0709,0.0183,39,D,,,,,0.0,NO,,0.0
2026-05-30,,Gage Workman,Detroit Tigers,Anthony Kay,FanDuel,557,0.1703,0.0724,0.0181,46,C,,,,,0.0,NO,,0.0
2026-05-30,,Vinnie Pasquantino,Kansas City Royals,Kumar Rocker,BetMGM,435,0.2049,0.0709,0.018,66,B,,,,,0.0,NO,,0.0
2026-05-30,,Joey Ortiz,Milwaukee Brewers,Peter Lambert,FanDuel,567,0.1675,0.0712,0.0176,46,C,,,,,0.0,NO,,0.0
2026-05-30,,Daniel Schneemann,Cleveland Guardians,Sonny Gray,BetMGM,639,0.1528,0.0709,0.0175,38,D,,,,,0.0,NO,,0.0
2026-05-30,,Darell Hernaiz,Athletics,Ryan Weathers,DraftKings,569,0.1667,0.0709,0.0172,46,C,,,,,0.0,NO,,0.0
2026-05-30,,Mookie Betts,Los Angeles Dodgers,Jesús Luzardo,DraftKings,598,0.1604,0.0719,0.0171,61,B,,,,,0.0,NO,,0.0
2026-05-30,,Gunnar Henderson,Baltimore Orioles,Trey Yesavage,DraftKings,620,0.156,0.0724,0.0171,39,D,,,,,0.0,NO,,0.0
2026-05-30,,Drew Millas,Washington Nationals,Michael King,FanDuel,486,0.1876,0.0709,0.0169,57,B,,,,,0.0,NO,,0.0
2026-05-30,,Logan O'Hoppe,Los Angeles Angels,Drew Rasmussen,FanDuel,491,0.1859,0.0703,0.0167,67,B,,,,,0.0,NO,,0.0
2026-05-30,,Caleb Durbin,Boston Red Sox,Parker Messick,DraftKings,562,0.1678,0.0713,0.0167,46,C,,,,,0.0,NO,,0.0
2026-05-30,,Munetaka Murakami,Chicago White Sox,Framber Valdez,BetMGM,431,0.2049,0.0709,0.0166,66,B,,,,,0.0,NO,,0.0
2026-05-30,,Josh Naylor,Seattle Mariners,Ryne Nelson,FanDuel,431,0.2049,0.0709,0.0166,66,B,,,,,0.0,NO,,0.0
2026-05-30,,Jorge Barrosa,Arizona Diamondbacks,Bryan Woo,DraftKings,607,0.158,0.0709,0.0166,41,C,,,,,0.0,NO,,0.0
2026-05-30,,Christian Vázquez,Houston Astros,Brandon Sproat,BetMGM,484,0.1876,0.0709,0.0163,57,B,,,,,0.0,NO,,0.0
2026-05-30,,Ezequiel Duran,Texas Rangers,Seth Lugo,DraftKings,405,0.2136,0.0715,0.0156,70,B,,,,,0.0,NO,,0.0
2026-05-30,,Donovan Walton,Los Angeles Angels,Drew Rasmussen,DraftKings,409,0.2119,0.0709,0.0154,70,B,,,,,0.0,NO,,0.0
2026-05-30,,Nick Madrigal,Los Angeles Angels,Drew Rasmussen,BetMGM,560,0.1667,0.0709,0.0152,46,C,,,,,0.0,NO,,0.0
2026-05-30,,Nico Hoerner,Chicago Cubs,Kyle Leahy,FanDuel,408,0.2119,0.0709,0.015,70,B,,,,,0.0,NO,,0.0
2026-05-30,,Luis García Jr.,Washington Nationals,Michael King,DraftKings,445,0.198,0.0709,0.0145,62,B,,,,,0.0,NO,,0.0
2026-05-30,,Ernie Clement,Toronto Blue Jays,Brandon Young,BetMGM,441,0.1991,0.0713,0.0142,62,B,,,,,0.0,NO,,0.0
2026-05-30,,Mike Yastrzemski,Atlanta Braves,Brady Singer,DraftKings,621,0.1528,0.0709,0.0141,38,D,,,,,0.0,NO,,0.0
2026-05-30,,Bryson Stott,Philadelphia Phillies,Roki Sasaki,DraftKings,440,0.1992,0.0713,0.014,62,B,,,,,0.0,NO,,0.0
2026-05-30,,Andrew Benintendi,Chicago White Sox,Framber Valdez,BetMGM,594,0.158,0.0709,0.014,41,C,,,,,0.0,NO,,0.0
2026-05-30,,Isaac Paredes,Houston Astros,Brandon Sproat,BetMGM,405,0.2119,0.0709,0.0139,70,B,,,,,0.0,NO,,0.0
2026-05-30,,Hayden Senger,New York Mets,Tyler Phillips,BetMGM,474,0.1876,0.0709,0.0134,57,B,,,,,0.0,NO,,0.0
2026-05-30,,Luke Keaschall,Minnesota Twins,Mitch Keller,BetMGM,403,0.2119,0.0709,0.0131,70,B,,,,,0.0,NO,,0.0
2026-05-30,,Pete Crow-Armstrong,Chicago Cubs,Kyle Leahy,BetMGM,615,0.1528,0.0709,0.013,38,D,,,,,0.0,NO,,0.0
2026-05-30,,Kyle Karros,Colorado Rockies,Adrian Houser,BetMGM,588,0.1581,0.0709,0.0128,41,C,,,,,0.0,NO,,0.0
2026-05-30,,Alex Bregman,Chicago Cubs,Kyle Leahy,BetMGM,489,0.1824,0.0709,0.0126,54,C,,,,,0.0,NO,,0.0
2026-05-30,,Daylen Lile,Washington Nationals,Michael King,BetMGM,612,0.1528,0.0709,0.0124,38,D,,,,,0.0,NO,,0.0
2026-05-30,,Nick Kurtz,Athletics,Ryan Weathers,DraftKings,419,0.2049,0.0709,0.0123,66,B,,,,,0.0,NO,,0.0
2026-05-30,,Alex Bregman,Chicago Cubs,Kyle Leahy,DraftKings,488,0.1824,0.0709,0.0123,54,C,,,,,0.0,NO,,0.0
2026-05-30,,Braxton Fulford,Colorado Rockies,Adrian Houser,FanDuel,472,0.187,0.0707,0.0122,56,B,,,,,0.0,NO,,0.0
2026-05-30,,Ben Williamson,Tampa Bay Rays,Reid Detmers,BetMGM,399,0.2119,0.0709,0.0115,69,B,,,,,0.0,NO,,0.0
2026-05-30,,José Fermín,St. Louis Cardinals,Ben Brown,DraftKings,544,0.1667,0.0709,0.0114,45,C,,,,,0.0,NO,,0.0
2026-05-30,,Xander Bogaerts,San Diego Padres,Foster Griffin,BetMGM,544,0.1667,0.0709,0.0114,45,C,,,,,0.0,NO,,0.0
2026-05-30,,Brice Turang,Milwaukee Brewers,Peter Lambert,BetMGM,396,0.2129,0.0712,0.0113,69,B,,,,,0.0,NO,,0.0
2026-05-30,,J.P. Crawford,Seattle Mariners,Ryne Nelson,FanDuel,543,0.1667,0.0709,0.0112,45,C,,,,,0.0,NO,,0.0
2026-05-30,,Jose Siri,Los Angeles Angels,Drew Rasmussen,BetMGM,606,0.1528,0.0709,0.0112,38,D,,,,,0.0,NO,,0.0
2026-05-30,,Nolan Gorman,St. Louis Cardinals,Ben Brown,DraftKings,434,0.198,0.0709,0.0107,62,B,,,,,0.0,NO,,0.0
2026-05-30,,Nick Fortes,Tampa Bay Rays,Reid Detmers,BetMGM,444,0.1945,0.0709,0.0107,60,B,,,,,0.0,NO,,0.0
2026-05-30,,Konnor Griffin,Pittsburgh Pirates,Bailey Ober,BetMGM,541,0.1667,0.0709,0.0107,45,C,,,,,0.0,NO,,0.0
2026-05-30,,Alex Call,Los Angeles Dodgers,Jesús Luzardo,FanDuel,605,0.1523,0.0706,0.0104,38,D,,,,,0.0,NO,,0.0
2026-05-30,,Adley Rutschman,Baltimore Orioles,Trey Yesavage,DraftKings,452,0.1914,0.0724,0.0103,56,B,,,,,0.0,NO,,0.0
2026-05-30,,Jorge Barrosa,Arizona Diamondbacks,Bryan Woo,FanDuel,577,0.158,0.0709,0.0103,40,C,,,,,0.0,NO,,0.0
2026-05-30,,Charles McAdoo,Toronto Blue Jays,Brandon Young,FanDuel,393,0.213,0.0713,0.0102,69,B,,,,,0.0,NO,,0.0
2026-05-30,,William Contreras,Milwaukee Brewers,Peter Lambert,BetMGM,461,0.1885,0.0712,0.0102,56,B,,,,,0.0,NO,,0.0
2026-05-30,,Ben Rice,New York Yankees,J.T. Ginn,BetMGM,409,0.2065,0.0714,0.01,66,B,,,,,0.0,NO,,0.0
2026-05-30,,Andrés Chaparro,Washington Nationals,Michael King,BetMGM,413,0.2049,0.0709,0.01,65,B,,,,,0.0,NO,,0.0
2026-05-30,,Freddy Fermin,San Diego Padres,Foster Griffin,DraftKings,463,0.1876,0.0709,0.0099,56,B,,,,,0.0,NO,,0.0
2026-05-30,,Dillon Dingler,Detroit Tigers,Anthony Kay,DraftKings,450,0.1916,0.0724,0.0098,56,B,,,,,0.0,NO,,0.0
2026-05-30,,Kyle Karros,Colorado Rockies,Adrian Houser,DraftKings,575,0.1576,0.0707,0.0094,40,C,,,,,0.0,NO,,0.0
2026-05-30,,Austin Wells,New York Yankees,J.T. Ginn,DraftKings,456,0.189,0.0714,0.0091,56,B,,,,,0.0,NO,,0.0
2026-05-30,,Jeremiah Jackson,Baltimore Orioles,Trey Yesavage,BetMGM,418,0.2021,0.0724,0.009,62,B,,,,,0.0,NO,,0.0
2026-05-30,,Chadwick Tromp,Atlanta Braves,Brady Singer,BetMGM,459,0.1876,0.0709,0.0087,56,B,,,,,0.0,NO,,0.0
2026-05-30,,Will Smith,Los Angeles Dodgers,Jesús Luzardo,BetMGM,440,0.1938,0.0706,0.0086,60,B,,,,,0.0,NO,,0.0
2026-05-30,,Coby Mayo,Baltimore Orioles,Trey Yesavage,DraftKings,518,0.1702,0.0724,0.0084,45,C,,,,,0.0,NO,,0.0
2026-05-30,,Willi Castro,Colorado Rockies,Adrian Houser,FanDuel,531,0.1668,0.0709,0.0084,45,C,,,,,0.0,NO,,0.0
2026-05-30,,Ildemaro Vargas,Arizona Diamondbacks,Bryan Woo,DraftKings,408,0.2049,0.0709,0.0081,65,B,,,,,0.0,NO,,0.0
2026-05-30,,Ian Happ,Chicago Cubs,Kyle Leahy,DraftKings,567,0.158,0.0709,0.0081,40,C,,,,,0.0,NO,,0.0
2026-05-30,,Marcelo Mayer,Boston Red Sox,Parker Messick,BetMGM,470,0.1835,0.0713,0.008,53,C,,,,,0.0,NO,,0.0
2026-05-30,,Trea Turner,Philadelphia Phillies,Roki Sasaki,DraftKings,560,0.159,0.0713,0.0075,40,C,,,,,0.0,NO,,0.0
2026-05-30,,Daniel Susac,San Francisco Giants,Ryan Feltner,FanDuel,455,0.1876,0.0709,0.0074,56,B,,,,,0.0,NO,,0.0
2026-05-30,,Dansby Swanson,Chicago Cubs,Kyle Leahy,DraftKings,527,0.1667,0.0709,0.0072,45,C,,,,,0.0,NO,,0.0
2026-05-30,,Alec Bohm,Philadelphia Phillies,Roki Sasaki,DraftKings,522,0.1678,0.0713,0.007,45,C,,,,,0.0,NO,,0.0
2026-05-30,,Trevor Larnach,Minnesota Twins,Mitch Keller,BetMGM,585,0.1528,0.0709,0.0068,37,D,,,,,0.0,NO,,0.0
2026-05-30,,Brooks Lee,Minnesota Twins,Mitch Keller,DraftKings,469,0.1824,0.0709,0.0066,53,C,,,,,0.0,NO,,0.0
2026-05-30,,Dane Myers,Cincinnati Reds,Martín Pérez,BetMGM,562,0.1575,0.0707,0.0065,40,C,,,,,0.0,NO,,0.0
2026-05-30,,Anthony Volpe,New York Yankees,J.T. Ginn,DraftKings,554,0.1592,0.0714,0.0063,40,C,,,,,0.0,NO,,0.0
2026-05-30,,Carter Jensen,Kansas City Royals,Kumar Rocker,DraftKings,451,0.1876,0.0709,0.0061,56,B,,,,,0.0,NO,,0.0
2026-05-30,,Orlando Arcia,Minnesota Twins,Mitch Keller,FanDuel,520,0.1667,0.0709,0.0054,44,C,,,,,0.0,NO,,0.0
2026-05-30,,Endy Rodríguez,Pittsburgh Pirates,Bailey Ober,BetMGM,446,0.1876,0.0709,0.0044,55,B,,,,,0.0,NO,,0.0
2026-05-30,,Bo Bichette,New York Mets,Tyler Phillips,DraftKings,516,0.1667,0.0709,0.0044,44,C,,,,,0.0,NO,,0.0
2026-05-30,,Alex Freeland,Los Angeles Dodgers,Jesús Luzardo,FanDuel,380,0.2111,0.0706,0.0028,68,B,,,,,0.0,NO,,0.0
2026-05-30,,Luisangel Acuña,Chicago White Sox,Framber Valdez,FanDuel,544,0.158,0.0709,0.0028,39,D,,,,,0.0,NO,,0.0
2026-05-30,,Tyler Soderstrom,Athletics,Ryan Weathers,DraftKings,543,0.158,0.0709,0.0025,39,D,,,,,0.0,NO,,0.0
2026-05-30,,Sebastián Rivero,Los Angeles Angels,Drew Rasmussen,DraftKings,420,0.1945,0.0709,0.0022,59,B,,,,,0.0,NO,,0.0
2026-05-30,,Ben Williamson,Tampa Bay Rays,Reid Detmers,FanDuel,376,0.2119,0.0709,0.0018,68,B,,,,,0.0,NO,,0.0
2026-05-30,,Randal Grichuk,Chicago White Sox,Framber Valdez,BetMGM,419,0.1945,0.0709,0.0018,59,B,,,,,0.0,NO,,0.0
2026-05-30,,Spencer Steer,Cincinnati Reds,Martín Pérez,DraftKings,507,0.1662,0.0707,0.0014,44,C,,,,,0.0,NO,,0.0
2026-05-30,,Jeremy Peña,Houston Astros,Brandon Sproat,BetMGM,452,0.1824,0.0709,0.0012,52,C,,,,,0.0,NO,,0.0
2026-05-30,,Jonathan Aranda,Tampa Bay Rays,Reid Detmers,DraftKings,390,0.2049,0.0709,0.0009,64,B,,,,,0.0,NO,,0.0
2026-05-30,,Sung-Mun Song,San Diego Padres,Foster Griffin,DraftKings,407,0.198,0.0709,0.0007,61,B,,,,,0.0,NO,,0.0
2026-05-30,,Mitch Garver,Seattle Mariners,Ryne Nelson,FanDuel,413,0.1945,0.0709,-0.0004,59,C,,,,,0.0,NO,,0.0
2026-05-30,,Drew Romo,Chicago White Sox,Framber Valdez,DraftKings,432,0.1876,0.0709,-0.0004,55,C,,,,,0.0,NO,,0.0
2026-05-30,,Pedro Pagés,St. Louis Cardinals,Ben Brown,BetMGM,412,0.1945,0.0709,-0.0008,59,C,,,,,0.0,NO,,0.0
2026-05-30,,Zack Short,Detroit Tigers,Anthony Kay,FanDuel,536,0.1561,0.0724,-0.0011,36,D,,,,,0.0,NO,,0.0
2026-05-30,,Oliver Dunn,Tampa Bay Rays,Reid Detmers,DraftKings,495,0.1667,0.0709,-0.0013,44,C,,,,,0.0,NO,,0.0
2026-05-30,,Eric Haase,San Francisco Giants,Ryan Feltner,DraftKings,410,0.1945,0.0709,-0.0016,58,C,,,,,0.0,NO,,0.0
2026-05-30,,Tyler Soderstrom,Athletics,Ryan Weathers,BetMGM,525,0.158,0.0709,-0.002,39,D,,,,,0.0,NO,,0.0
2026-05-30,,Derek Hill,Chicago White Sox,Framber Valdez,FanDuel,441,0.1824,0.0709,-0.0025,52,C,,,,,0.0,NO,,0.0
2026-05-30,,Masyn Winn,St. Louis Cardinals,Ben Brown,FanDuel,440,0.1824,0.0709,-0.0028,52,C,,,,,0.0,NO,,0.0
2026-05-30,,José Fermín,St. Louis Cardinals,Ben Brown,BetMGM,490,0.1667,0.0709,-0.0028,43,C,,,,,0.0,NO,,0.0
2026-05-30,,Liam Hicks,Miami Marlins,Christian Scott,DraftKings,406,0.1945,0.0709,-0.0031,58,C,,,,,0.0,NO,,0.0
2026-05-30,,Yohendrick Piñango,Toronto Blue Jays,Brandon Young,BetMGM,515,0.1589,0.0713,-0.0037,39,D,,,,,0.0,NO,,0.0
2026-05-30,,Jonah Heim,Athletics,Ryan Weathers,DraftKings,422,0.1876,0.0709,-0.004,54,C,,,,,0.0,NO,,0.0
2026-05-30,,Joey Ortiz,Milwaukee Brewers,Peter Lambert,DraftKings,483,0.1675,0.0712,-0.004,43,C,,,,,0.0,NO,,0.0
2026-05-30,,Shea Langeliers,Athletics,Ryan Weathers,FanDuel,403,0.1945,0.0709,-0.0043,58,C,,,,,0.0,NO,,0.0
2026-05-30,,Sam Haggerty,Texas Rangers,Seth Lugo,BetMGM,531,0.1541,0.0715,-0.0044,36,D,,,,,0.0,NO,,0.0
2026-05-30,,Darell Hernaiz,Athletics,Ryan Weathers,BetMGM,484,0.1667,0.0709,-0.0045,43,C,,,,,0.0,NO,,0.0
2026-05-30,,Miguel Rojas,Los Angeles Dodgers,Jesús Luzardo,BetMGM,486,0.1661,0.0706,-0.0045,43,C,,,,,0.0,NO,,0.0
2026-05-30,,Isaac Collins,Kansas City Royals,Kumar Rocker,FanDuel,534,0.1528,0.0709,-0.0049,36,D,,,,,0.0,NO,,0.0
2026-05-30,,Brett Sullivan,Colorado Rockies,Adrian Houser,DraftKings,401,0.1946,0.0709,-0.005,58,C,,,,,0.0,NO,,0.0
2026-05-30,,Sam Haggerty,Texas Rangers,Seth Lugo,DraftKings,528,0.1541,0.0715,-0.0051,36,D,,,,,0.0,NO,,0.0
2026-05-30,,Bobby Witt Jr.,Kansas City Royals,Kumar Rocker,DraftKings,511,0.158,0.0709,-0.0056,38,D,,,,,0.0,NO,,0.0
2026-05-30,,Victor Scott II,St. Louis Cardinals,Ben Brown,DraftKings,531,0.1528,0.0709,-0.0056,36,D,,,,,0.0,NO,,0.0
2026-05-30,,Jackson Chourio,Milwaukee Brewers,Peter Lambert,DraftKings,508,0.1588,0.0712,-0.0057,38,D,,,,,0.0,NO,,0.0
2026-05-30,,Colson Montgomery,Chicago White Sox,Framber Valdez,BetMGM,359,0.2119,0.0709,-0.006,67,C,,,,,0.0,NO,,0.0
2026-05-30,,Jeff McNeil,Athletics,Ryan Weathers,DraftKings,390,0.198,0.0709,-0.0061,60,C,,,,,0.0,NO,,0.0
2026-05-30,,J.C. Escarra,New York Yankees,J.T. Ginn,BetMGM,394,0.196,0.0714,-0.0064,58,C,,,,,0.0,NO,,0.0
2026-05-30,,Brice Matthews,Houston Astros,Brandon Sproat,BetMGM,527,0.1528,0.0709,-0.0067,36,D,,,,,0.0,NO,,0.0
2026-05-30,,Zach Neto,Los Angeles Angels,Drew Rasmussen,FanDuel,502,0.1588,0.0712,-0.0073,42,C,,,,,0.0,NO,,0.0
2026-05-30,,Austin Hedges,Cleveland Guardians,Sonny Gray,BetMGM,413,0.1876,0.0709,-0.0074,54,C,,,,,0.0,NO,,0.0
2026-05-30,,Edmundo Sosa,Philadelphia Phillies,Roki Sasaki,FanDuel,423,0.1835,0.0713,-0.0077,51,C,,,,,0.0,NO,,0.0
2026-05-30,,Mauricio Dubón,Atlanta Braves,Brady Singer,FanDuel,503,0.158,0.0709,-0.0078,38,D,,,,,0.0,NO,,0.0
2026-05-30,,Joe Mack,Miami Marlins,Christian Scott,FanDuel,409,0.1876,0.0709,-0.0089,54,C,,,,,0.0,NO,,0.0
2026-05-30,,JJ Bleday,Cincinnati Reds,Martín Pérez,FanDuel,424,0.1818,0.0707,-0.0091,51,C,,,,,0.0,NO,,0.0
2026-05-30,,Nick Madrigal,Los Angeles Angels,Drew Rasmussen,FanDuel,468,0.1667,0.0709,-0.0093,43,C,,,,,0.0,NO,,0.0
2026-05-30,,Vaughn Grissom,Los Angeles Angels,Drew Rasmussen,BetMGM,421,0.1824,0.0709,-0.0096,51,C,,,,,0.0,NO,,0.0
2026-05-30,,Masyn Winn,St. Louis Cardinals,Ben Brown,DraftKings,421,0.1824,0.0709,-0.0096,51,C,,,,,0.0,NO,,0.0
2026-05-30,,Nick Allen,Houston Astros,Brandon Sproat,BetMGM,467,0.1667,0.0709,-0.0096,43,C,,,,,0.0,NO,,0.0
2026-05-30,,Luke Keaschall,Minnesota Twins,Mitch Keller,DraftKings,351,0.2119,0.0709,-0.0098,67,C,,,,,0.0,NO,,0.0
2026-05-30,,Hunter Goodman,Colorado Rockies,Adrian Houser,BetMGM,362,0.2051,0.0709,-0.0114,63,C,,,,,0.0,NO,,0.0
2026-05-30,,Tyler Tolbert,Kansas City Royals,Kumar Rocker,DraftKings,416,0.1824,0.0709,-0.0114,51,C,,,,,0.0,NO,,0.0
2026-05-30,,Willy Adames,San Francisco Giants,Ryan Feltner,FanDuel,461,0.1667,0.0709,-0.0115,42,C,,,,,0.0,NO,,0.0
2026-05-30,,Isaac Collins,Kansas City Royals,Kumar Rocker,DraftKings,507,0.1528,0.0709,-0.0119,35,D,,,,,0.0,NO,,0.0
2026-05-30,,Connor Wong,Boston Red Sox,Parker Messick,FanDuel,381,0.1957,0.0713,-0.0122,57,C,,,,,0.0,NO,,0.0
2026-05-30,,Aramis Garcia,Arizona Diamondbacks,Bryan Woo,FanDuel,400,0.1876,0.0709,-0.0124,53,C,,,,,0.0,NO,,0.0
2026-05-30,,Danny Jansen,Texas Rangers,Seth Lugo,DraftKings,396,0.1891,0.0715,-0.0125,54,C,,,,,0.0,NO,,0.0
2026-05-30,,Nick Gonzales,Pittsburgh Pirates,Bailey Ober,BetMGM,413,0.1824,0.0709,-0.0126,51,C,,,,,0.0,NO,,0.0
2026-05-30,,Jahmai Jones,Detroit Tigers,Anthony Kay,FanDuel,403,0.1861,0.0723,-0.0127,51,C,,,,,0.0,NO,,0.0
2026-05-30,,Bryan Reynolds,Pittsburgh Pirates,Bailey Ober,DraftKings,485,0.158,0.0709,-0.0129,38,D,,,,,0.0,NO,,0.0
2026-05-30,,Zack Short,Detroit Tigers,Anthony Kay,DraftKings,492,0.156,0.0723,-0.0129,35,D,,,,,0.0,NO,,0.0
2026-05-30,,Hunter Feduccia,Tampa Bay Rays,Reid Detmers,BetMGM,398,0.1876,0.0709,-0.0132,53,C,,,,,0.0,NO,,0.0
2026-05-30,,Thomas Saggese,St. Louis Cardinals,Ben Brown,BetMGM,484,0.158,0.0709,-0.0132,38,D,,,,,0.0,NO,,0.0
2026-05-30,,Keibert Ruiz,Washington Nationals,Michael King,BetMGM,381,0.1945,0.0709,-0.0134,57,C,,,,,0.0,NO,,0.0
2026-05-30,,Angel Martínez,Cleveland Guardians,Sonny Gray,FanDuel,483,0.158,0.0709,-0.0135,37,D,,,,,0.0,NO,,0.0
2026-05-30,,Xavier Edwards,Miami Marlins,Christian Scott,BetMGM,370,0.199,0.0713,-0.0138,79,C,,,,,0.0,NO,,0.0
2026-05-30,,Salvador Perez,Kansas City Royals,Kumar Rocker,FanDuel,380,0.1945,0.0709,-0.0138,57,C,,,,,0.0,NO,,0.0
2026-05-30,,Braden Shewmake,Houston Astros,Brandon Sproat,FanDuel,371,0.198,0.0709,-0.0143,59,C,,,,,0.0,NO,,0.0
2026-05-30,,Henry Bolte,Athletics,Ryan Weathers,DraftKings,497,0.1528,0.0709,-0.0147,35,D,,,,,0.0,NO,,0.0
2026-05-30,,Jake Bauers,Milwaukee Brewers,Peter Lambert,FanDuel,353,0.2059,0.0712,-0.0148,63,C,,,,,0.0,NO,,0.0
2026-05-30,,Zach Neto,Los Angeles Angels,Drew Rasmussen,BetMGM,476,0.1588,0.0712,-0.0148,42,C,,,,,0.0,NO,,0.0
2026-05-30,,Oswald Peraza,Los Angeles Angels,Drew Rasmussen,BetMGM,369,0.198,0.0709,-0.0152,59,C,,,,,0.0,NO,,0.0
2026-05-30,,Bryce Harper,Philadelphia Phillies,Roki Sasaki,FanDuel,333,0.2153,0.072,-0.0157,94,C,,,,,0.0,NO,,0.0
2026-05-30,,Julio Rodríguez,Seattle Mariners,Ryne Nelson,FanDuel,492,0.1528,0.0709,-0.0161,34,D,,,,,0.0,NO,,0.0
2026-05-30,,Blaze Alexander,Baltimore Orioles,Trey Yesavage,FanDuel,394,0.1861,0.0724,-0.0163,50,C,,,,,0.0,NO,,0.0
2026-05-30,,Edouard Julien,Colorado Rockies,Adrian Houser,DraftKings,403,0.1818,0.0707,-0.017,50,C,,,,,0.0,NO,,0.0
2026-05-30,,Justin Foscue,Texas Rangers,Seth Lugo,FanDuel,361,0.1996,0.0715,-0.0173,59,C,,,,,0.0,NO,,0.0
2026-05-30,,Mitch Garver,Seattle Mariners,Ryne Nelson,BetMGM,372,0.1945,0.0709,-0.0174,57,C,,,,,0.0,NO,,0.0
2026-05-30,,Anthony Volpe,New York Yankees,J.T. Ginn,BetMGM,465,0.1592,0.0714,-0.0177,37,D,,,,,0.0,NO,,0.0
2026-05-30,,Andruw Monasterio,Boston Red Sox,Parker Messick,BetMGM,482,0.1538,0.0713,-0.018,34,D,,,,,0.0,NO,,0.0
2026-05-30,,Alex Jackson,Minnesota Twins,Mitch Keller,BetMGM,386,0.1876,0.0709,-0.0182,53,C,,,,,0.0,NO,,0.0
2026-05-30,,Miguel Amaya,Chicago Cubs,Kyle Leahy,DraftKings,370,0.1945,0.0709,-0.0183,56,C,,,,,0.0,NO,,0.0
2026-05-30,,Gabriel Moreno,Arizona Diamondbacks,Bryan Woo,DraftKings,370,0.1945,0.0709,-0.0183,56,C,,,,,0.0,NO,,0.0
2026-05-30,,Ramón Laureano,San Diego Padres,Foster Griffin,DraftKings,467,0.158,0.0709,-0.0183,37,D,,,,,0.0,NO,,0.0
2026-05-30,,Nick Sogard,Boston Red Sox,Parker Messick,FanDuel,463,0.159,0.0713,-0.0186,37,D,,,,,0.0,NO,,0.0
2026-05-30,,Mookie Betts,Los Angeles Dodgers,Jesús Luzardo,BetMGM,458,0.1604,0.0719,-0.0188,57,C,,,,,0.0,NO,,0.0
2026-05-30,,Rodolfo Durán,San Diego Padres,Foster Griffin,DraftKings,367,0.1945,0.0709,-0.0196,56,C,,,,,0.0,NO,,0.0
2026-05-30,,Blake Perkins,Milwaukee Brewers,Peter Lambert,FanDuel,477,0.1536,0.0712,-0.0197,34,D,,,,,0.0,NO,,0.0
2026-05-30,,Weston Wilson,Baltimore Orioles,Trey Yesavage,DraftKings,451,0.1613,0.0724,-0.0202,37,D,,,,,0.0,NO,,0.0
2026-05-30,,Dansby Swanson,Chicago Cubs,Kyle Leahy,FanDuel,433,0.1667,0.0709,-0.0209,41,C,,,,,0.0,NO,,0.0
2026-05-30,,Otto Lopez,Miami Marlins,Christian Scott,BetMGM,516,0.1411,0.0705,-0.0213,23,D,,,,,0.0,NO,,0.0
2026-05-30,,Bryan Reynolds,Pittsburgh Pirates,Bailey Ober,FanDuel,456,0.158,0.0709,-0.0218,36,D,,,,,0.0,NO,,0.0
2026-05-30,,Andruw Monasterio,Boston Red Sox,Parker Messick,FanDuel,468,0.1538,0.0713,-0.0223,34,D,,,,,0.0,NO,,0.0
2026-05-30,,Vidal Bruján,New York Mets,Tyler Phillips,BetMGM,465,0.1528,0.0709,-0.0242,33,D,,,,,0.0,NO,,0.0
2026-05-30,,Taylor Walls,Tampa Bay Rays,Reid Detmers,DraftKings,444,0.158,0.0709,-0.0258,36,D,,,,,0.0,NO,,0.0
2026-05-30,,Wenceel Pérez,Detroit Tigers,Anthony Kay,DraftKings,407,0.1702,0.0723,-0.0271,41,C,,,,,0.0,NO,,0.0
2026-05-30,,Junior Caminero,Tampa Bay Rays,Reid Detmers,DraftKings,377,0.1824,0.0709,-0.0273,49,C,,,,,0.0,NO,,0.0
2026-05-30,,CJ Abrams,Washington Nationals,Michael King,DraftKings,439,0.158,0.0709,-0.0275,36,D,,,,,0.0,NO,,0.0
2026-05-30,,Matt Olson,Atlanta Braves,Brady Singer,BetMGM,329,0.2049,0.0709,-0.0282,61,C,,,,,0.0,NO,,0.0
2026-05-30,,Carlos Narváez,Boston Red Sox,Parker Messick,BetMGM,361,0.1887,0.0713,-0.0282,52,C,,,,,0.0,NO,,0.0
2026-05-30,,Nasim Nuñez,Washington Nationals,Michael King,DraftKings,374,0.1824,0.0709,-0.0286,49,C,,,,,0.0,NO,,0.0
2026-05-30,,Brandon Marsh,Philadelphia Phillies,Roki Sasaki,FanDuel,448,0.1538,0.0713,-0.0287,33,D,,,,,0.0,NO,,0.0
2026-05-30,,Tyler Tolbert,Kansas City Royals,Kumar Rocker,BetMGM,373,0.1824,0.0709,-0.0291,49,C,,,,,0.0,NO,,0.0
2026-05-30,,Jackson Merrill,San Diego Padres,Foster Griffin,BetMGM,449,0.1528,0.0709,-0.0293,33,D,,,,,0.0,NO,,0.0
2026-05-30,,Dane Myers,Cincinnati Reds,Martín Pérez,FanDuel,435,0.1575,0.0707,-0.0294,36,D,,,,,0.0,NO,,0.0
2026-05-30,,Hao-Yu  Lee,Detroit Tigers,Anthony Kay,BetMGM,424,0.1613,0.0723,-0.0295,36,D,,,,,0.0,NO,,0.0
2026-05-30,,Yohendrick Piñango,Toronto Blue Jays,Brandon Young,FanDuel,429,0.1589,0.0713,-0.0301,36,D,,,,,0.0,NO,,0.0
2026-05-30,,Chandler Simpson,Tampa Bay Rays,Reid Detmers,DraftKings,444,0.1528,0.0709,-0.031,33,D,,,,,0.0,NO,,0.0
2026-05-30,,Pete Alonso,Baltimore Orioles,Trey Yesavage,BetMGM,316,0.2092,0.0724,-0.0312,61,C,,,,,0.0,NO,,0.0
2026-05-30,,Brett Baty,New York Mets,Tyler Phillips,DraftKings,428,0.158,0.0709,-0.0314,35,D,,,,,0.0,NO,,0.0
2026-05-30,,Daylen Lile,Washington Nationals,Michael King,DraftKings,442,0.1528,0.0709,-0.0317,33,D,,,,,0.0,NO,,0.0
2026-05-30,,TJ Friedl,Cincinnati Reds,Martín Pérez,BetMGM,441,0.1523,0.0707,-0.0325,32,D,,,,,0.0,NO,,0.0
2026-05-30,,Patrick Wisdom,Seattle Mariners,Ryne Nelson,BetMGM,362,0.1824,0.0709,-0.0341,48,C,,,,,0.0,NO,,0.0
2026-05-30,,Weston Wilson,Baltimore Orioles,Trey Yesavage,FanDuel,407,0.1613,0.0724,-0.0359,35,D,,,,,0.0,NO,,0.0
2026-05-30,,Randy Arozarena,Seattle Mariners,Ryne Nelson,BetMGM,415,0.158,0.0709,-0.0361,35,D,,,,,0.0,NO,,0.0
2026-05-30,,Maikel Garcia,Kansas City Royals,Kumar Rocker,BetMGM,392,0.1667,0.0709,-0.0365,39,D,,,,,0.0,NO,,0.0
2026-05-30,,Andrés Giménez,Toronto Blue Jays,Brandon Young,BetMGM,387,0.1676,0.0713,-0.0377,39,D,,,,,0.0,NO,,0.0
2026-05-30,,Victor Scott II,St. Louis Cardinals,Ben Brown,BetMGM,424,0.1528,0.0709,-0.038,32,D,,,,,0.0,NO,,0.0
2026-05-30,,Ryan Waldschmidt,Arizona Diamondbacks,Bryan Woo,DraftKings,424,0.1528,0.0709,-0.038,32,D,,,,,0.0,NO,,0.0
2026-05-30,,Zach Dezenzo,Houston Astros,Brandon Sproat,FanDuel,409,0.158,0.0709,-0.0384,34,D,,,,,0.0,NO,,0.0
2026-05-30,,Blake Perkins,Milwaukee Brewers,Peter Lambert,DraftKings,421,0.1536,0.0712,-0.0384,32,D,,,,,0.0,NO,,0.0
2026-05-30,,Drew Gilbert,San Francisco Giants,Ryan Feltner,DraftKings,408,0.158,0.0709,-0.0388,34,D,,,,,0.0,NO,,0.0
2026-05-30,,Harrison Bader,San Francisco Giants,Ryan Feltner,BetMGM,419,0.1528,0.0709,-0.0398,32,D,,,,,0.0,NO,,0.0
2026-05-30,,Austin Martin,Minnesota Twins,Mitch Keller,BetMGM,403,0.158,0.0709,-0.0408,34,D,,,,,0.0,NO,,0.0
2026-05-30,,Brandon Marsh,Philadelphia Phillies,Roki Sasaki,BetMGM,413,0.1538,0.0713,-0.0412,31,D,,,,,0.0,NO,,0.0
2026-05-30,,Tim Tawa,Arizona Diamondbacks,Bryan Woo,DraftKings,378,0.1667,0.0709,-0.0425,39,D,,,,,0.0,NO,,0.0
2026-05-30,,Jose Siri,Los Angeles Angels,Drew Rasmussen,FanDuel,409,0.1528,0.0709,-0.0436,31,D,,,,,0.0,NO,,0.0
2026-05-30,,José Caballero,New York Yankees,J.T. Ginn,BetMGM,406,0.154,0.0714,-0.0436,31,D,,,,,0.0,NO,,0.0
2026-05-30,,Ramón Laureano,San Diego Padres,Foster Griffin,BetMGM,395,0.158,0.0709,-0.044,34,D,,,,,0.0,NO,,0.0
2026-05-30,,Andrés Giménez,Toronto Blue Jays,Brandon Young,FanDuel,366,0.1676,0.0713,-0.047,38,D,,,,,0.0,NO,,0.0
2026-05-30,,Jake Mangum,Pittsburgh Pirates,Bailey Ober,FanDuel,397,0.1528,0.0709,-0.0484,31,D,,,,,0.0,NO,,0.0
2026-05-30,,Gunnar Henderson,Baltimore Orioles,Trey Yesavage,BetMGM,388,0.156,0.0724,-0.0489,31,D,,,,,0.0,NO,,0.0
2026-05-30,,Alejandro Osuna,Texas Rangers,Seth Lugo,DraftKings,378,0.1593,0.0715,-0.0499,33,D,,,,,0.0,NO,,0.0
2026-05-30,,Zach Dezenzo,Houston Astros,Brandon Sproat,DraftKings,379,0.158,0.0709,-0.0507,33,D,,,,,0.0,NO,,0.0
2026-05-30,,Brayan Rocchio,Cleveland Guardians,Sonny Gray,BetMGM,356,0.1667,0.0709,-0.0526,37,D,,,,,0.0,NO,,0.0
2026-05-30,,José Caballero,New York Yankees,J.T. Ginn,DraftKings,382,0.154,0.0714,-0.0535,30,D,,,,,0.0,NO,,0.0
2026-05-30,,Henry Bolte,Athletics,Ryan Weathers,FanDuel,384,0.1528,0.0709,-0.0538,30,D,,,,,0.0,NO,,0.0
2026-05-30,,Tristan Peters,Chicago White Sox,Framber Valdez,DraftKings,380,0.1528,0.0709,-0.0555,30,D,,,,,0.0,NO,,0.0
2026-05-30,,Vidal Bruján,New York Mets,Tyler Phillips,DraftKings,373,0.1528,0.0709,-0.0586,29,D,,,,,0.0,NO,,0.0
2026-05-30,,Sam Antonacci,Chicago White Sox,Framber Valdez,FanDuel,370,0.1528,0.0709,-0.0599,29,D,,,,,0.0,NO,,0.0
2026-05-30,,TJ Friedl,Cincinnati Reds,Martín Pérez,DraftKings,371,0.1523,0.0707,-0.06,29,D,,,,,0.0,NO,,0.0
2026-05-30,,Heriberto Hernández,Miami Marlins,Christian Scott,BetMGM,365,0.1528,0.0709,-0.0622,29,D,,,,,0.0,NO,,0.0
2026-05-30,,Mike Yastrzemski,Atlanta Braves,Brady Singer,FanDuel,361,0.1528,0.0709,-0.0641,29,D,,,,,0.0,NO,,0.0
2026-05-29,,Gabriel Moreno,Arizona Diamondbacks,George Kirby,DraftKings,617,0.2123,0.071,0.0728,77,B,,,,,1.0,YES 🔥,NO HR,-1.0
2026-05-29,,Rhys Hoskins,Cleveland Guardians,Tyler Samaniego,BetMGM,616,0.2123,0.071,0.0726,77,B,,,,,1.0,YES 🔥,NO HR,-1.0
2026-05-29,,Nick Sogard,Boston Red Sox,Slade Cecconi,DraftKings,596,0.213,0.0713,0.0693,76,B,,,,,1.0,YES 🔥,NO HR,-1.0
2026-05-29,,Freddie Freeman,Los Angeles Dodgers,Zack Wheeler,DraftKings,627,0.206,0.0712,0.0684,73,B,,,,,0.5,YES 🔥,NO HR,-0.5
2026-05-29,,Christian Walker,Houston Astros,Coleman Crow,FanDuel,594,0.2123,0.071,0.0682,76,B,,,,,1.0,YES 🔥,NO HR,-1.0
2026-05-29,,Rafael Devers,San Francisco Giants,Michael Lorenzen,FanDuel,592,0.2123,0.071,0.0678,76,B,,,,,1.0,YES 🔥,NO HR,-1.0
2026-05-29,,Junior Caminero,Tampa Bay Rays,Walbert Ureña,FanDuel,623,0.2053,0.071,0.067,72,B,,,,,0.5,YES 🔥,NO HR,-0.5
2026-05-29,,James Outman,Minnesota Twins,Jared Jones,BetMGM,586,0.2123,0.071,0.0665,76,B,,,,,1.0,YES 🔥,NO HR,-1.0
2026-05-29,,Bryson Stott,Philadelphia Phillies,Justin Wrobleski,BetMGM,650,0.199,0.0713,0.0657,68,B,,,,,0.5,YES 🔥,NO HR,-0.5
2026-05-29,,Curtis Mead,Washington Nationals,Lucas Giolito,DraftKings,616,0.2053,0.071,0.0656,72,B,,,,,0.5,YES 🔥,NO HR,-0.5
2026-05-29,,Jackson Chourio,Milwaukee Brewers,Kai-Wei Teng,DraftKings,655,0.1958,0.0714,0.0634,66,B,,,,,0.5,YES 🔥,NO HR,-0.5
2026-05-29,,Tyler Soderstrom,Athletics,Carlos Rodón,BetMGM,629,0.1983,0.071,0.0612,68,B,,,,,0.5,YES 🔥,NO HR,-0.5
2026-05-29,,Hunter Goodman,Colorado Rockies,Logan Webb,BetMGM,563,0.2116,0.0708,0.0608,75,B,,,,,1.0,YES 🔥,NO HR,-1.0
2026-05-29,,MJ Melendez,New York Mets,Max Meyer,BetMGM,547,0.2123,0.071,0.0577,75,B,,,,,1.0,YES 🔥,NO HR,-1.0
2026-05-29,,Luke Raley,Seattle Mariners,Zac Gallen,DraftKings,608,0.1983,0.071,0.0571,67,B,,,,,0.5,YES 🔥,NO HR,-0.5
2026-05-29,,Ernie Clement,Toronto Blue Jays,Trevor Rogers,DraftKings,617,0.1965,0.0716,0.0571,66,B,,,,,0.5,YES 🔥,NO HR,-0.5
2026-05-29,,Manny Machado,San Diego Padres,Paxton Schultz,FanDuel,542,0.2123,0.071,0.0565,75,B,,,,,1.0,YES 🔥,NO HR,-1.0
2026-05-29,,Samuel Basallo,Baltimore Orioles,Adam Macko,FanDuel,593,0.1992,0.0713,0.0549,67,B,,,,,0.5,YES 🔥,NO HR,-0.5
2026-05-29,,Jazz Chisholm Jr.,New York Yankees,Luis Severino,FanDuel,587,0.1999,0.0716,0.0543,67,B,,,,,0.5,YES 🔥,NO HR,-0.5
2026-05-29,,Mike Trout,Los Angeles Angels,Nick Martinez,DraftKings,588,0.1992,0.0726,0.0539,86,A,,,,,0.5,YES 🔥,NO HR,-0.5
2026-05-29,,Jake Burger,Texas Rangers,Stephen Kolek,FanDuel,530,0.2118,0.0709,0.0531,74,B,,,,,1.0,YES 🔥,NO HR,-1.0
2026-05-29,,Jordan Walker,St. Louis Cardinals,Shota Imanaga,DraftKings,555,0.2053,0.071,0.0526,71,B,,,,,0.5,YES 🔥,NO HR,-0.5
2026-05-29,,Dominic Smith,Atlanta Braves,Chris Paddack,DraftKings,584,0.1983,0.071,0.0521,67,B,,,,,0.5,YES 🔥,NO HR,-0.5
2026-05-29,,Maikel Garcia,Kansas City Royals,MacKenzie Gore,BetMGM,544,0.2053,0.071,0.05,70,B,,,,,0.5,YES 🔥,NO HR,-0.5
2026-05-29,,Oneil Cruz,Pittsburgh Pirates,Taj Bradley,BetMGM,567,0.1983,0.071,0.0484,66,B,,,,,0.5,YES 🔥,NO HR,-0.5
2026-05-29,,Eugenio Suárez,Cincinnati Reds,Grant Holmes,DraftKings,554,0.1976,0.0708,0.0447,66,B,,,,,0.5,YES 🔥,NO HR,-0.5
2026-05-29,,Ian Happ,Chicago Cubs,Andre Pallante,DraftKings,538,0.1983,0.071,0.0416,66,B,,,,,0.5,YES 🔥,NO HR,-0.5
2026-05-29,,Hao-Yu  Lee,Detroit Tigers,Erick Fedde,FanDuel,503,0.2066,0.0715,0.0408,69,B,,,,,0.5,YES 🔥,NO HR,-0.5
2026-05-29,,Rafael Devers,San Francisco Giants,Michael Lorenzen,BetMGM,658,0.2123,0.071,0.0803,78,B,,,,,0.0,NO,,0.0
2026-05-29,,JJ Wetherholt,St. Louis Cardinals,Shota Imanaga,FanDuel,638,0.2123,0.071,0.0768,77,B,,,,,0.0,NO,,0.0
2026-05-29,,Willson Contreras,Boston Red Sox,Slade Cecconi,DraftKings,639,0.2113,0.0707,0.076,77,B,,,,,0.0,NO,,0.0
2026-05-29,,Jared Young,New York Mets,Max Meyer,DraftKings,629,0.2123,0.071,0.0751,77,B,,,,,0.0,NO,,0.0
2026-05-29,,Michael Busch,Chicago Cubs,Andre Pallante,BetMGM,649,0.2053,0.071,0.0718,73,B,,,,,0.0,NO,,0.0
2026-05-29,,Manny Machado,San Diego Padres,Paxton Schultz,DraftKings,595,0.2123,0.071,0.0684,76,B,,,,,0.0,NO,,0.0
2026-05-29,,Christian Walker,Houston Astros,Coleman Crow,BetMGM,592,0.2123,0.071,0.0678,76,B,,,,,0.0,NO,,0.0
2026-05-29,,Ozzie Albies,Atlanta Braves,Chris Paddack,BetMGM,588,0.2123,0.071,0.0669,76,B,,,,,0.0,NO,,0.0
2026-05-29,,Kody Clemens,Minnesota Twins,Jared Jones,FanDuel,622,0.2053,0.071,0.0668,72,B,,,,,0.0,NO,,0.0
2026-05-29,,Chase DeLauter,Cleveland Guardians,Tyler Samaniego,DraftKings,621,0.2053,0.071,0.0666,72,B,,,,,0.0,NO,,0.0
2026-05-29,,CJ Abrams,Washington Nationals,Lucas Giolito,FanDuel,580,0.2123,0.071,0.0652,76,B,,,,,0.0,NO,,0.0
2026-05-29,,Chase DeLauter,Cleveland Guardians,Tyler Samaniego,BetMGM,609,0.2053,0.071,0.0643,72,B,,,,,0.0,NO,,0.0
2026-05-29,,César Prieto,St. Louis Cardinals,Shota Imanaga,BetMGM,646,0.1983,0.071,0.0643,68,B,,,,,0.0,NO,,0.0
2026-05-29,,Xander Bogaerts,San Diego Padres,Paxton Schultz,DraftKings,608,0.2053,0.071,0.0641,72,B,,,,,0.0,NO,,0.0
2026-05-29,,Curtis Mead,Washington Nationals,Lucas Giolito,BetMGM,608,0.2053,0.071,0.0641,72,B,,,,,0.0,NO,,0.0
2026-05-29,,Jake Rogers,Detroit Tigers,Erick Fedde,DraftKings,657,0.1961,0.0715,0.064,66,B,,,,,0.0,NO,,0.0
2026-05-29,,Liam Hicks,Miami Marlins,Freddy Peralta,BetMGM,664,0.1949,0.071,0.064,66,B,,,,,0.0,NO,,0.0
2026-05-29,,Spencer Torkelson,Detroit Tigers,Erick Fedde,BetMGM,619,0.2027,0.0726,0.0636,68,B,,,,,0.0,NO,,0.0
2026-05-29,,Taylor Walls,Tampa Bay Rays,Walbert Ureña,BetMGM,605,0.2053,0.071,0.0635,72,B,,,,,0.0,NO,,0.0
2026-05-29,,Maikel Garcia,Kansas City Royals,MacKenzie Gore,DraftKings,601,0.2053,0.071,0.0627,72,B,,,,,0.0,NO,,0.0
2026-05-29,,J.T. Realmuto,Philadelphia Phillies,Justin Wrobleski,DraftKings,648,0.1955,0.0713,0.0619,66,B,,,,,0.0,NO,,0.0
2026-05-29,,Austin Riley,Atlanta Braves,Chris Paddack,BetMGM,631,0.1983,0.071,0.0615,68,B,,,,,0.0,NO,,0.0
2026-05-29,,Andrés Chaparro,Washington Nationals,Lucas Giolito,BetMGM,595,0.2053,0.071,0.0614,72,B,,,,,0.0,NO,,0.0
2026-05-29,,Tristan Gray,Minnesota Twins,Jared Jones,DraftKings,629,0.1983,0.071,0.0612,68,B,,,,,0.0,NO,,0.0
2026-05-29,,Chandler Simpson,Tampa Bay Rays,Walbert Ureña,DraftKings,628,0.1983,0.071,0.061,68,B,,,,,0.0,NO,,0.0
2026-05-29,,Wilyer Abreu,Boston Red Sox,Slade Cecconi,DraftKings,588,0.206,0.0713,0.0607,72,B,,,,,0.0,NO,,0.0
2026-05-29,,Luis Rengifo,Milwaukee Brewers,Kai-Wei Teng,DraftKings,606,0.2015,0.0721,0.0598,64,C,,,,,0.0,NO,,0.0
2026-05-29,,Bobby Witt Jr.,Kansas City Royals,MacKenzie Gore,BetMGM,640,0.1949,0.071,0.0597,66,B,,,,,0.0,NO,,0.0
2026-05-29,,Bo Bichette,New York Mets,Max Meyer,BetMGM,639,0.1949,0.071,0.0595,66,B,,,,,0.0,NO,,0.0
2026-05-29,,Willson Contreras,Boston Red Sox,Slade Cecconi,BetMGM,551,0.213,0.0713,0.0594,75,B,,,,,0.0,NO,,0.0
2026-05-29,,Casey Schmitt,San Francisco Giants,Michael Lorenzen,DraftKings,585,0.2053,0.071,0.0593,71,B,,,,,0.0,NO,,0.0
2026-05-29,,Bryson Stott,Philadelphia Phillies,Justin Wrobleski,DraftKings,612,0.1996,0.0715,0.0592,68,B,,,,,0.0,NO,,0.0
2026-05-29,,Andy Pages,Los Angeles Dodgers,Zack Wheeler,FanDuel,630,0.1955,0.0712,0.0585,66,B,,,,,0.0,NO,,0.0
2026-05-29,,Colson Montgomery,Chicago White Sox,Troy Melton,BetMGM,549,0.2123,0.071,0.0582,75,B,,,,,0.0,NO,,0.0
2026-05-29,,Ryan Vilade,Tampa Bay Rays,Walbert Ureña,DraftKings,548,0.2123,0.071,0.0579,75,B,,,,,0.0,NO,,0.0
2026-05-29,,Junior Caminero,Tampa Bay Rays,Walbert Ureña,BetMGM,612,0.1983,0.071,0.0579,67,B,,,,,0.0,NO,,0.0
2026-05-29,,Wilyer Abreu,Boston Red Sox,Slade Cecconi,BetMGM,581,0.2044,0.0707,0.0576,71,B,,,,,0.0,NO,,0.0
2026-05-29,,Cole Young,Seattle Mariners,Zac Gallen,DraftKings,546,0.2123,0.071,0.0575,75,B,,,,,0.0,NO,,0.0
2026-05-29,,Kody Clemens,Minnesota Twins,Jared Jones,DraftKings,574,0.2053,0.071,0.0569,71,B,,,,,0.0,NO,,0.0
2026-05-29,,Jake Bauers,Milwaukee Brewers,Kai-Wei Teng,BetMGM,597,0.1993,0.0714,0.0558,67,B,,,,,0.0,NO,,0.0
2026-05-29,,Brandon Valenzuela,Toronto Blue Jays,Trevor Rogers,BetMGM,648,0.1895,0.0716,0.0558,62,B,,,,,0.0,NO,,0.0
2026-05-29,,Troy Johnston,Colorado Rockies,Logan Webb,FanDuel,602,0.1978,0.0708,0.0553,67,B,,,,,0.0,NO,,0.0
2026-05-29,,Ezequiel Duran,Texas Rangers,Stephen Kolek,DraftKings,532,0.2135,0.0714,0.0552,75,B,,,,,0.0,NO,,0.0
2026-05-29,,Josh Jung,Texas Rangers,Stephen Kolek,FanDuel,617,0.1944,0.0709,0.055,65,B,,,,,0.0,NO,,0.0
2026-05-29,,Chad Stevens,Colorado Rockies,Logan Webb,BetMGM,600,0.1978,0.0708,0.0549,67,B,,,,,0.0,NO,,0.0
2026-05-29,,Eric Wagaman,New York Mets,Max Meyer,FanDuel,562,0.2053,0.071,0.0542,71,B,,,,,0.0,NO,,0.0
2026-05-29,,Pete Crow-Armstrong,Chicago Cubs,Andre Pallante,BetMGM,647,0.1879,0.071,0.054,61,B,,,,,0.0,NO,,0.0
2026-05-29,,Colby Thomas,Athletics,Carlos Rodón,DraftKings,645,0.1879,0.071,0.0537,61,B,,,,,0.0,NO,,0.0
2026-05-29,,Jonah Heim,Athletics,Carlos Rodón,BetMGM,641,0.1879,0.071,0.053,61,B,,,,,0.0,NO,,0.0
2026-05-29,,Hunter Goodman,Colorado Rockies,Logan Webb,FanDuel,557,0.2047,0.0708,0.0525,71,B,,,,,0.0,NO,,0.0
2026-05-29,,Spencer Torkelson,Detroit Tigers,Erick Fedde,DraftKings,577,0.1996,0.0715,0.0519,67,B,,,,,0.0,NO,,0.0
2026-05-29,,Charles McAdoo,Toronto Blue Jays,Trevor Rogers,DraftKings,655,0.1843,0.0716,0.0518,58,B,,,,,0.0,NO,,0.0
2026-05-29,,Luis Arraez,San Francisco Giants,Michael Lorenzen,FanDuel,582,0.1983,0.071,0.0517,67,B,,,,,0.0,NO,,0.0
2026-05-29,,Ryan Vilade,Tampa Bay Rays,Walbert Ureña,BetMGM,522,0.2123,0.071,0.0515,74,B,,,,,0.0,NO,,0.0
2026-05-29,,Nico Hoerner,Chicago Cubs,Andre Pallante,DraftKings,595,0.1949,0.071,0.051,65,B,,,,,0.0,NO,,0.0
2026-05-29,,Tyler Freeman,Colorado Rockies,Logan Webb,FanDuel,596,0.1943,0.0708,0.0506,65,B,,,,,0.0,NO,,0.0
2026-05-29,,Luisangel Acuña,Chicago White Sox,Troy Melton,DraftKings,592,0.1949,0.071,0.0504,65,B,,,,,0.0,NO,,0.0
2026-05-29,,Aramis Garcia,Arizona Diamondbacks,George Kirby,BetMGM,627,0.1879,0.071,0.0504,61,B,,,,,0.0,NO,,0.0
2026-05-29,,Alec Burleson,St. Louis Cardinals,Shota Imanaga,BetMGM,574,0.1983,0.071,0.05,67,B,,,,,0.0,NO,,0.0
2026-05-29,,Taylor Trammell,Houston Astros,Coleman Crow,BetMGM,625,0.1879,0.071,0.05,61,B,,,,,0.0,NO,,0.0
2026-05-29,,CJ Abrams,Washington Nationals,Lucas Giolito,BetMGM,515,0.2123,0.071,0.0497,74,B,,,,,0.0,NO,,0.0
2026-05-29,,Jake Burger,Texas Rangers,Stephen Kolek,BetMGM,538,0.2065,0.0714,0.0497,70,B,,,,,0.0,NO,,0.0
2026-05-29,,TJ Rumfield,Colorado Rockies,Logan Webb,BetMGM,545,0.2047,0.0708,0.0497,70,B,,,,,0.0,NO,,0.0
2026-05-29,,Henry Davis,Pittsburgh Pirates,Taj Bradley,DraftKings,589,0.1949,0.071,0.0497,65,B,,,,,0.0,NO,,0.0
2026-05-29,,Joc Pederson,Texas Rangers,Stephen Kolek,FanDuel,625,0.1875,0.0709,0.0496,61,B,,,,,0.0,NO,,0.0
2026-05-29,,Jeremy Peña,Houston Astros,Coleman Crow,DraftKings,651,0.1827,0.071,0.0495,58,B,,,,,0.0,NO,,0.0
2026-05-29,,Austin Riley,Atlanta Braves,Chris Paddack,DraftKings,651,0.1827,0.071,0.0495,58,B,,,,,0.0,NO,,0.0
2026-05-29,,Connor Wong,Boston Red Sox,Slade Cecconi,FanDuel,579,0.1961,0.0715,0.0488,65,B,,,,,0.0,NO,,0.0
2026-05-29,,Wade Meckler,Los Angeles Angels,Nick Martinez,BetMGM,555,0.2012,0.072,0.0485,67,B,,,,,0.0,NO,,0.0
2026-05-29,,Rafael Devers,San Francisco Giants,Michael Lorenzen,DraftKings,509,0.2123,0.071,0.0481,74,B,,,,,0.0,NO,,0.0
2026-05-29,,Zach Neto,Los Angeles Angels,Nick Martinez,DraftKings,596,0.1918,0.0725,0.0481,65,B,,,,,0.0,NO,,0.0
2026-05-29,,Bobby Witt Jr.,Kansas City Royals,MacKenzie Gore,DraftKings,578,0.1949,0.071,0.0474,64,B,,,,,0.0,NO,,0.0
2026-05-29,,Derek Hill,Chicago White Sox,Troy Melton,FanDuel,578,0.1949,0.071,0.0474,64,B,,,,,0.0,NO,,0.0
2026-05-29,,Corbin Carroll,Arizona Diamondbacks,George Kirby,DraftKings,577,0.1949,0.071,0.0472,64,B,,,,,0.0,NO,,0.0
2026-05-29,,Luke Raley,Seattle Mariners,Zac Gallen,FanDuel,561,0.1983,0.071,0.0471,66,B,,,,,0.0,NO,,0.0
2026-05-29,,Curtis Mead,Washington Nationals,Lucas Giolito,FanDuel,505,0.2123,0.071,0.047,74,B,,,,,0.0,NO,,0.0
2026-05-29,,Jake Bauers,Milwaukee Brewers,Kai-Wei Teng,FanDuel,527,0.2063,0.0714,0.0468,70,B,,,,,0.0,NO,,0.0
2026-05-29,,Vladimir Guerrero Jr.,Toronto Blue Jays,Trevor Rogers,BetMGM,524,0.2071,0.0716,0.0468,70,B,,,,,0.0,NO,,0.0
2026-05-29,,Matt Chapman,San Francisco Giants,Michael Lorenzen,BetMGM,560,0.1983,0.071,0.0468,66,B,,,,,0.0,NO,,0.0
2026-05-29,,Alex Bregman,Chicago Cubs,Andre Pallante,BetMGM,636,0.1827,0.071,0.0468,58,B,,,,,0.0,NO,,0.0
2026-05-29,,Sam Antonacci,Chicago White Sox,Troy Melton,BetMGM,607,0.1879,0.071,0.0465,61,B,,,,,0.0,NO,,0.0
2026-05-29,,J.P. Crawford,Seattle Mariners,Zac Gallen,FanDuel,607,0.1879,0.071,0.0465,61,B,,,,,0.0,NO,,0.0
2026-05-29,,Masyn Winn,St. Louis Cardinals,Shota Imanaga,BetMGM,632,0.1827,0.071,0.0461,58,B,,,,,0.0,NO,,0.0
2026-05-29,,Tyler Freeman,Colorado Rockies,Logan Webb,BetMGM,572,0.1948,0.071,0.046,64,B,,,,,0.0,NO,,0.0
2026-05-29,,Miguel Vargas,Chicago White Sox,Troy Melton,DraftKings,555,0.1983,0.071,0.0457,66,B,,,,,0.0,NO,,0.0
2026-05-29,,Eugenio Suárez,Cincinnati Reds,Grant Holmes,BetMGM,557,0.1976,0.0708,0.0454,66,B,,,,,0.0,NO,,0.0
2026-05-29,,Jackson Merrill,San Diego Padres,Paxton Schultz,FanDuel,553,0.1983,0.071,0.0452,66,B,,,,,0.0,NO,,0.0
2026-05-29,,Austin Wells,New York Yankees,Luis Severino,DraftKings,594,0.1887,0.0713,0.0446,60,B,,,,,0.0,NO,,0.0
2026-05-29,,Cam Smith,Houston Astros,Coleman Crow,BetMGM,550,0.1983,0.071,0.0445,66,B,,,,,0.0,NO,,0.0
2026-05-29,,Vladimir Guerrero Jr.,Toronto Blue Jays,Trevor Rogers,FanDuel,514,0.2071,0.0716,0.0442,70,B,,,,,0.0,NO,,0.0
2026-05-29,,Pedro Pagés,St. Louis Cardinals,Shota Imanaga,DraftKings,593,0.1879,0.071,0.0436,60,B,,,,,0.0,NO,,0.0
2026-05-29,,Shea Langeliers,Athletics,Carlos Rodón,DraftKings,517,0.2053,0.071,0.0432,69,B,,,,,0.0,NO,,0.0
2026-05-29,,Christian Yelich,Milwaukee Brewers,Kai-Wei Teng,BetMGM,586,0.1888,0.0714,0.043,60,B,,,,,0.0,NO,,0.0
2026-05-29,,Jung Hoo Lee,San Francisco Giants,Michael Lorenzen,DraftKings,616,0.1827,0.071,0.043,57,B,,,,,0.0,NO,,0.0
2026-05-29,,JJ Bleday,Cincinnati Reds,Grant Holmes,BetMGM,518,0.2046,0.0708,0.0427,69,B,,,,,0.0,NO,,0.0
2026-05-29,,Iván Herrera,St. Louis Cardinals,Shota Imanaga,FanDuel,557,0.1949,0.071,0.0427,64,B,,,,,0.0,NO,,0.0
2026-05-29,,Dillon Dingler,Detroit Tigers,Erick Fedde,BetMGM,539,0.1991,0.0726,0.0426,64,B,,,,,0.0,NO,,0.0
2026-05-29,,Jarren Duran,Boston Red Sox,Slade Cecconi,DraftKings,592,0.1871,0.0707,0.0426,60,B,,,,,0.0,NO,,0.0
2026-05-29,,Edgar Quero,Chicago White Sox,Troy Melton,FanDuel,556,0.1949,0.071,0.0424,64,B,,,,,0.0,NO,,0.0
2026-05-29,,Trea Turner,Philadelphia Phillies,Justin Wrobleski,DraftKings,550,0.1961,0.0715,0.0423,64,B,,,,,0.0,NO,,0.0
2026-05-29,,JJ Bleday,Cincinnati Reds,Grant Holmes,DraftKings,516,0.2046,0.0708,0.0422,69,B,,,,,0.0,NO,,0.0
2026-05-29,,Samuel Basallo,Baltimore Orioles,TBD,BetMGM,551,0.1957,0.0713,0.0421,64,B,,,,,0.0,NO,,0.0
2026-05-29,,Xavier Edwards,Miami Marlins,Freddy Peralta,FanDuel,530,0.2004,0.0718,0.0417,86,B,,,,,0.0,NO,,0.0
2026-05-29,,Mickey Gasper,Boston Red Sox,Slade Cecconi,DraftKings,613,0.1819,0.0707,0.0416,57,B,,,,,0.0,NO,,0.0
2026-05-29,,Iván Herrera,St. Louis Cardinals,Shota Imanaga,DraftKings,552,0.1949,0.071,0.0415,64,B,,,,,0.0,NO,,0.0
2026-05-29,,Braxton Fulford,Colorado Rockies,Logan Webb,FanDuel,584,0.1874,0.0708,0.0412,60,B,,,,,0.0,NO,,0.0
2026-05-29,,Mike Trout,Los Angeles Angels,Nick Martinez,FanDuel,531,0.1994,0.0727,0.0409,84,B,,,,,0.0,NO,,0.0
2026-05-29,,Nick Fortes,Tampa Bay Rays,Walbert Ureña,DraftKings,548,0.1949,0.071,0.0405,64,B,,,,,0.0,NO,,0.0
2026-05-29,,Randy Arozarena,Seattle Mariners,Zac Gallen,BetMGM,482,0.2123,0.071,0.0404,73,B,,,,,0.0,NO,,0.0
2026-05-29,,Tyler Callihan,Pittsburgh Pirates,Taj Bradley,BetMGM,577,0.1879,0.071,0.0402,60,B,,,,,0.0,NO,,0.0
2026-05-29,,Eric Wagaman,New York Mets,Max Meyer,DraftKings,481,0.2123,0.071,0.0401,73,B,,,,,0.0,NO,,0.0
2026-05-29,,Adley Rutschman,Baltimore Orioles,Adam Macko,DraftKings,502,0.2062,0.0713,0.0401,69,B,,,,,0.0,NO,,0.0
2026-05-29,,Andrew Benintendi,Chicago White Sox,Troy Melton,DraftKings,601,0.1827,0.071,0.04,57,B,,,,,0.0,NO,,0.0
2026-05-29,,Alika Williams,Athletics,Carlos Rodón,DraftKings,480,0.2123,0.071,0.0399,73,B,,,,,0.0,NO,,0.0
2026-05-29,,Max Muncy,Los Angeles Dodgers,Zack Wheeler,DraftKings,534,0.1976,0.0708,0.0399,65,B,,,,,0.0,NO,,0.0
2026-05-29,,Ryan Waldschmidt,Arizona Diamondbacks,George Kirby,DraftKings,600,0.1827,0.071,0.0398,57,B,,,,,0.0,NO,,0.0
2026-05-29,,Elly De La Cruz,Cincinnati Reds,Grant Holmes,BetMGM,547,0.1942,0.0708,0.0396,63,B,,,,,0.0,NO,,0.0
2026-05-29,,Carter Jensen,Kansas City Royals,MacKenzie Gore,BetMGM,574,0.1879,0.071,0.0395,60,B,,,,,0.0,NO,,0.0
2026-05-29,,Xavier Edwards,Miami Marlins,Freddy Peralta,DraftKings,564,0.1899,0.0718,0.0393,80,B,,,,,0.0,NO,,0.0
2026-05-29,,Xander Bogaerts,San Diego Padres,Paxton Schultz,FanDuel,502,0.2053,0.071,0.0392,69,B,,,,,0.0,NO,,0.0
2026-05-29,,Mitch Garver,Seattle Mariners,Zac Gallen,BetMGM,542,0.1949,0.071,0.0391,63,B,,,,,0.0,NO,,0.0
2026-05-29,,Gunnar Henderson,Baltimore Orioles,Adam Macko,BetMGM,538,0.1957,0.0713,0.039,63,B,,,,,0.0,NO,,0.0
2026-05-29,,Rodolfo Durán,San Diego Padres,Paxton Schultz,BetMGM,540,0.1949,0.071,0.0386,63,B,,,,,0.0,NO,,0.0
2026-05-29,,Nick Gonzales,Pittsburgh Pirates,Taj Bradley,FanDuel,474,0.2123,0.071,0.038,73,B,,,,,0.0,NO,,0.0
2026-05-29,,Colson Montgomery,Chicago White Sox,Troy Melton,DraftKings,474,0.2123,0.071,0.038,73,B,,,,,0.0,NO,,0.0
2026-05-29,,Jung Hoo Lee,San Francisco Giants,Michael Lorenzen,BetMGM,590,0.1827,0.071,0.0378,57,B,,,,,0.0,NO,,0.0
2026-05-29,,Byron Buxton,Minnesota Twins,Jared Jones,DraftKings,565,0.1879,0.071,0.0375,59,B,,,,,0.0,NO,,0.0
2026-05-29,,Trent Grisham,New York Yankees,Luis Severino,DraftKings,558,0.1894,0.0716,0.0374,60,B,,,,,0.0,NO,,0.0
2026-05-29,,Angel Martínez,Cleveland Guardians,Tyler Samaniego,FanDuel,588,0.1827,0.071,0.0373,57,B,,,,,0.0,NO,,0.0
2026-05-29,,Brent Rooker,Athletics,Carlos Rodón,FanDuel,464,0.2145,0.0718,0.0372,93,B,,,,,0.0,NO,,0.0
2026-05-29,,Brice Turang,Milwaukee Brewers,Kai-Wei Teng,FanDuel,466,0.2133,0.0714,0.0366,72,B,,,,,0.0,NO,,0.0
2026-05-29,,Oneil Cruz,Pittsburgh Pirates,Taj Bradley,DraftKings,518,0.1983,0.071,0.0365,65,B,,,,,0.0,NO,,0.0
2026-05-29,,Nasim Nuñez,Washington Nationals,Lucas Giolito,DraftKings,583,0.1827,0.071,0.0363,57,B,,,,,0.0,NO,,0.0
2026-05-29,,Freddie Freeman,Los Angeles Dodgers,Zack Wheeler,FanDuel,487,0.2065,0.0714,0.0362,69,B,,,,,0.0,NO,,0.0
2026-05-29,,Julio Rodríguez,Seattle Mariners,Zac Gallen,BetMGM,530,0.1949,0.071,0.0361,63,B,,,,,0.0,NO,,0.0
2026-05-29,,Alec Bohm,Philadelphia Phillies,Justin Wrobleski,BetMGM,463,0.2136,0.0715,0.036,72,B,,,,,0.0,NO,,0.0
2026-05-29,,Brandon Lowe,Pittsburgh Pirates,Taj Bradley,BetMGM,529,0.1949,0.071,0.0359,63,B,,,,,0.0,NO,,0.0
2026-05-29,,Jazz Chisholm Jr.,New York Yankees,Luis Severino,BetMGM,512,0.1992,0.0713,0.0358,65,B,,,,,0.0,NO,,0.0
2026-05-29,,Shea Langeliers,Athletics,Carlos Rodón,BetMGM,528,0.1949,0.071,0.0356,63,B,,,,,0.0,NO,,0.0
2026-05-29,,Adam Frazier,Los Angeles Angels,Nick Martinez,DraftKings,489,0.2053,0.071,0.0355,69,B,,,,,0.0,NO,,0.0
2026-05-29,,Eric Haase,San Francisco Giants,Michael Lorenzen,BetMGM,527,0.1949,0.071,0.0354,63,B,,,,,0.0,NO,,0.0
2026-05-29,,Julio Rodríguez,Seattle Mariners,Zac Gallen,DraftKings,527,0.1949,0.071,0.0354,63,B,,,,,0.0,NO,,0.0
2026-05-29,,Braden Shewmake,Houston Astros,Coleman Crow,FanDuel,579,0.1827,0.071,0.0354,56,B,,,,,0.0,NO,,0.0
2026-05-29,,Alec Burleson,St. Louis Cardinals,Shota Imanaga,FanDuel,513,0.1983,0.071,0.0352,65,B,,,,,0.0,NO,,0.0
2026-05-29,,Michael Busch,Chicago Cubs,Andre Pallante,FanDuel,487,0.2053,0.071,0.0349,68,B,,,,,0.0,NO,,0.0
2026-05-29,,Trent Grisham,New York Yankees,Luis Severino,BetMGM,547,0.1894,0.0716,0.0348,59,B,,,,,0.0,NO,,0.0
2026-05-29,,Jonathan Aranda,Tampa Bay Rays,Walbert Ureña,FanDuel,486,0.2053,0.071,0.0347,68,B,,,,,0.0,NO,,0.0
2026-05-29,,Sandy León,Atlanta Braves,Chris Paddack,FanDuel,524,0.1949,0.071,0.0346,63,B,,,,,0.0,NO,,0.0
2026-05-29,,Ezequiel Duran,Texas Rangers,Stephen Kolek,BetMGM,512,0.1979,0.0709,0.0345,65,B,,,,,0.0,NO,,0.0
2026-05-29,,Jordan Walker,St. Louis Cardinals,Shota Imanaga,FanDuel,485,0.2053,0.071,0.0344,68,B,,,,,0.0,NO,,0.0
2026-05-29,,Nathaniel Lowe,Cincinnati Reds,Grant Holmes,FanDuel,577,0.182,0.0708,0.0343,56,B,,,,,0.0,NO,,0.0
2026-05-29,,Oswald Peraza,Los Angeles Angels,Nick Martinez,BetMGM,560,0.1856,0.0721,0.0341,56,B,,,,,0.0,NO,,0.0
2026-05-29,,Nick Kurtz,Athletics,Carlos Rodón,DraftKings,521,0.1949,0.071,0.0338,63,B,,,,,0.0,NO,,0.0
2026-05-29,,Nathaniel Lowe,Cincinnati Reds,Grant Holmes,DraftKings,574,0.182,0.0708,0.0337,56,B,,,,,0.0,NO,,0.0
2026-05-29,,Max Muncy,Los Angeles Dodgers,Zack Wheeler,FanDuel,568,0.1833,0.0712,0.0336,56,B,,,,,0.0,NO,,0.0
2026-05-29,,Miguel Amaya,Chicago Cubs,Andre Pallante,DraftKings,519,0.1949,0.071,0.0333,63,B,,,,,0.0,NO,,0.0
2026-05-29,,Christian Vázquez,Houston Astros,Coleman Crow,BetMGM,547,0.1879,0.071,0.0333,59,B,,,,,0.0,NO,,0.0
2026-05-29,,Carson Benge,New York Mets,Max Meyer,DraftKings,547,0.1879,0.071,0.0333,59,B,,,,,0.0,NO,,0.0
2026-05-29,,Connor Norby,Miami Marlins,Freddy Peralta,BetMGM,458,0.2123,0.071,0.0331,72,B,,,,,0.0,NO,,0.0
2026-05-29,,Hao-Yu  Lee,Detroit Tigers,Erick Fedde,DraftKings,454,0.2136,0.0715,0.0331,72,B,,,,,0.0,NO,,0.0
2026-05-29,,Adrian Del Castillo,Arizona Diamondbacks,George Kirby,FanDuel,504,0.1983,0.071,0.0328,64,B,,,,,0.0,NO,,0.0
2026-05-29,,Sung-Mun Song,San Diego Padres,Paxton Schultz,FanDuel,517,0.1949,0.071,0.0328,63,B,,,,,0.0,NO,,0.0
2026-05-29,,Ketel Marte,Arizona Diamondbacks,George Kirby,DraftKings,544,0.1879,0.071,0.0326,59,B,,,,,0.0,NO,,0.0
2026-05-29,,Colt Emerson,Seattle Mariners,Zac Gallen,BetMGM,503,0.1983,0.071,0.0325,64,B,,,,,0.0,NO,,0.0
2026-05-29,,Mookie Betts,Los Angeles Dodgers,Zack Wheeler,DraftKings,438,0.2181,0.073,0.0323,92,B,,,,,0.0,NO,,0.0
2026-05-29,,Sal Stewart,Cincinnati Reds,Grant Holmes,DraftKings,458,0.2115,0.0708,0.0323,72,B,,,,,0.0,NO,,0.0
2026-05-29,,Jorge Mateo,Atlanta Braves,Chris Paddack,FanDuel,642,0.167,0.071,0.0323,48,C,,,,,0.0,NO,,0.0
2026-05-29,,Colton Cowser,Baltimore Orioles,Adam Macko,FanDuel,638,0.1678,0.0713,0.0323,48,C,,,,,0.0,NO,,0.0
2026-05-29,,Alex Jackson,Minnesota Twins,Jared Jones,BetMGM,542,0.1879,0.071,0.0321,59,B,,,,,0.0,NO,,0.0
2026-05-29,,Byron Buxton,Minnesota Twins,Jared Jones,BetMGM,542,0.1879,0.071,0.0321,59,B,,,,,0.0,NO,,0.0
2026-05-29,,Jarren Duran,Boston Red Sox,Slade Cecconi,FanDuel,539,0.1886,0.0713,0.0321,59,B,,,,,0.0,NO,,0.0
2026-05-29,,A.J. Ewing,New York Mets,Max Meyer,DraftKings,501,0.1983,0.071,0.032,64,B,,,,,0.0,NO,,0.0
2026-05-29,,Brooks Lee,Minnesota Twins,Jared Jones,DraftKings,563,0.1827,0.071,0.0319,56,B,,,,,0.0,NO,,0.0
2026-05-29,,Luis Rengifo,Milwaukee Brewers,Kai-Wei Teng,FanDuel,624,0.1696,0.0721,0.0315,44,C,,,,,0.0,NO,,0.0
2026-05-29,,Michael Massey,Kansas City Royals,MacKenzie Gore,BetMGM,453,0.2123,0.071,0.0314,72,B,,,,,0.0,NO,,0.0
2026-05-29,,Chase Meidroth,Chicago White Sox,Troy Melton,DraftKings,499,0.1983,0.071,0.0314,64,B,,,,,0.0,NO,,0.0
2026-05-29,,Masyn Winn,St. Louis Cardinals,Shota Imanaga,FanDuel,561,0.1827,0.071,0.0314,56,B,,,,,0.0,NO,,0.0
2026-05-29,,TJ Rumfield,Colorado Rockies,Logan Webb,FanDuel,475,0.2052,0.071,0.0313,68,B,,,,,0.0,NO,,0.0
2026-05-29,,Masataka Yoshida,Boston Red Sox,Slade Cecconi,BetMGM,496,0.199,0.0713,0.0313,64,B,,,,,0.0,NO,,0.0
2026-05-29,,Bo Bichette,New York Mets,Max Meyer,DraftKings,511,0.1949,0.071,0.0312,62,B,,,,,0.0,NO,,0.0
2026-05-29,,Luis García Jr.,Washington Nationals,Lucas Giolito,FanDuel,510,0.1949,0.071,0.0309,62,B,,,,,0.0,NO,,0.0
2026-05-29,,Endy Rodríguez,Pittsburgh Pirates,Taj Bradley,DraftKings,537,0.1879,0.071,0.0309,59,B,,,,,0.0,NO,,0.0
2026-05-29,,Kevin McGonigle,Detroit Tigers,Erick Fedde,DraftKings,532,0.1891,0.0715,0.0309,59,B,,,,,0.0,NO,,0.0
2026-05-29,,Jonathan Aranda,Tampa Bay Rays,Walbert Ureña,DraftKings,509,0.1949,0.071,0.0307,62,B,,,,,0.0,NO,,0.0
2026-05-29,,Vaughn Grissom,Los Angeles Angels,Nick Martinez,DraftKings,463,0.2082,0.072,0.0306,68,B,,,,,0.0,NO,,0.0
2026-05-29,,Nick Allen,Houston Astros,Coleman Crow,BetMGM,633,0.167,0.071,0.0306,47,C,,,,,0.0,NO,,0.0
2026-05-29,,Dominic Canzone,Seattle Mariners,Zac Gallen,DraftKings,632,0.167,0.071,0.0304,47,C,,,,,0.0,NO,,0.0
2026-05-29,,Josh Naylor,Seattle Mariners,Zac Gallen,DraftKings,471,0.2053,0.071,0.0302,68,B,,,,,0.0,NO,,0.0
2026-05-29,,Jo Adell,Los Angeles Angels,Nick Martinez,FanDuel,442,0.2145,0.0718,0.03,88,B,,,,,0.0,NO,,0.0
2026-05-29,,Tim Tawa,Arizona Diamondbacks,George Kirby,BetMGM,630,0.167,0.071,0.03,47,C,,,,,0.0,NO,,0.0
2026-05-29,,Yandy Díaz,Tampa Bay Rays,Walbert Ureña,DraftKings,532,0.1879,0.071,0.0297,59,B,,,,,0.0,NO,,0.0
2026-05-29,,Josh Jung,Texas Rangers,Stephen Kolek,BetMGM,623,0.168,0.0714,0.0296,47,C,,,,,0.0,NO,,0.0
2026-05-29,,Alex Bregman,Chicago Cubs,Andre Pallante,FanDuel,447,0.2123,0.071,0.0294,71,B,,,,,0.0,NO,,0.0
2026-05-29,,Chase Meidroth,Chicago White Sox,Troy Melton,BetMGM,491,0.1983,0.071,0.0291,64,B,,,,,0.0,NO,,0.0
2026-05-29,,Ildemaro Vargas,Arizona Diamondbacks,George Kirby,DraftKings,625,0.167,0.071,0.0291,47,C,,,,,0.0,NO,,0.0
2026-05-29,,Coby Mayo,Baltimore Orioles,Adam Macko,BetMGM,654,0.1614,0.0724,0.0287,43,C,,,,,0.0,NO,,0.0
2026-05-29,,Yohel Pozo,St. Louis Cardinals,Shota Imanaga,BetMGM,501,0.1949,0.071,0.0285,62,B,,,,,0.0,NO,,0.0
2026-05-29,,Ozzie Albies,Atlanta Braves,Chris Paddack,FanDuel,442,0.2123,0.071,0.0278,71,B,,,,,0.0,NO,,0.0
2026-05-29,,Alec Bohm,Philadelphia Phillies,Justin Wrobleski,DraftKings,440,0.213,0.0713,0.0278,71,B,,,,,0.0,NO,,0.0
2026-05-29,,Dominic Canzone,Seattle Mariners,Zac Gallen,FanDuel,615,0.167,0.071,0.0272,47,C,,,,,0.0,NO,,0.0
2026-05-29,,Mookie Betts,Los Angeles Dodgers,Zack Wheeler,BetMGM,424,0.218,0.0729,0.0271,92,B,,,,,0.0,NO,,0.0
2026-05-29,,Jorge Mateo,Atlanta Braves,Chris Paddack,DraftKings,662,0.1583,0.071,0.0271,42,C,,,,,0.0,NO,,0.0
2026-05-29,,Jeff McNeil,Athletics,Carlos Rodón,BetMGM,483,0.1983,0.071,0.0268,64,B,,,,,0.0,NO,,0.0
2026-05-29,,Ronald Acuña Jr.,Atlanta Braves,Chris Paddack,DraftKings,520,0.1879,0.071,0.0266,58,B,,,,,0.0,NO,,0.0
2026-05-29,,Starling Marte,Kansas City Royals,MacKenzie Gore,BetMGM,482,0.1983,0.071,0.0265,64,B,,,,,0.0,NO,,0.0
2026-05-29,,Willy Adames,San Francisco Giants,Michael Lorenzen,FanDuel,519,0.1879,0.071,0.0264,58,B,,,,,0.0,NO,,0.0
2026-05-29,,Ceddanne Rafaela,Boston Red Sox,Slade Cecconi,DraftKings,491,0.1955,0.0713,0.0263,62,B,,,,,0.0,NO,,0.0
2026-05-29,,Blake Dunn,Cincinnati Reds,Grant Holmes,BetMGM,521,0.1872,0.0708,0.0262,58,B,,,,,0.0,NO,,0.0
2026-05-29,,Bryce Eldridge,San Francisco Giants,Michael Lorenzen,DraftKings,656,0.1583,0.071,0.0261,42,C,,,,,0.0,NO,,0.0
2026-05-29,,Owen Caissie,Miami Marlins,Freddy Peralta,BetMGM,609,0.167,0.071,0.026,47,C,,,,,0.0,NO,,0.0
2026-05-29,,Taylor Ward,Baltimore Orioles,Adam Macko,BetMGM,517,0.188,0.071,0.0259,66,B,,,,,0.0,NO,,0.0
2026-05-29,,Michael Harris II,Atlanta Braves,Chris Paddack,FanDuel,492,0.1949,0.071,0.0259,62,B,,,,,0.0,NO,,0.0
2026-05-29,,Oliver Dunn,Tampa Bay Rays,Walbert Ureña,BetMGM,538,0.1827,0.071,0.0259,55,B,,,,,0.0,NO,,0.0
2026-05-29,,Weston Wilson,Baltimore Orioles,TBD,BetMGM,650,0.159,0.0713,0.0257,42,C,,,,,0.0,NO,,0.0
2026-05-29,,Angel Martínez,Cleveland Guardians,Tyler Samaniego,DraftKings,654,0.1583,0.071,0.0257,42,C,,,,,0.0,NO,,0.0
2026-05-29,,Jorbit Vivas,Washington Nationals,Lucas Giolito,BetMGM,607,0.167,0.071,0.0256,47,C,,,,,0.0,NO,,0.0
2026-05-29,,Blaze Alexander,Baltimore Orioles,TBD,DraftKings,533,0.1835,0.0713,0.0255,55,B,,,,,0.0,NO,,0.0
2026-05-29,,Jhostynxon Garcia,Pittsburgh Pirates,Taj Bradley,BetMGM,652,0.1583,0.071,0.0253,42,C,,,,,0.0,NO,,0.0
2026-05-29,,Isaac Paredes,Houston Astros,Coleman Crow,DraftKings,489,0.1949,0.071,0.0251,62,B,,,,,0.0,NO,,0.0
2026-05-29,,Jackson Merrill,San Diego Padres,Paxton Schultz,DraftKings,476,0.1983,0.071,0.0247,63,B,,,,,0.0,NO,,0.0
2026-05-29,,Oliver Dunn,Tampa Bay Rays,Walbert Ureña,DraftKings,533,0.1827,0.071,0.0247,55,B,,,,,0.0,NO,,0.0
2026-05-29,,Sal Stewart,Cincinnati Reds,Grant Holmes,FanDuel,434,0.2115,0.0708,0.0242,71,B,,,,,0.0,NO,,0.0
2026-05-29,,Mike Yastrzemski,Atlanta Braves,Chris Paddack,BetMGM,600,0.167,0.071,0.0242,47,C,,,,,0.0,NO,,0.0
2026-05-29,,Victor Caratini,Minnesota Twins,Jared Jones,BetMGM,600,0.167,0.071,0.0242,47,C,,,,,0.0,NO,,0.0
2026-05-29,,Colton Cowser,Baltimore Orioles,Adam Macko,BetMGM,584,0.1702,0.0724,0.024,47,C,,,,,0.0,NO,,0.0
2026-05-29,,Michael Conforto,Chicago Cubs,Andre Pallante,FanDuel,599,0.167,0.071,0.024,47,C,,,,,0.0,NO,,0.0
2026-05-29,,Zack Gelof,Athletics,Carlos Rodón,DraftKings,598,0.167,0.071,0.0238,47,C,,,,,0.0,NO,,0.0
2026-05-29,,Munetaka Murakami,Chicago White Sox,Troy Melton,BetMGM,483,0.1949,0.071,0.0233,61,B,,,,,0.0,NO,,0.0
2026-05-29,,Ildemaro Vargas,Arizona Diamondbacks,George Kirby,BetMGM,596,0.167,0.071,0.0233,47,C,,,,,0.0,NO,,0.0
2026-05-29,,James Wood,Washington Nationals,Lucas Giolito,BetMGM,507,0.1879,0.071,0.0232,58,B,,,,,0.0,NO,,0.0
2026-05-29,,Dalton Rushing,Los Angeles Dodgers,Zack Wheeler,DraftKings,508,0.1872,0.0708,0.0228,58,B,,,,,0.0,NO,,0.0
2026-05-29,,Josh Naylor,Seattle Mariners,Zac Gallen,BetMGM,447,0.2053,0.071,0.0225,67,B,,,,,0.0,NO,,0.0
2026-05-29,,Edgar Quero,Chicago White Sox,Troy Melton,BetMGM,478,0.1949,0.071,0.0219,61,B,,,,,0.0,NO,,0.0
2026-05-29,,Miguel Rojas,Los Angeles Dodgers,Zack Wheeler,BetMGM,592,0.1664,0.0708,0.0219,46,C,,,,,0.0,NO,,0.0
2026-05-29,,Anthony Volpe,New York Yankees,Luis Severino,DraftKings,629,0.159,0.0713,0.0219,42,C,,,,,0.0,NO,,0.0
2026-05-29,,Matt McLain,Cincinnati Reds,Grant Holmes,DraftKings,427,0.2115,0.0708,0.0217,71,B,,,,,0.0,NO,,0.0
2026-05-29,,Konnor Griffin,Pittsburgh Pirates,Taj Bradley,DraftKings,521,0.1827,0.071,0.0217,55,B,,,,,0.0,NO,,0.0
2026-05-29,,Freddy Fermin,San Diego Padres,Paxton Schultz,DraftKings,660,0.1531,0.071,0.0215,39,D,,,,,0.0,NO,,0.0
2026-05-29,,Samuel Basallo,Baltimore Orioles,Adam Macko,BetMGM,453,0.2021,0.0724,0.0213,63,B,,,,,0.0,NO,,0.0
2026-05-29,,Geraldo Perdomo,Arizona Diamondbacks,George Kirby,BetMGM,443,0.2053,0.071,0.0211,67,B,,,,,0.0,NO,,0.0
2026-05-29,,Christopher Morel,Miami Marlins,Freddy Peralta,FanDuel,442,0.2053,0.071,0.0208,67,B,,,,,0.0,NO,,0.0
2026-05-29,,Miguel Vargas,Chicago White Sox,Troy Melton,BetMGM,442,0.2053,0.071,0.0208,67,B,,,,,0.0,NO,,0.0
2026-05-29,,Gavin Sheets,San Diego Padres,Paxton Schultz,BetMGM,474,0.1949,0.071,0.0206,61,B,,,,,0.0,NO,,0.0
2026-05-29,,Tristan Peters,Chicago White Sox,Troy Melton,DraftKings,583,0.167,0.071,0.0206,46,C,,,,,0.0,NO,,0.0
2026-05-29,,Riley Greene,Detroit Tigers,Erick Fedde,BetMGM,417,0.2136,0.0715,0.0202,70,B,,,,,0.0,NO,,0.0
2026-05-29,,Brandon Marsh,Philadelphia Phillies,Justin Wrobleski,BetMGM,576,0.1681,0.0715,0.0202,46,C,,,,,0.0,NO,,0.0
2026-05-29,,Pete Crow-Armstrong,Chicago Cubs,Andre Pallante,FanDuel,496,0.1879,0.071,0.0201,57,B,,,,,0.0,NO,,0.0
2026-05-29,,Carson Benge,New York Mets,Max Meyer,BetMGM,495,0.1879,0.071,0.0198,57,B,,,,,0.0,NO,,0.0
2026-05-29,,Luke Keaschall,Minnesota Twins,Jared Jones,DraftKings,419,0.2123,0.071,0.0196,70,B,,,,,0.0,NO,,0.0
2026-05-29,,Luis Torrens,New York Mets,Max Meyer,BetMGM,648,0.1531,0.071,0.0194,39,D,,,,,0.0,NO,,0.0
2026-05-29,,Elly De La Cruz,Cincinnati Reds,Grant Holmes,FanDuel,472,0.1942,0.0708,0.0193,61,B,,,,,0.0,NO,,0.0
2026-05-29,,Paul Goldschmidt,New York Yankees,Luis Severino,BetMGM,506,0.1841,0.0716,0.0191,55,B,,,,,0.0,NO,,0.0
2026-05-29,,Spencer Steer,Cincinnati Reds,Grant Holmes,DraftKings,579,0.1664,0.0708,0.0191,46,C,,,,,0.0,NO,,0.0
2026-05-29,,Mike Yastrzemski,Atlanta Braves,Chris Paddack,DraftKings,574,0.167,0.071,0.0187,4,,,,,,0.0,,,0.0
